,RMT_00,RMT_01,RMT_02,RMT_03,RMT_04,RMT_05,RMT_06,RMT_07,RMT_08,RMT_09,RMT_10,RMT_11,RMT_12,RMT_13,RMT_14,RMT_15,RMT_16,RMT_17,RMT_18,RMT_19,RMT_20,RMT_21,RMT_22,RMT_23,RMT_24,RMT_25,RMT_26,RMT_27,RMT_28,RMT_29,RMT_30,RMT_31,RMT_32,RMT_33,RMT_34,RMT_35,RMT_36,RMT_37,RMT_38,RMT_39,RMT_40,RMT_41,RMT_42,RMT_43,RMT_44,RMT_45,RMT_46,RMT_47,RMT_48,RMT_49
2024-06-26,100.30518181416971,98.96540503023178,100.75327413797561,100.94500192702154,98.06787432610396,98.70626216882711,100.12792215384378,99.68425692783855,99.98320025381113,99.15058416839138,100.88327603838889,100.78082459439648,100.0660525026254,101.13361851066666,100.46860387218936,99.14438890268858,100.3694315062519,99.04570001936922,100.88231999878997,99.95008654992286,99.81530840167893,99.32138352771001,101.23004492225702,99.845589853258,99.57258819313694,99.64848571260771,100.53372846810475,100.36611262534237,100.41358552565383,100.43175037084904,102.16474547005316,99.59440973176469,99.48906699671657,99.18952943856955,100.61788047718458,101.13536923548128,99.8861174378094,99.16336297437012,99.17890830895581,100.6527137397946,100.746023160978,100.54463202538986,99.3366999041204,100.23243102614138,100.1167539135178,100.21892789464799,100.87523677180418,100.22384571003691,100.68122340552168,100.06760190928674
2024-06-27,100.59560318264012,99.59213814461584,99.29578666094908,100.62282503925708,97.60767304162367,98.07765986355265,99.85280658786357,101.18567274622836,99.1212514906005,100.11530084739435,99.19974741031125,100.44388918774092,100.22904567241409,101.72822752947073,101.1857103904971,99.93407651140306,100.02002771711358,98.58881746600521,101.75158970263074,99.75906049044538,98.5500655870701,98.2021410822222,100.30354883193786,100.34321891386142,99.7145062247059,100.33892485942712,100.10511174292898,100.52535895120558,101.04373228460159,100.1215482733976,102.63247615460511,98.93734553615974,99.1285229925329,98.81160721293195,99.42181772156664,101.62907177410183,99.41834838335886,99.17575333669167,99.65685553413321,101.10316443910403,101.41860735302033,100.44565890247108,98.91709804052927,100.15255936573857,98.44162173528608,98.77909044966992,99.54974586249656,99.22933369994361,101.0845266018334,99.16560061206748
2024-06-28,100.21590666790563,100.89450945415047,98.94266095163256,101.36767736406031,96.70063128860077,97.87637833903116,98.90867473422747,100.8432007223054,99.95768481965872,98.400838565238,99.63163199254411,100.68296414324938,99.63530045709261,100.26776353183531,101.25872147338045,99.40633128166122,100.25302148362043,98.61036359192738,103.39454834280201,99.52056710278246,97.54655236336352,98.3783514981644,100.5244562186402,101.7163822711245,100.55072007809565,100.69764514704448,101.5807227360793,99.33742547037716,100.39936682523984,99.19813078368664,102.23318344799964,97.58462155193942,99.76014249011185,98.59226919403034,97.97021665662096,100.60217149912754,99.73052777956163,100.01046475717705,101.66673390880405,104.09251284196992,101.83976769033838,99.4566123843632,96.83046278692301,100.42103846129993,97.64459341215083,98.36965522405228,98.94226613325326,99.08972614186257,102.16783132076719,99.32146112354269
2024-07-01,100.05705535774712,99.8549839146487,97.29948250139984,100.8759150404939,96.6486372055617,99.62215065454383,99.0376115045776,101.83911229300979,99.45984438089864,97.24172494732136,98.67469561619569,99.95542638023056,101.77873795836379,99.44755064978406,102.11133445935374,98.51280451836838,101.19131523640512,98.990696717605,103.23272007127366,99.48000827257054,96.90991612368396,98.8181702016667,100.06812545115508,100.47734876997761,99.2739203729519,100.87158717428424,103.19750669841827,99.49648422667592,100.28032532539748,99.48207056521414,103.5771073370942,97.79894013842723,99.3510420273793,99.68903987633954,98.39117206013312,102.1591000874299,99.91343597510235,98.79333448660314,100.28524318206217,105.82526913469772,103.61036057034711,99.27822882054508,96.46013071643614,101.89941248979231,96.56958455555169,97.49344104813392,99.58084009888995,98.69948347144644,102.16259855462495,99.1592598379749
2024-07-02,100.39539326093907,101.27036192976486,97.38766107925127,101.52759013302976,94.68734741465808,99.57362815542932,98.20600748132885,100.60541738124962,98.59025913321807,96.91735974198639,99.58261112571691,98.63837880445678,101.8099190803219,98.96721975335477,101.77729067472396,99.50561881700357,101.73730904556577,100.323488925349,103.07334281108407,98.79008801404956,96.69321737213508,99.05809187721005,100.2449751898186,99.3936706418999,99.36379378370472,101.10206762407346,105.8284549066418,101.38151282429016,99.42833008295318,99.19658606065084,102.07235389649314,97.22293785727784,99.66509420865552,100.89842080068432,97.67642663964753,101.49301094541094,97.79087602969183,98.63276203335961,99.22543803538267,105.26646899520351,102.70581356112285,99.1846907188701,94.7794378921085,100.41541408349504,98.64783669018964,96.24633347028212,98.49461945027787,100.52926190873002,105.17402079822995,98.00432168554458
2024-07-03,100.02636815516428,101.61684785650897,99.08583513984063,100.53058551994386,94.45538492113631,100.35066757990576,98.6339033840427,100.22769485426939,98.45841096696113,95.5939655182921,99.34571371815034,98.37596817269893,102.04656566183345,98.41915104020946,102.25834308983947,100.51844784201379,101.89556161459608,100.67700461931604,103.12814636893586,98.79017138609403,95.99803079779795,99.37210170314856,100.14749768733746,101.49607411761788,100.93950214213652,101.49292002691577,105.02399639424524,100.25998282472459,100.61974527246676,99.45756703449604,102.5636260319835,95.54150973314167,100.59372623411933,101.3579670908487,96.59779742508458,101.01557272539503,98.04910774514364,98.6845250637438,98.93595299831865,105.15758689940134,102.44734392411046,99.33612486114536,96.18442147150202,97.87088771963106,98.41446550728506,96.4163702278236,98.78658949774359,100.15607332673626,103.34253997705225,98.32629918168521
2024-07-04,101.76918276165168,100.07007921591273,99.94547389607649,100.20085910333876,94.39747853140538,99.29961983835432,98.30456725564251,101.53920622831016,99.03375857845525,97.26437747445769,100.5223352104507,98.80887366386109,103.84179930425222,98.85215411171015,103.10854500886681,100.22078093773436,101.96339141384037,99.97730198706624,104.15375218305026,97.63295437134073,96.75201728260164,99.18282822366217,101.32736845617126,102.26104503352495,102.79408477441659,102.23732123480518,103.38588650181573,100.19287805197028,99.44735827059723,98.94343199285504,104.1253677304972,96.15256493319411,99.89309737852228,100.3356741113281,96.6294693958367,99.79410254760953,97.39326396906549,98.99291097534682,100.08560019017303,105.79969825383111,100.12666692413197,99.63893156279272,96.25373150743177,98.27680526328592,100.01797274190247,94.44745235188655,98.20438100597315,100.74965392214854,101.72093754188354,99.7883079702942
2024-07-05,102.14474756027185,100.92085265575442,99.37646744670646,101.01958403680105,95.41149633806579,99.53113629788089,98.5352643112041,101.81408199418162,98.18243552976944,97.12099041654919,100.36913286285734,99.18842795192634,104.88524239836445,97.81128708819531,102.97973054820382,101.71655954786823,101.20801556108981,99.15860906813857,104.36467495571726,98.46084294440001,96.76307285344822,100.50972637099524,102.19926509698148,103.12553264107378,103.36526480044212,104.64496348857719,103.17399570471144,98.20546699703364,101.05561260625255,98.49160326518741,104.23775925321546,97.4200123257217,98.30530494132331,99.08765215070974,95.09448549939569,99.00473982035408,97.82238300027181,99.51318218784581,100.36249317651627,104.31550498556692,97.84014949332132,99.69310361543452,95.80069896045943,98.72931350701374,100.72252244153017,94.57810815197762,98.95370933553681,100.9808484491753,102.26155587768918,99.0875982013138
2024-07-08,101.96144859723107,101.11963628551482,100.19523417330693,100.62261037966739,95.91004783029776,99.26689531070747,98.41951186824242,102.66216182057259,96.24497186048711,95.86997073602365,98.89244687804481,96.90054978121272,104.17625023512235,98.5470716972564,102.68677519396405,101.91794390783886,102.31641646462234,100.48390257075151,104.29254431256096,99.80265582905683,96.8522585146431,99.67157394221474,101.59359414369489,101.60996840157281,102.45130748053053,104.27098690480501,104.00642664374375,99.90998036219919,99.66844925017368,98.87926626159651,103.15874312116522,97.8835616449156,98.17652423522564,97.28995781846926,95.98135476909681,98.40756870497835,97.30150079722189,98.4543112682546,99.7079816821166,104.76281738056437,97.65516763629653,100.0212959923089,96.14805081819954,100.0418416442165,100.37785066485532,93.19158763818368,100.01542083810122,100.64666307898497,103.40773117895283,99.46820649118166
2024-07-09,101.82782650528593,101.47293294968694,102.16924980695039,102.73437698085087,95.9766143998393,99.42603897182903,99.48446261217859,101.79764850087294,96.56606979108217,95.84517923729078,99.20336613453259,96.09636638754525,102.53339020214018,96.52523578850524,101.54575613642001,101.45154194118187,102.01687267296171,102.44948551624525,105.45241516218135,98.84706752943573,97.18960816062187,99.26665737963393,101.30510906819896,101.79845233597493,103.08762429749811,103.91783811782878,105.11880715489656,98.77555962429938,99.67476749558381,101.48147915516643,103.38912625332355,99.29654440021118,98.26641669372462,97.8566395956609,95.92686896069279,98.24001754794827,96.54600104584047,98.8788743027498,98.86253588888853,105.46242889893207,98.72077848849639,100.38857814708322,95.87322177537982,100.49702958675071,100.06848898981451,94.06752989492688,98.20040323729235,100.3094516316655,101.36943431197412,97.99215770487307
2024-07-10,103.22613157270624,102.38538136351,101.43680032432943,101.2023277840163,93.17312049724747,98.88712871936876,101.92177705370804,102.24131448047127,96.02722185470033,96.29197437020717,97.66686616510192,95.8110737705411,102.63543857686747,96.44216269968707,102.35196978416351,101.80179305260155,102.70096140108524,101.7466734117896,106.40344605667968,100.47040964872689,96.25128258394918,98.38937115123552,102.66740526022417,101.60385335497854,104.54499593357095,103.45898062611182,106.65951553016973,98.90552089727255,99.93248908734236,103.08186626862341,103.01577066998952,98.36642631888176,97.82661585194126,98.3002810134559,94.43658289833158,98.86826940846217,96.02723761305413,100.02035705028214,96.52362102130483,104.63615139568982,97.06984436905698,99.56255525490296,96.11096133239873,100.31707346475905,99.81525883481291,93.91790773796728,98.40033455919645,99.30287901420667,102.08850216472231,98.64367469416972
2024-07-11,103.6243575093139,102.95677878533702,101.7379233308517,103.28296881553752,93.09200746779422,98.58392871840405,101.15665467760661,101.19134410671629,94.83959533615379,95.43992598973611,97.59785924140016,96.13190147963917,102.68794187744972,95.70668269322059,103.27748584369618,102.55731819313856,102.53713186483995,101.08451696988709,106.98859535801036,100.65944509479878,94.86748527891912,98.32250853412954,102.93678340880771,100.69382864440448,104.74365621293514,101.96473180171226,108.0942491603923,100.14754613827768,99.68046057156292,103.45720345957257,100.56284647855989,97.23551965749165,97.53964361463531,97.25200076128863,95.11365011749562,100.86281410461402,94.90398811881305,99.18622083127573,96.75115206598758,106.3356147315333,95.89051015017228,99.81081097668621,97.87746700965329,98.67368678523782,98.5447119586864,93.5209067310431,97.88940489349041,100.11310297462737,102.33550728876027,96.90823416178577
2024-07-12,104.15982697513606,102.363877117555,103.04281689129073,102.63680751073692,92.50125193608008,99.11884351109353,101.93135703182845,101.64579932105093,93.25437937318067,95.9548095443529,96.59359924889014,96.3583431565672,101.2362965956803,96.13479748965321,102.44780138563875,101.25028265783035,103.27168112070211,101.3290775320052,106.33372264286407,102.13084416562397,94.45036909897344,98.35408267319929,103.21396678665435,100.07179255384185,105.23830591454757,101.42224678263321,107.6502063589161,101.52153935325063,98.64857772742455,100.99088151541913,102.19596954984513,99.74623920111064,97.14514534749803,95.38651108913061,94.8187954498211,100.57453434102061,94.7239138753833,98.08801828194656,97.3135121845271,106.89481812286077,94.46817120438412,100.51113035694658,99.90734530526679,98.84351235952433,98.21285588106534,93.38819828477214,98.49353264395153,98.39538086691935,102.50387570167945,96.53058022437845
2024-07-15,106.10241081286178,102.18574233049753,104.77586776323268,101.51019218865403,93.04607220518625,99.43593548546428,101.04936340051162,101.82627505087558,94.39198921848208,95.64461828896694,94.97302008577014,96.34142139397547,100.32682668018109,95.80625141627289,102.36425059764369,99.5379497036081,101.6165700657728,101.8187306890231,105.77934657025581,99.54475417441017,95.19457379135146,98.62233460020086,102.47977199674085,98.76265543074868,106.12158208938831,101.77718566278679,110.24588215687399,101.9490187677849,99.03178373293528,100.82244015425927,103.03409972944193,100.3716909477835,98.36877770586483,94.89053329179546,94.40684481142135,100.09383100981846,95.47596190183155,99.56881027665723,96.86802121339673,106.44172002123189,94.76534064041647,100.26441598395026,100.86305907104823,96.64264886206388,97.40427215118402,92.6603648243492,96.23444285816913,97.45175900296962,101.57008455476986,96.33664780343597
2024-07-16,107.28989031871008,101.9356318712477,103.7013712857956,101.45239398532115,94.02742610167176,98.47020195294537,100.13340982743944,102.396615984338,94.18310833073826,96.26591176938825,94.96006019978176,97.01979128020504,99.29372160076466,95.79467426489914,102.14880638277731,98.33500487576539,100.04017282494195,102.51935115593389,105.4087621014501,98.53231159863124,95.10306067749468,99.74111127499661,100.16892935394795,97.29554140162692,105.14670581616798,103.2752504402838,110.55786327045047,102.73430011188958,97.90907454534198,99.69999159713036,103.49653521289967,100.43019892504235,98.91004909970185,94.71261828731407,94.66979705066144,100.25222365095436,96.22143807524955,100.37558983220029,95.31152393307552,104.07636618926767,95.71941881754887,101.46238179954193,99.83886295327108,94.86186580817233,97.50078408008218,93.5269097295461,97.97998985666474,97.95620115942828,101.19323243678961,95.48006659063998
2024-07-17,107.30217710046779,101.63103051388222,102.6540564192181,103.55234360607271,95.72104600840308,99.59524983180889,99.21556340675302,103.27588042225383,94.78745909802286,96.69287640935971,96.15418885500287,97.6381895184654,100.03123476191547,96.40674364956682,102.49751458461411,96.59663970652403,100.12386248152114,101.95072954822544,104.06829381944556,100.20345780759334,96.76168562039116,101.10606838112881,100.42490039846798,98.61855378234567,105.15938010232884,103.48490234821371,109.3555302514823,103.14295697947662,97.96821570368958,98.40966999314911,103.44356153769338,100.35015827772841,100.70409395123039,95.56334914938279,94.68063304472261,100.50194897484246,96.26398926702244,100.17212022706552,94.28540956496995,103.91927555803677,95.00791546010409,100.20167967466219,100.35056785919649,95.23375382359251,95.77420067649362,93.41223693671743,98.96045110629328,98.99929107133177,102.23665264180919,95.5172281764155
2024-07-18,106.39924552979842,100.53560251873674,103.00841755481352,103.94584273057714,96.9612585071881,100.69682475554957,99.08445869829018,101.99887659873805,94.48546815567374,96.90315180927252,95.96007355289807,97.07557140823234,100.28451868816862,95.922116585193,101.85577982755017,96.89796167305872,99.7221798914364,102.19989974761705,104.35300132376236,99.06819061366454,96.29714726836515,102.57024871789872,99.26463784901438,96.55307640012364,103.21958926640129,103.515031133026,109.38934523188068,103.02172097278934,99.16498664701847,95.81418349357563,103.85394151931402,101.92936103705091,99.57475276646663,95.20108171955776,93.97046695750441,99.60712116096983,95.95042823891991,101.61231734679667,96.03381037105085,103.57075568431004,96.8352238559742,100.23733424411363,102.12592843274577,95.14494345314114,95.89980254937737,93.75425943880971,102.15679341283843,99.84565513176251,101.516120100167,96.44728693058752
2024-07-19,106.01495410523579,100.04443295518455,103.94861830770222,103.978159929489,97.23174580109766,100.71090841469548,99.41852215258794,102.43325937565233,92.67292671483331,97.55123932172215,95.02233889947955,95.68549987295742,100.22595835797881,96.0027067765908,101.15184744401482,97.706569846125,98.39267565381957,101.78484872921048,103.74444897739659,99.02204819696382,96.56606039629851,101.54164274375405,99.98620436206693,96.61392629137929,101.28508768329374,101.50732020171596,109.3758700680476,102.79432796385824,99.06248311897065,95.7873760821908,104.08845869197924,102.89988555206003,98.4744966276999,94.09186463627589,92.94866142323373,99.89531886081309,97.15242718253275,101.17496725776762,93.66113503786974,101.82086871533076,96.03190151126118,99.67983777952401,101.70970823201115,95.18165852287261,95.6013039546205,94.74323982633138,101.46852483892381,98.98836969121447,102.00342182010907,94.9775159115238
2024-07-22,106.42889160399515,100.14708433345258,103.79546680956993,105.64280478480208,96.6286408671605,102.80737600092307,99.19465396675298,101.1334866277249,92.7377458948968,96.50697827510987,94.31068122569312,96.0661583411346,100.78434554407181,95.40726319324548,102.15557325513811,98.84410178164687,99.81608916890062,102.32514029085411,105.16861727978642,97.17704782735859,96.25955802024647,100.66507679118509,100.1054848677016,96.06340124761869,101.11693430608074,103.43595872300722,109.19039500250838,103.22056425380796,98.83265836275808,95.85992731606669,104.09472155031578,103.36224616536683,99.62873953569589,95.65476659680873,93.23689512932258,100.4859880274908,96.04074363406279,101.08609704624389,94.54597432926995,102.70643433197316,96.23532952227212,100.56732133005244,102.21009247514914,96.33101402054805,95.87833569684459,94.40683836000915,101.8098708777129,96.12951738350266,102.39472702073316,91.5747941447705
2024-07-23,104.610344612027,100.60054093125845,104.29230594652175,104.42189228483404,95.94299050500081,104.22609307043345,98.71568207192408,103.42745997084731,92.73596548342728,96.90156614284304,95.84796093596175,96.19211355777071,99.77918571816954,95.30263264932508,102.11920137997336,97.50429837647384,99.56105397046436,101.56850251559153,106.14525842686197,97.21068844637809,95.98772462981549,100.55824539704126,100.32909161124752,96.65776512318185,100.11109208956807,102.36417404743163,110.40328554193997,102.79582408963756,97.44222901196584,96.28631133005061,104.57818430482587,101.79211229037355,99.8576318087855,96.36098109990425,93.58661567736497,101.12305180780253,94.70149846056681,101.42128711934862,94.26029201275541,102.21177282400443,97.0767688662231,102.06604587584597,104.06067324756765,97.60594485447413,95.77318209508098,94.74041827013889,102.59357321748044,96.24607576860691,102.52871023592591,92.33225992030178
2024-07-24,104.54834721038995,99.86954310405294,103.86093700021564,105.08593599397338,95.94586240107445,104.58128449329749,99.37937652230238,103.04049666939392,93.43993805416044,97.26936681173055,94.67169505929891,97.58955044496014,99.2807955629829,93.73826481497444,101.05756801788229,96.51380077556502,99.6130118293022,101.29073716247837,105.78832872847308,97.81497544868365,96.31451828658199,100.87656033921351,100.74111249237075,97.2551455676095,98.02288353288392,101.99179879166769,108.02231142958037,102.83289887272356,97.43771464513642,97.29829689038894,105.82759532088464,101.99873070968988,99.35923102799703,96.82962302280616,93.09385725076969,101.12164352596822,95.64000419702494,100.85716296504033,95.0227945863555,102.90650718549625,96.15429866365692,103.06491718305801,104.79015106640188,97.7054812979799,95.04585647069165,93.92988993478828,102.04344620677357,96.769720997158,101.55358676060753,92.73710985511462
2024-07-25,103.25813951988107,99.66594854807322,103.97488064242265,107.68709516252979,94.6334438376377,106.13212251242192,99.52840060184467,103.46504246430415,93.55058773399752,97.7029131055867,94.526310511758,99.01891815847888,98.82864014410278,94.80563300980094,100.40847977857811,96.45566694367793,98.5509005335747,101.75268423041204,107.32820308966305,97.7393387789747,96.12507532854228,99.75841617440426,100.51038514383647,95.71834273572283,97.1321261570668,102.22336443954252,109.45657826389119,105.76265061960375,96.86783259938619,98.70488976549744,106.08586735379441,101.84457663637114,99.78998458494326,96.88959508492255,93.19668563861126,100.70957220514414,94.31215607572638,99.3122608047257,95.64555800041917,102.62215836555188,95.58283846030177,103.07368387302182,105.62648150119878,97.8818657757848,94.4243443967613,95.08883707844969,103.66769269376923,97.24948747333701,102.54720638546763,93.89604954858233
2024-07-26,104.43167763222792,100.27987946094265,104.59887623837179,108.2481590900694,93.60067226487732,106.87842658074122,98.18808725073754,102.64616749721391,94.77806360793451,98.52729112633466,95.94280155465579,98.7502742064701,97.69642378492193,94.57795881953027,100.51098013536534,96.5318861351515,99.674509890406,101.3857450960217,107.70670119351729,96.77782188009357,96.558919255216,99.76151726303463,99.7595632686728,95.49287674056899,96.95339697703355,101.94757547388093,111.41270143868194,105.65858275186653,96.63186360024065,96.65616372929746,105.14146846354953,101.57700273322368,99.10791397854484,98.23761739468948,93.04309579722914,102.01555425504476,94.37036900468829,99.34923949348045,95.56066583870998,102.62605423485086,97.23991156140596,100.71029235647863,103.53333666037314,97.35164134783354,94.43806325054088,95.74731884316685,104.15929320906383,96.87652729342793,103.59754986483172,94.86836209505303
2024-07-29,104.62406931490342,101.24989277657879,104.88444924377379,107.64206719385541,94.25611776215207,106.99671355414198,98.1894028294512,104.16928777755238,92.48340885106367,97.14033984053584,94.81062608612693,98.39220407859695,97.44799709991705,93.16305140941876,99.52564964160545,95.70446592489559,102.15427974930058,103.22901017021773,107.26413124341032,96.42659278308463,95.45561206318024,97.87598383907799,99.643032219284,94.54473755622352,96.87116639571045,100.32918771035855,110.56699125007955,105.81573679216191,96.98638751335199,97.06051955809359,103.76221345152086,102.44888751056882,98.31800554354547,98.8612933412234,93.03319776967062,100.62104386758202,94.07244332938815,99.71288951072898,96.14821854533564,102.48146586875417,98.74087839840293,101.73008804876335,103.2679547924079,98.08464300967309,96.28207256676767,97.64295136141472,102.88803868980077,95.98307962693896,105.14736763540054,93.86968193784652
2024-07-30,103.24948273521366,100.75881649993453,105.32612909195733,107.5319016746783,93.64491204668569,106.27775475605846,97.49244859851824,103.25712601661931,94.61779757748961,97.42977344116329,95.6551066175266,97.91216481686153,97.26695442516711,92.50064885737983,96.92120346203257,94.39469461723365,100.3212994950329,100.93251064627995,105.98957277549286,97.71270378622987,95.41320467012858,99.14732188694715,100.05339039349863,95.2875082624851,96.00237629630607,100.85624299655484,111.37565148614634,105.20730913795214,97.53058659242413,97.61162300615102,103.19354947283085,101.30505704209585,97.16065993632868,98.94685083943216,93.33792347764684,99.8267477624122,94.09745613426351,100.28341445563956,96.74443889535974,104.08425991845543,100.00986560657945,100.71655606497131,105.02127777593775,97.56521683655738,97.2933719617223,97.70935808090822,102.46485894321768,94.26358496014646,104.9671267280371,92.41724779390398
2024-07-31,104.25306016601901,102.2987682434124,104.49010918627488,107.85710732244587,92.96807761158846,105.61190985435071,98.25045401646538,103.21734018190006,96.27821507543364,96.96106646664141,96.61581521156883,98.00759086965182,98.04407142132455,92.08794852117336,96.87318234059343,94.28573273981965,99.486052568824,101.60298325012127,106.68101452872953,98.2944067819762,96.89100037030917,100.59477237897254,99.67894793393374,95.64364439526358,95.40556760163076,100.87980104184884,110.70967571916037,106.92562287908689,97.88594936407586,97.39903307378532,104.43266730291721,99.1298074211344,95.22332006119231,99.73744990022989,93.39438053911294,100.0770734937763,92.85759207472495,100.26011760356049,98.70227000813266,104.9456669734947,100.17973299156893,100.27532541644642,104.60770877720729,95.50981968577929,97.54436220209229,98.53897639821511,100.86305512561435,93.64216703293839,103.75917366145289,91.52938916005434
2024-08-01,104.30883131093587,100.18851994741237,105.13393643379094,108.67326605610528,92.73492521102055,103.02421549847787,97.27632943156618,104.49778586569136,93.64042029664492,96.6246888939096,95.48244786254648,98.79931154290324,97.38439151701243,92.46069384483077,97.42251350495408,96.03302474659885,99.2843583703421,101.98577483000786,105.10844792147695,99.47150902422956,96.15693061029806,100.03226162921864,99.65677403278302,94.16046522729373,95.624076792704,101.86051548436804,111.03445727048766,105.24011025634503,97.76483245338794,98.12445012401142,102.48973467434845,98.07009883602097,96.061662835082,100.0072003263984,93.77993248315862,101.95541115187523,93.29369980201679,100.92189137478162,101.4144311958546,104.72152804898813,99.38359651087903,100.70521852490397,105.06793667528275,95.00807730183858,96.54249762257902,100.84156417012053,101.19325876589038,92.95894375811504,104.71390101844065,91.42954376764675
2024-08-02,104.04538687112614,100.75343952227753,103.7844653085894,109.05715400448284,94.52597882662698,103.50561258882034,96.91105164657962,103.96921341774468,93.2569634972737,96.37960958305398,95.12238952712337,99.70878136283001,95.71105943914745,93.26115008252471,97.05331469133019,96.39570222984946,98.17171709747437,103.34983108988911,106.42590380568882,100.4306226225583,94.71136493924,100.86509802823751,100.06105738127151,92.6610017801597,95.60084546620496,102.23250980587686,111.65361232140792,105.42682575269366,98.04996936271678,99.58112973788712,103.75402807160714,95.29829957886172,95.75720956251715,99.84267292863797,92.1511264363966,102.0514811098421,94.46601659381344,99.83124258980683,101.75616476956873,103.76684200152077,98.71806457477933,102.20407576059627,104.49942601254882,95.4482329442468,94.75277395581023,102.73715046133411,101.80494373122968,92.78944854332096,105.31831589715215,90.14959597219631
2024-08-05,105.28305906055786,100.42754193179316,103.5728888085321,108.52228431914736,93.97870282514519,104.22713887485394,97.15937126419014,104.64904381836666,93.24876219755515,96.87550092569414,94.72480381602718,101.9569911902388,94.22208020959842,94.4445600817092,98.3900359252925,95.57774784967349,100.38480957110491,104.38380663998555,107.46448212806996,100.4587694229512,94.50585037629466,100.65409861237144,100.45259045595256,93.96849382712702,95.77434062959995,101.3049516206834,112.57791980275245,106.40245234218524,98.6939685307116,100.3262800638645,103.47330966766162,94.41708821588777,94.92945023520565,98.2230628703856,92.36973614506492,101.96635591350139,94.05129077619753,96.92378985322885,100.49482515780677,104.9364453999369,98.06413415381445,102.57328041258667,103.05622616515376,96.8313777367028,94.61640198289969,103.03556224803754,104.20045167796562,94.20726797139743,104.99594054617202,89.61639346841021
2024-08-06,104.94087260149118,100.94092796997995,103.46396245142321,108.09420288503718,95.36770540885232,104.10816912288622,99.419525095501,104.74404814182992,94.92849921256425,97.22227508309909,95.64137234391922,101.22086979367897,93.42107470474794,94.87972682594823,99.36749721826178,95.61623185328571,99.10173644852541,102.9735306211281,105.94170925262067,98.69864004722812,94.60937710924401,101.79289540112629,100.43911485440576,91.86824274386379,95.59181520505275,101.14016234994124,114.96245420308371,104.86326315735673,98.30914549870312,102.05237909820755,103.93996628969735,94.95045286343561,95.0382869543903,98.54767874986955,93.09081196007428,101.14428398139339,94.8807524539483,95.6021173587941,100.82536036685974,105.12417754042025,97.46163017522721,102.55001402063684,102.41665264402917,95.79917551850689,94.28241529860256,101.9043172481159,104.5373515531463,93.13001041349035,105.74615502619574,88.56382472177096
2024-08-07,104.34827727783696,100.31241240177762,104.84413623262651,108.45181742629208,95.16599336144318,104.62867365184596,97.34648267306478,104.69887801637977,96.8437747094188,97.35103055050466,95.70634749175872,101.77721345296098,94.26151665152763,93.00333838884302,97.7097945805395,95.81751602910667,98.39580762842373,104.33347123003844,105.6083337499182,96.8076345351415,93.41729092274647,99.0320516434547,100.2042362997398,91.69534046789325,95.18692351093814,102.23724984353449,116.34859199685911,104.6847404308036,96.23278718755562,102.68427792790646,104.51881337949911,95.24467647725015,95.97566103856481,97.40642741145369,94.9796865801728,100.1785179719535,95.59429046223114,94.00251065156236,99.8917668217868,106.73039491980634,97.20768437073156,103.4149822165957,102.65962217242517,95.69867921917634,95.57709500427374,101.66343683345175,102.69229169528278,92.38494915349382,106.33062839079024,88.91479631828783
2024-08-08,102.72582458082043,99.58843216030043,104.23600603529388,108.05618241254228,93.86555847301915,103.97327860887889,96.63978366122109,105.50978888385498,97.63053696721721,97.20918600412715,95.33187504255113,101.91972419903652,93.4949346889865,91.94283896379063,96.79541171557426,95.21118040934337,97.25763221222044,104.50269067457616,106.3817929083428,95.28333031164678,93.4407684336827,98.81448405530776,100.54702746762585,91.68347698793895,93.81329479144658,100.95472997098172,116.38283094968243,105.76727597796203,94.12542948673021,103.0398991543131,105.76961735165628,95.09903893651233,96.50517689008923,96.72399473517551,94.86638057620567,98.5678002681877,93.37929707988243,94.8929248394589,98.91266793867005,106.24531393016213,95.86925567127489,101.96709368052166,102.48131607282889,95.0030242362644,95.93903228219398,102.12454550319607,103.02230869606774,92.6056435574679,108.02158383829354,87.97059656984
2024-08-09,102.66940778419578,100.72287291234807,105.5624810537025,106.53074861772274,93.57282172088489,105.39499409590655,97.13203967534703,105.71601176914294,97.41824138344995,96.83681129426175,95.60703602234351,101.66282949114083,93.45513430887735,92.01513325304778,96.14128980134554,95.71917746959853,100.13366127181224,102.66209383673241,106.72704226435282,94.56174207461991,93.98185846968046,98.86050029353359,101.3159752098018,92.76758166682377,93.99398516937005,102.10408366978578,113.68620269314238,107.46290237087696,94.4791212153254,104.15651473435452,104.48719731267688,94.31225746026027,96.6461177173089,96.70751641180887,95.1352979309137,99.6426006579056,91.74541003696417,95.82152434034722,98.92086013599624,106.02902570501134,94.46923167823537,102.48133013284719,100.03693034240601,95.62101951297181,94.51814729870803,102.1791537484057,102.89961133163798,93.69506003840249,107.8287699823606,87.36207317770125
2024-08-12,102.15059706056975,102.01315145124721,106.13013022229553,106.12072520623774,93.3518334961954,103.75614328333076,97.51010646075096,103.87187905010877,98.15338822069471,96.96144447847709,97.91658413417986,100.55053017751969,93.35924054550462,93.68479776816507,97.29355753783811,95.05508345411319,100.35817938777298,102.66414643841075,107.02839005636315,93.90336035322252,93.89795097406474,97.29321410143913,101.452969387586,93.18599573131495,93.78046748273708,100.4682957173783,114.81560005984454,107.85534640038503,93.7956725035771,103.86466075188503,102.93089658378776,93.3501114225011,96.12773912931229,97.90281830802235,94.52884568287081,100.28257260584637,91.25285656637513,96.05940626206065,98.78108932718708,106.95877181116948,93.96534813028431,100.8823871300904,98.66397954291989,95.1137829650064,93.34490148133503,102.59916579556834,102.42145212141358,95.9465755921314,105.97120008346475,87.54015259715497
2024-08-13,101.00486014701492,101.51105688388536,106.28032507086165,103.68149473685868,93.57317701459115,105.74943174582585,97.06895921441662,104.14209722491883,99.16455657941596,96.80260304520402,97.34937698160073,98.28810620229615,93.95958663894143,93.578836141226,96.31325346048872,95.17549626596524,99.77411460212308,102.12307310683056,107.67926482409216,92.65494720093179,94.88652628195031,95.94281943352834,100.78286198866269,94.99525205169525,94.84368792089097,100.5664046565227,113.74078704289047,107.28600593038517,93.86442676454604,103.90364144280792,102.83740480604693,93.32133367292899,95.9218859109642,96.50121021804686,94.04185280841264,101.20398845905889,90.01271641363294,95.87749283107621,97.97463744314835,107.07793719613142,93.60087629672104,102.38388130581274,99.1650627725598,93.8742254021456,93.97356613375749,101.80744993317519,101.83218571689092,96.24814714242733,105.45136861783406,88.3252596626204
2024-08-14,100.22558900474101,100.88469810944625,105.58501634984904,103.0966875350493,94.60739910245907,106.41647522768069,98.74305628384997,106.53064903201177,98.14770006412239,96.87079460062975,96.21106086349053,97.52677597297398,93.36942492217064,92.59477361099063,95.3054563424676,95.03827191313276,98.56750000957292,102.98671039424559,106.69555548033098,95.29506616184598,94.45918845009278,96.0119400762141,99.48579890283838,96.62986254570367,95.91142918675193,100.86544600349299,112.21919265976913,107.51226024708916,92.81768217099116,105.43424597401673,103.67293564469541,93.41044117139653,93.61310788488115,95.55685298788677,94.69086538932824,102.43894931041639,91.01666776059231,94.36319655888742,98.27052813082642,108.17086999874459,92.0614593042703,102.37578867602099,99.43699091608359,93.59230914248701,92.24904336369883,101.47640439000953,101.49942830689433,96.10573565869531,104.85885118885616,87.93483348418391
2024-08-15,100.18580104906863,101.33205605003337,105.26407606443553,102.6752169236997,94.69481321503604,104.39181249827571,99.21522064756695,106.53004916268091,98.18666608053366,97.80595054742467,94.35046248012712,95.6206333668366,93.62542430611013,92.58818400958513,95.46778233629855,94.60008759086934,99.22451685874391,103.95169738559711,107.21319470796671,95.04683338143795,92.48911658805997,96.75334661117824,100.70870048541391,97.25471004348357,95.07145137976161,101.547366514976,113.18903907405404,109.20130921123057,92.00804906279276,105.19575542863417,104.45055636991427,93.46408356899978,92.57296451693823,95.95386974114184,95.24039351888189,102.52909721974426,91.21674623490799,94.11938890874126,99.73403132631181,107.20095794560936,91.52234794544562,102.38703579990074,100.314848684228,92.20132313140383,91.04819168796466,99.42951660467529,101.53261919923288,95.03696681662144,104.45639068835591,88.5183427687455
2024-08-16,99.54512364221357,101.56669010755965,104.94945191113662,103.36763607221265,95.14580539774799,103.67198361280785,99.04803345999447,107.64777245187389,98.57367040826495,96.44913767370599,94.9710733484157,94.58912585215879,94.9572798337725,93.54125036900791,95.74493108437488,94.74894699575137,99.01732223985873,104.65943291246418,106.81640764169109,95.27099901356291,93.29908705468432,96.21130401990128,100.0900487853968,96.10004255943161,94.0648089130542,99.70755004019193,114.01814712163767,111.1946420635157,93.32885698441366,103.49901616072843,105.21042174001289,94.80273822217947,92.15104639131243,96.05126186915663,93.34713914451879,102.80294446719181,90.2517424477115,94.30747184488337,98.18907206934684,107.78448960430495,92.46482565908454,101.5882930334632,99.18080532996224,90.23471777124095,90.8059498086314,98.85291892108448,99.96997832366237,95.46847877881449,103.9874237656971,87.57122251559332
2024-08-19,98.99460178742348,102.6606279088583,105.58414239793277,103.2333185489805,95.73668504928946,102.47540222655509,99.08010059799604,107.80647853501246,98.11162160386768,96.87004926584852,94.23277204230945,95.07259216156162,95.48275852826458,90.85191929658872,96.8913981551734,91.90490532872852,98.40920207350975,105.73807682743694,106.47803045666979,93.88433932642522,92.2842005733348,97.20439375019116,98.18517370300971,97.19115115788016,94.01299150643342,98.52570202266243,113.35522479900855,110.0692765482912,94.14080664254355,104.25985463293435,103.41714389547991,94.42089290967955,91.35903495340601,97.30176477030923,92.0953295915914,104.46543867666607,90.22169836698077,93.21802248233129,97.52630972524076,106.92392266983195,91.2937313229298,101.68467171081504,97.97039541234336,88.28856421313617,90.46183465858684,97.08671187237564,99.22086407076301,94.60450523513143,103.08540359471748,89.34113899997641
2024-08-20,99.0504619480197,102.91283662439498,103.72510830217298,102.56041337807503,95.94303070412023,101.43087199588841,99.98390753384074,106.51765952478594,97.83106504546026,96.3040010410402,94.38774324466384,94.46560756077761,95.2244518465912,90.63764366036199,96.18244600435342,92.35181347496199,98.64407801826566,105.64441964871452,106.02067197632519,94.63515574879179,92.06681925729639,96.90672721184053,98.2880176149731,98.85415050850307,92.76128990800187,99.2871361469439,111.22940259239762,110.30868753540997,95.63534150476671,104.77058660302885,103.5937501028692,93.89319164766125,91.38740377978772,97.05681204964769,91.37431904288482,104.16305731999007,90.40085887092432,92.50557440919603,96.74313436261309,105.47934419413039,91.65113655961407,102.24069656804353,98.19761715540717,89.14482492413752,90.54135626692396,97.46804935562295,99.52279264357583,94.51794387785488,102.53965353252401,91.34135031588005
2024-08-21,98.60381249326024,102.22983946997428,104.17626378296099,102.81904185442288,94.60465383083661,102.5760305341269,99.88977245874739,105.34087048385507,99.00100546048388,96.90844059350488,93.201685500032,96.15944080400585,95.85385901189076,90.62840261253653,97.72418335773011,92.49904510438115,98.61637961721354,104.94914739109743,106.63935187237294,95.08726623942053,92.08033578725384,96.14419321382238,98.41580609263684,98.78517558640202,91.53255258498743,97.83651719468929,111.85979899476692,107.47559545742969,95.83198846134422,104.27089160928946,104.95791569208559,93.4309999188492,91.99208096527559,96.67234363767437,91.47831477895836,104.93340338831887,89.98367013961219,93.43205199067177,95.78656048862342,105.79053694322951,92.50065934283245,102.9177554605249,100.0976689276028,88.46684953956361,89.3012271023812,96.5036927350398,100.18225883024408,94.98974402321923,102.64456078522531,90.32136390700862
2024-08-22,99.36287968027632,100.98546127507369,105.39063755438866,105.79941098361051,94.9519696522497,103.17590697785536,99.39866718134705,103.451131768112,98.40610183158435,95.85509930087703,91.86276334014154,97.82999769653846,96.11576542493252,90.97316149090942,97.4226599023554,92.3392791382245,99.57218679157594,104.91521534735426,107.20678478259119,94.9010736432424,91.76581862817177,94.80099789869087,96.48850977413395,98.52712882629022,91.58428006007514,96.58626949964084,111.82124212663149,107.53338187402599,93.78795703618658,103.32103577880285,105.38624300553067,93.79333352957508,90.93688984325408,96.82564049741156,92.41839320478955,105.75198887509603,89.89796932816621,92.99583361374667,95.18562601090498,106.28660545208015,92.68130797341745,103.56756676037571,100.22975861717542,89.19415761670533,89.38573935990057,97.26392515072087,101.05847837445401,94.22859217676208,100.8052778234,91.7262822214242
2024-08-23,99.61823073627815,99.26883747089094,104.64101728609654,106.61920927437392,94.68678199949612,102.64893333002665,100.8009241285696,102.37335492245707,97.62379637725746,96.05793832804706,92.22214718972471,98.3167771241485,96.99561150422238,91.15399422834246,97.90059927820218,92.10023712007823,99.6346364385787,105.02809574555734,107.43763276397658,95.63706145395024,92.27666927847298,94.84292532752421,95.7109461459066,98.59382593874231,91.55862376781982,96.77303672279575,114.31602896434217,106.97162374426989,94.18485070940187,104.43090053695576,105.48957416586076,96.01190877990337,90.59376165729755,97.13995101084511,91.68309050056423,105.38089709811773,90.12203463013354,93.7862008691205,95.48984353931507,107.63333653753915,92.59333466011574,103.22411862557665,102.97693054142938,89.54648862153188,88.74493346484361,96.5909956205397,100.11029657819503,95.11525391540377,100.43863466883667,91.84318151240251
2024-08-26,99.5549846039546,99.99764381221792,103.75871634062355,105.47858770854042,94.89940026115671,103.26766893791464,101.13667770838022,101.54803478211028,98.28742826439787,95.34605186264113,91.74242510847894,97.39307894069258,98.26592447065772,91.73321578370283,98.49468670131338,93.25611493301056,102.47679185632337,103.24818281740032,106.64725999922042,95.04958152126406,91.49489174373342,93.82640063896339,95.42457463792526,97.40159684640216,91.86589841125787,96.82307969295013,114.8672465264413,107.51613025069871,94.75450762304303,104.04167337830575,107.75105918801506,96.23725460677628,88.92208236861886,96.1711075405333,90.10115036288595,105.39916606920944,90.01232811163007,93.34790953920147,97.42951101410394,108.22585003262736,93.26810011176254,102.26748660827904,101.95316476916456,89.5794527195211,88.89860142576005,94.81450540571275,99.9299533175101,95.12863955455713,100.22277407863098,91.09916784950214
2024-08-27,99.01929684809474,99.82094508580937,103.8529720651925,106.11844628343918,95.93068965502934,102.96414982519784,100.67638710665597,101.99343947620459,98.8896494696678,94.93295637256944,92.4704244919947,98.35181541971704,99.54344513584333,93.37911807554141,97.64499907072512,93.26907676378966,102.48834952972088,103.14697327808209,105.95708184517459,93.64799752970316,91.57972800936436,93.10824271618237,95.50666884391866,96.63124825631448,90.86122152319732,97.05020054745654,115.04073681286383,108.14075924436746,96.84851476822125,104.33057040217244,108.27500969674968,95.20580639115144,87.78506931908015,97.70544307370498,89.27291463860904,104.30458109195438,89.97714114168761,93.26375476306727,96.55415933251878,107.89629296013948,94.42179256390159,101.44653007517978,100.54212702623799,90.42781494933847,89.33732552186133,94.22798535960688,98.36133634893181,94.42292022205834,100.16796276795286,92.16729878061507
2024-08-28,97.99818215398905,99.73661218535332,104.55650211064042,103.62133186190508,96.92755168841242,101.75381952741314,101.01118362198353,102.24535068861194,99.96803056663668,95.4574085155865,90.29805792345655,97.58299151417755,99.6811143940311,93.1972249625758,98.1124775383731,94.00822511948208,103.11384265424574,102.92619178452726,104.01870656235243,93.22241841333074,91.96183175407042,92.09846201042397,96.111485328193,97.51303903910991,90.97656756011293,94.12188369182053,113.57977065000384,110.19985671091005,96.32064485129447,102.28090386245945,109.62076854001855,95.21852253891836,88.76042069606895,97.97642185086043,89.68322378089049,104.68390443997748,90.60691493068337,95.41214307861141,97.49627292633427,106.20456812484049,94.84448166535041,102.61115705673296,101.75864889403618,90.04286707191793,90.38414130562136,95.10624603098508,100.92452678307188,93.71739571117534,99.6609972082602,91.8855885269601
2024-08-29,97.5189489717746,98.85287420118021,101.7074810451647,103.17186809372289,97.28622339630792,101.2531830998864,102.98517558140222,102.25902774991937,101.26701397138265,95.70728013231195,91.04737963496055,97.8558645862474,101.05491490468769,93.24937346896922,98.60044330538776,94.35323977374608,102.81700851097084,103.34386985309727,106.36904628626193,92.97068833318919,92.3483895233772,93.26417274379246,97.21367160866839,97.52446474342312,88.83387806557141,94.60947272615194,111.08666612646549,111.83168950946005,96.48402157821074,103.30850727004378,108.63631448835167,93.75166386848565,88.99216940055922,97.9435039338586,89.24347577768185,104.77256870105106,93.14942207566102,96.21171345704617,98.5248831350493,107.10466041896247,96.25810106463662,102.41630754945294,99.6890866458508,89.87321872776437,91.12080750306875,94.1883632904125,100.7466871525089,93.07132436321913,101.16923325643626,92.57681851670073
2024-08-30,98.15639890477058,99.46925870766951,101.66960282380091,103.37589206567404,96.14000787943358,99.06336775731704,103.13985293873233,102.59087432098389,102.49903426994315,97.22304055900642,92.48810218349007,96.88409726986872,100.69956003632427,93.69835964447326,101.1287850779645,95.76014745490453,103.97440503259661,102.94389080952486,105.4337316891953,93.7070421803919,91.33751990209916,93.04206195518843,97.10215576029086,99.090382467757,88.51934484614371,92.32963007139648,111.6484526276871,111.05268743051661,96.52516247379782,103.21897275879499,108.33937910206801,94.49555708693477,87.63844160701129,97.43842886614502,89.85602764199953,104.13114775776462,91.66281827863416,96.85709697733652,99.63764781090507,107.05647929502288,94.38901317751395,103.14189389291477,98.04801721300018,90.15117552068311,90.31572100935156,93.10224046561173,100.30245971579915,92.90088315493252,100.51958749146685,93.12342865942868
2024-09-02,97.71952836350879,100.44904132697083,101.9558727330406,102.65729530625156,95.31108736328696,97.44467302035144,103.44015103239927,102.22774404387356,100.09616976436124,96.70359488713216,91.65849603934733,98.42276869690777,98.99938564830471,92.35752387499413,102.25753670417035,97.06823964541819,103.20269159037115,102.29524921565796,106.0854576844884,91.55156313847374,89.65327390900032,92.78122810561355,98.61885614885045,98.65955516061106,88.60873854087042,93.38241039000906,114.02571195050616,110.41392581325553,96.5089121669069,105.11691773643948,106.70272602145204,95.47158167766983,86.75053426573068,97.53832750618125,89.6382840542225,103.13832256589075,90.76609442222264,97.12519426518844,100.63453374285214,106.91767834053097,94.45521550170812,103.73269929974438,97.09997739585275,90.82048939277888,91.05875648313025,95.55810694408756,99.92592648405754,92.47629434011738,101.29552835021678,93.88933906557082
2024-09-03,97.19804017331407,100.0448835371208,102.50908284710094,101.81122550740041,94.92060503507751,97.53201552000237,104.47549866803847,101.6115411721034,98.26889785920666,94.86782459480824,90.51137561794788,97.13876170490919,98.84644021264134,91.26600488617738,101.54143595708678,96.3197488219462,102.7490754621844,103.65709369456209,106.79001714889722,91.56633106124181,89.24090006118557,92.38013897812377,98.94260621849352,99.23758044847484,87.808148760277,93.41648321356399,111.73251665084184,110.64793494122844,97.24726420758992,104.8229301040442,108.65872165376078,94.6339455998976,86.9393702161514,97.50339090579789,89.54842401747321,103.02047997242812,90.8633615545893,97.95227754873956,102.03060720241545,106.91527245841934,95.22847201355638,103.0072858366178,97.84657562206061,90.13107493735718,92.05733349941522,97.69407583311784,99.80400746479664,90.47077762229094,100.74187357862291,95.05309176056133
2024-09-04,97.73710932999278,100.29421904327785,103.54829180285601,102.30565015251909,96.08354347729677,98.43288301135834,106.07746042186707,101.97677423176552,99.16252501506285,94.57690679417155,89.96861903388765,98.81092402637074,99.06038203152983,92.00355142540555,101.66716111469557,95.75647188859391,102.76036090249437,105.15634215512823,107.3846072932589,90.0125322339932,89.04902054989265,94.04138462453263,98.73129599916466,97.46681789529644,89.4862333087386,94.05613026759083,111.65431689984608,110.2377311426464,98.30553864404527,104.25634401147046,109.9135931896667,95.14843991318469,87.15235560331541,97.64537605492279,89.39187988909212,104.10335506481347,90.0804741835741,96.37637943729705,102.6594541562573,107.59229720852139,95.68689821965883,103.42813313764464,97.53343996958615,90.84364355872388,92.0154034547294,97.21935190262816,99.49321235963848,92.31746064310454,99.00910122590632,95.52934494296906
2024-09-05,96.10969660004224,100.18572598528274,103.1002500673006,100.1946325321957,96.45807263687762,98.05951051837707,103.87388535800513,102.83654280929619,100.5957723744044,95.99677291687007,90.29214750222432,98.85644498093559,100.38483498959148,93.56449780783619,102.8261849891689,94.85911978207479,102.96747203415002,105.61953842118379,105.45883432753071,90.43600868753599,91.09627634454708,94.64511915302674,100.19678567579801,97.64526221293272,89.42073696910077,94.41542388956412,110.74711685055594,109.18039062007861,99.55830131496013,105.69696045067548,108.82961319615293,96.07394790039125,87.07660087906139,97.97774780938698,89.80422610175304,105.14367088423766,90.15501795843325,97.74507021020622,102.97758760770976,108.26597170398098,94.89288778194965,105.6850659550926,97.99275452125082,91.49367098403113,90.54746005819521,96.42280741427325,100.73247710920097,92.5826915183163,97.1323013012939,96.52638362977595
2024-09-06,95.58848700503731,101.6096888327896,103.00973102284007,100.39994771928302,97.60199943953454,97.18337083130658,102.84767955861022,102.63466903143188,101.43132420565586,94.72763775123073,88.79853485972089,99.67410921837867,99.78135745328021,93.19823227248473,100.93451440809883,94.21722760453405,102.95968047491651,106.60678465882536,104.64863226147818,91.94736331903864,90.47480089777935,94.00080922301346,101.74907003454908,97.85196149947546,88.92847234945295,94.26906783888091,112.25579054173045,110.7929896833497,98.74842789839697,105.65211871791915,108.92777476600315,95.13108517805465,87.02812572597594,97.98296316697846,90.8340422740731,106.42089713998617,89.8587071753101,97.53616511871822,103.66393695400886,107.63426189259147,95.4531126572198,105.59220274830925,97.0474036646523,90.62240091336623,91.86726107044676,96.27209933331802,102.39847318225723,92.10837242376176,97.4155678579589,98.86379983796681
2024-09-09,94.5830719444701,99.69950859569664,104.34360641119447,99.57325410823918,97.58179170637122,96.61562066412334,103.12384888243469,101.6637113041858,101.24897270266848,95.15469695312171,87.90767022323608,98.97874360992421,99.43533550474854,91.87606967037564,100.50890439625695,94.32922091984143,102.54912688874103,106.31787110443582,104.62780750738301,91.34639704717313,91.10220375457543,95.36037847690403,101.27766271280679,98.32789115358591,88.71563956740086,94.61423974770383,114.0273015179638,111.35798453027554,97.01264571966746,106.13286517966702,110.27901818742225,94.92051173433377,87.89893588782553,97.30909541797693,89.49464030807727,106.57123656769186,88.29414074966817,97.30258181211173,105.00654842419269,105.59820648261189,94.23957329359543,104.50806113564113,96.98597283580852,90.29158487527947,93.16164331396214,97.195268623338,102.90688308621678,92.24260785607645,97.79938903318659,98.0152736544431
2024-09-10,95.39733280805414,98.59694778307319,105.21891988712157,100.761367223335,97.78777425898507,96.44552123623326,103.53749124063584,98.79581392505554,101.55546901559609,95.04689640964872,87.86317549294128,99.6805368938597,99.36101656393491,90.83444206396373,100.36688255602498,94.39296701122947,102.66705837021668,106.49015977535998,105.72094758994292,90.35971118502813,91.2624114437545,96.59842813798852,99.5360376153936,98.50469270783704,88.19783432439921,94.2641442568745,113.00022746665925,111.1693362429685,98.81544262322316,104.79933754013217,108.99669745413696,93.69271865205484,89.43050842758396,96.8602352617002,89.47169766450554,106.14284912160714,87.46419594722975,97.07404297239805,107.61985429915259,107.07848778615761,93.43918658646315,105.18702429726517,96.18285606230556,88.70183607587046,94.11629455656927,98.32938969131936,103.98899270197417,91.81020853936883,97.6364193190194,98.75292026818276
2024-09-11,95.7715416141016,98.20959613183547,103.5290668872445,100.8761747821395,98.84862682740525,95.29738963562878,104.20096341900063,99.12390682310897,102.32015013785627,95.87930598909122,87.255110123832,98.08170415573088,98.8323177494396,91.64567701352709,99.82436170494675,93.74010711143654,100.81405759417454,108.3730086114119,106.59751385929452,91.05807184591661,92.14986811383645,97.15712883851127,99.29313921047788,98.34350939653129,87.82153684471179,96.78076775282788,113.63015863584897,110.65492621095171,99.27649758646379,103.74529010545817,110.6489581104601,93.0753877839935,89.87975629544526,97.89826646255825,89.81661976341563,106.24316964142191,87.47364441420112,97.01926877678424,107.0009984070766,106.59826778987724,94.83198222249257,105.07291977687474,95.43001653387735,88.24505082815116,95.15764149854017,98.99595872730644,104.57330888846825,91.57408195811188,98.19783784816232,98.11942551302734
2024-09-12,95.52322772235607,99.16667057640223,104.43816664770918,99.89050878485071,98.00655787397574,95.40103627259468,106.01522319917332,97.24319443852643,102.60533752061043,94.56900104994185,86.70337567821397,97.72491706451018,98.41759219619107,91.15777945793091,99.83155636622382,93.239698397425,99.35042356242951,109.22148096245483,107.40308552936835,91.8290960861357,90.74096490748484,97.44798362544645,99.96661354433807,97.33459998125336,87.82959330175767,96.66830938930774,115.74279659489083,112.80509951805388,97.63785708700019,106.36515488240825,109.64089046943619,93.99264354554747,90.75628397747055,96.92833973713947,90.26075069913402,106.12898378824444,87.95988351083521,97.24332367477126,108.28878136957019,106.67867270545268,94.67291746641354,106.2309210952292,95.98549893850648,88.89320869028607,94.52733328761602,97.96658004402454,103.98130511629236,91.0073315477536,98.97291134992842,99.08174385428701
2024-09-13,95.37515714347337,100.59586625649992,105.87719486679927,100.13393733186413,97.20435119038925,96.91586270313377,105.95055524963159,97.36595893255371,102.25747565037533,93.7312677888076,85.43932064120945,98.34534829439256,97.64959989932692,93.98988382898682,98.75317879242805,92.07465862249094,99.85854349344366,110.90465751067565,107.47247922201973,92.35608752421773,89.08343778616643,96.78999378085283,98.89909702400442,95.50743219806394,87.93239668363931,94.5243385028865,114.2225226554473,112.20074226231154,96.8295716463161,106.78763221454722,109.97644374399218,94.83651424982085,91.44169472068344,98.0404420750045,90.25901915349347,106.45153930328706,88.41096305048434,97.38117296884948,107.85951756175187,106.32461626549178,93.90206645097705,106.67975404989862,95.89530041137783,88.30564270925518,93.90339918601715,96.78794130946214,105.00411479338061,91.0789075229147,98.12264636927847,99.8861145429018
2024-09-16,94.84212329657674,99.19088843925658,106.96397616141375,99.59756268437643,96.8076949971801,96.95578089371189,107.16807726738121,97.38547038766802,101.03861115834685,94.24243941238304,85.02595192377615,100.21967092175514,97.6485065013975,91.91247841313755,99.10671940121682,93.88266263053403,101.44469999423285,112.95397487521926,106.38208681174439,93.20236961287169,88.44257650514692,97.00732711330335,97.64813751830066,94.89390811445685,87.33976284700184,95.37751934780093,115.14079572336516,112.51176634274545,95.53075386658469,106.4553578598628,109.15894490908198,95.66488125523249,92.52541851571908,99.08161690148351,89.57993303586113,103.57484799235009,86.8624957212095,98.77545727400143,107.4275930587285,105.52939987330281,95.45729701785645,108.03799742667542,95.91874845296601,88.04693094371497,93.77943355489819,97.00805742174722,106.69774357531774,91.46450016570267,98.83763765134688,101.06090789239386
2024-09-17,93.73924039397129,99.94247581133403,106.64935732079648,97.1228567279279,94.7692310387359,95.97366504379477,107.73889380010819,97.49635771235364,101.22506454488551,96.09910853486957,83.95371461521054,100.1921810753353,97.94623621023376,91.23823671987495,99.13479708554095,92.39253998575644,102.88510544891336,112.18668210508835,108.56523183032634,93.17210768740867,89.3565033456215,96.95563320321286,97.61812135299269,94.34131507903774,87.44386739880994,95.68130136952794,114.24132593010465,112.3711645873909,94.9496961361672,108.93183971775913,109.06103967951492,97.15460596868678,92.3445950586245,99.33885664044944,88.40404199538102,103.11282678954026,87.04556403412982,100.3545287777477,107.66632869175228,106.999781188352,96.07088332154686,109.81059375053992,95.86213261233662,90.17680160777492,93.32533472612737,96.26736985532214,105.41442456663918,93.62160386586591,99.65088780245625,100.72380592317664
2024-09-18,94.91740725140117,100.63214107619498,108.76696888861433,95.63113174989238,94.5180846731095,95.53079130241068,105.63331697048197,98.53563826695364,100.95172517341125,96.81252259350754,85.9583906772175,99.8388828851417,97.53460013227561,91.34656807849109,100.11834980620912,91.87042028480029,102.23798363631668,113.37899908964391,108.97708171080347,91.28633641893742,88.26821758149907,98.42214630885888,98.01126574210865,93.62498280981892,87.29498149810885,95.69396722857329,115.08493703495273,110.8551869834194,94.1545654924241,109.22958161010212,108.95221338024545,97.71178512594166,91.21616272610004,99.69425842730554,89.37433216635681,103.61602298727139,87.16673889733161,100.25835135677409,106.77121673071201,106.92277057858699,97.28874851644048,109.67996559850181,95.01293124884307,89.73399966108182,93.51296730557823,95.90846844495735,105.92724759688707,94.11238045978054,100.54071678896457,102.16792375358754
2024-09-19,95.86737283911934,99.6963742589055,107.788648245836,95.55869807490826,94.09260292308836,94.44950473548828,105.16777217096502,98.06918149325124,100.2757565721189,96.50728103990595,86.97736029876522,100.03799821067739,99.97551229625032,91.50245431634374,99.82836152169706,91.87421725992692,102.50055245329372,113.8735611895646,111.26388406527947,90.51792667353753,89.02974849273777,98.62683144968288,96.48344615455386,94.34933712159093,88.40859656253429,94.87720666203751,115.07465595797022,108.95894775223,92.97677037312123,110.38035964687303,108.44522552999061,96.63433836528277,91.42570798525244,99.17480126365324,88.954527495176,104.38492204505722,86.15995321936522,99.35474376744823,106.93585661905931,107.9643307213639,98.50082743369337,108.95294637538935,95.90774793260634,89.03310899952584,95.2363986902527,94.82722700210567,107.3438574829419,93.4965693261872,102.58536201897235,102.7738535937758
2024-09-20,94.898275913796,99.17707859095889,108.63397035725717,96.56990424107504,94.02608830303775,94.49169368040927,105.96834691526746,98.19852034640601,98.98703757802932,95.72588250046431,87.18210201884237,101.26136231494445,101.60422340273124,92.21853025364874,100.11557154763453,92.56476639359241,101.81940245844862,113.69920525602448,110.35069233035237,89.39461896081859,89.32720213997118,98.80996716392238,97.14920339382661,94.86599950711755,88.62337542637758,95.40678148983956,115.02554901276211,109.40975991368444,92.30407010281242,110.78919766073622,109.17252057277447,95.98935821471912,91.47310813190455,98.5582690671527,88.48740674116961,103.21724549657114,87.25747573154071,100.41921442095627,107.51211322686123,110.11473426670749,98.31459513058141,112.30672324331019,95.6897776617241,89.26060572935751,94.85832178196743,95.18095110011659,108.24459689554618,93.39012204874325,104.42430455957535,103.01993065792374
2024-09-23,95.15530934403674,98.27964623219422,109.08955516201404,96.44056097923396,93.45592003082142,93.76083101398503,108.8377312966887,97.94013013447265,97.55526654765757,95.05983180666811,87.13715568234467,101.81644063222974,102.16948668070228,92.8446099333587,99.472043125703,92.8804313154801,100.93129978069311,112.99685439011336,109.34262675239674,88.33855079937337,90.2829070325713,99.49273226174473,98.10267455280254,94.90330157195065,89.31448946790287,93.74110371869403,116.0226167630469,109.60371801287407,92.88473659243537,111.21102343512896,108.1002283448841,94.56211646386525,90.82408350022007,99.11661737940213,89.10016259462094,101.81490661890591,86.40557899910462,99.69556681988414,107.12865247619531,108.62508354347422,96.92640448257558,111.38752925540135,95.77234937134685,88.21299624759128,94.7485360959515,96.19384327961211,106.84462272661348,93.1975209797732,105.4999013649795,102.58993075593949
2024-09-24,94.61099495120217,99.42980384534164,108.75603156485359,97.51164633120838,93.85767466181382,93.43992743304543,109.36106978651114,98.25448220619033,98.55629246171152,94.54000199497456,87.17306887560578,101.75382681745693,102.89145008537832,91.89764862802801,100.48881236540564,93.31457096272116,99.61082410837511,114.37043489628846,111.81293455194414,89.22800439430489,91.5804663318397,99.57770684869921,96.48616020910953,93.16920890124265,89.54260551095022,93.1878155407068,114.96633902811952,109.53496688609643,93.4582848938544,109.60707584357397,107.6160780464739,96.00071529892924,89.85269465924506,99.98245514956626,88.66931177478433,102.3721252749035,87.35895243318048,100.43733778900426,108.1070638279023,107.3813392900075,98.0118677594813,110.44177339081953,96.02124146758965,88.44109735126881,95.20929934834368,96.51852156187637,105.94685021245027,91.94793089404124,106.42425429029818,102.78075557466761
2024-09-25,95.7047052018227,99.38533592326905,107.23851732304888,98.45830088070463,93.51069636940133,93.76004230542155,108.65528851832431,99.88343811043396,97.69615799553479,94.2215335046033,87.26678554687129,100.64853638434698,103.23208905020391,93.39095953910856,99.99715943638392,93.68402624628574,96.90939604575873,114.32592006558832,111.46346007250207,88.50065604271826,92.57623840103162,99.253370223346,96.31507086402095,92.81844323120201,87.8425838304937,92.13889015225641,116.07659979950049,107.2480444531863,92.74483683359279,109.16982884247403,109.50894982318803,96.74142332003998,89.35345402919626,101.2952843726501,88.01512665474249,103.41039195324669,86.17988071828827,101.5210947330205,107.66889504626886,106.28257775169784,97.79927215101227,110.74850237217468,95.54735113159846,88.93237939152228,94.6558498124963,97.11915698651201,106.41640803704593,91.89193046611763,105.95555160210719,102.93662842520838
2024-09-26,96.23277545521769,101.45573230122014,108.2506846644422,99.42394864937546,96.4438478456543,94.24505534849881,109.18315743183207,100.58911368804661,96.71539311218773,93.80420951480335,86.8261839340899,101.30246555669767,103.05244150660629,93.52013697864088,101.09051727723615,94.49616054026546,96.75279985702561,113.56250229328427,112.73608680610052,89.18821185024302,91.10110518946563,98.9430405434055,96.47461920071258,93.54416324325003,88.64568949412707,92.40084967426179,116.75792701496323,107.3168519826276,92.12197512384905,108.88497922129181,109.5297488471648,96.70787993660836,87.68441444032558,100.89345163633621,88.06461003642228,103.11983510336329,85.96743056235862,102.01771967275607,106.51343841547043,104.56626160479514,97.45935671453381,111.59798902436916,97.17344537092796,89.63067185603519,93.2762054672755,96.89374587473004,106.68985986279908,92.05526736477792,106.52851834513449,101.99696433384158
2024-09-27,96.2952922888178,101.8830713788964,109.14817920156477,98.62609039388506,96.11153910490978,91.73098201927466,108.50672968105029,100.06299013603739,95.73430794227018,93.95968939443875,86.77762223565216,99.0394852314603,103.27476720936981,92.6559842549963,101.58269702226335,93.29259079448725,96.78183637940424,113.24138978242198,113.078310391295,89.29949649244574,90.86894412786658,97.43462237730417,95.05996287586812,92.99956256513205,88.6383500377818,91.84052919930981,117.49019824278764,107.01761883723478,91.23726200440444,108.58259478529084,109.77741213929902,97.02257998980805,89.34702637623501,100.22081807726204,87.99992510735312,103.56019097924103,85.94729680422503,101.5082767018932,104.87598823582796,104.03346302167746,96.41853093499111,109.68766999585226,96.40332473292989,88.69705296497655,93.82233196021733,97.47792022541107,105.72985748275221,91.8160246272137,104.56723907059178,101.49399680015291
2024-09-30,96.68026054242499,102.72701967639782,108.37266945566158,99.66896888819709,94.66576866218581,90.59363049712755,109.2794993458752,101.74921418847651,96.20785900672433,93.92179145833704,84.89345015827604,97.05658323784851,103.40850112090006,92.32481102194282,100.4655481168182,93.3537478736756,96.89332679903413,114.31592549350115,113.23288349604034,90.40321158659181,90.87620850846535,97.32231094028964,96.07710080503504,92.09405398383542,91.16846722335713,92.18581510351876,117.93848835505642,107.58104200679514,92.96608535108658,109.44653878507447,108.02948832492531,98.3938634362998,89.04296398309162,100.32826732625213,86.88135251646202,104.10656304386112,85.38927757972323,101.61000811868846,104.57845943468848,106.05552049352885,98.34886612203294,109.7387010756685,96.46502110763734,88.36643777313824,94.86577247686368,97.157822697379,105.28531535124306,92.71894042109082,104.0058668550099,101.45568493948103
2024-10-01,95.16346935670916,103.45296645447672,110.49658326657467,100.39040524443186,96.0597559045566,89.83034947629275,109.53805873708475,100.79406773658238,95.98898001185742,94.64987386163148,84.97993321102729,95.69516077386999,102.05755139289478,91.0584196343129,100.96050389532769,95.30049103434278,98.22249201751015,112.16893013867542,114.85349655561221,91.25372352081035,89.48269323356273,97.02767501625983,97.13543352795384,92.60236820104146,89.98276325865449,92.75055553653937,115.44430402932306,107.34159445848266,94.03004141123833,109.46667246901379,107.49183104503388,99.27282830189193,89.91515583782443,101.6512543581066,87.64432367359842,105.23845413795702,86.01740187894447,101.88017032090355,104.67210847360336,105.80419173237365,97.16371437107463,108.69534621407482,96.19335902137347,88.5800582373349,96.24250472704713,97.11722190642094,106.34714723395295,93.72509046162153,103.76542695931658,102.06082955113669
2024-10-02,94.9320015822116,104.82983725211909,111.20140684251633,99.20235955549066,96.21504146961371,91.32312188314603,109.33972155855945,101.24634963881634,96.51439630376578,93.67377954455901,85.41504260859358,94.37058066044904,101.42104788476057,92.04324345939314,101.32133009608407,95.01076349033771,98.66199753883778,112.10154555575522,114.8679443140144,91.8550675909647,88.83418636356984,97.06682038714172,96.83258356150844,91.14564140051449,89.15831191043895,94.21654051999387,115.88930063625891,105.93019483686473,92.59274371150993,109.34395921270357,109.1831469819497,99.08760123653117,91.09805995979927,102.00962664240146,88.05832267010597,103.8421089177788,86.82762682600516,101.53951179659511,105.57943544574621,104.94626300184235,97.33589447027913,109.07863123507792,96.04530325702264,88.93913041988911,95.98645871033644,96.4889143572374,108.06831255231708,94.71339685670152,102.97890837374233,102.64264059416884
2024-10-03,94.22957330193059,103.59526162130103,112.35698040780899,97.52617500782176,97.11096180277012,91.09261936593724,109.10866157772476,101.6620588965295,97.07697008093437,92.90290209199452,86.03029350863778,94.47762976508851,100.15511102570649,91.88701820588648,102.73057073353536,96.61713757220213,99.37229245533,110.77506262231118,115.43287904878817,92.63996088913167,89.48120805031864,97.83174879824247,97.18498026230314,91.07966460038924,88.61754830373921,92.4452336351754,116.28357829114728,106.12746443258612,93.11046047317511,107.89117346317192,109.8896726565993,101.14445785843932,91.16955454710576,101.94674147167437,88.33084579648373,105.97412200697165,85.94335142174307,101.74605691062226,104.73852832288865,104.37376920041679,97.28763726696847,110.55821801146752,97.79074054338183,89.33859857038591,95.6256585755666,98.9243595629963,107.60724799256167,94.17399645251047,101.16721720837072,104.08567545187218
2024-10-04,95.14637829156402,106.1305188836491,110.80655066487739,98.95869211208309,97.17909496920268,91.82988472469003,107.32552539428706,103.16555034263533,97.8435072323068,92.86676057226805,86.58707986602955,93.75716901344533,99.57645027987269,91.46215802563258,100.84477609131253,97.45334181774693,100.56348936489003,110.00086626509346,115.83552041289478,92.39429061864676,89.77543422704294,97.21970155152394,96.33020490814728,92.04294923058917,88.56096582881709,94.3336050987117,116.33744164640308,105.14917812865494,94.25990787333369,108.57390222569039,110.69134089193841,102.35588176072783,90.57634141718195,101.81709337798898,88.17953246050921,104.61505462336866,85.71711151672461,103.1148963873571,104.98740798626172,102.97824761591072,95.78571193349632,112.41417061898262,97.70245678890998,88.76207960061761,95.36401075636559,97.47368418152904,109.14954970084601,93.80456929077587,102.56008059676071,104.13945137463459
2024-10-07,96.51629455825741,106.40330004476255,111.75603323522336,99.67286188068968,97.78669517825837,92.14994903816502,107.07590787071162,105.16066565057314,96.96014012420329,92.8707610263312,86.59997007007036,94.13524632906153,99.14971367857216,91.75048530072725,100.6746508266811,95.92380638367996,100.57309593608032,108.79687238729143,113.84380755799867,92.52084033898936,90.21450381862968,97.73310667663947,96.87811393337184,90.28121566608431,87.3638013776294,96.2137909286945,115.12550260767176,105.7934381515972,93.61462000407789,108.66044049685115,109.99259806836135,102.93226897209571,90.70031116859366,101.36167931058027,87.2583411089207,104.89556214211106,84.68388174018169,103.5566365259931,107.78141792105089,104.3780577180142,96.47626388428316,112.31797706546318,95.82649176239636,87.59611637235098,96.59521348052496,96.70691163597328,108.38898142824674,93.64931020474232,101.47660876781994,102.86970549186859
2024-10-08,96.46759114582805,105.45889934459379,110.93096100961885,98.89725983926337,98.2988303991001,91.93629340341332,106.88487093485935,105.79029533433233,96.82251608449052,92.61270382742191,87.00833977236529,94.7663622182268,99.0039979058215,91.82447314201954,99.89065483784354,95.10174917593145,101.3496339241418,109.28203397886263,114.36331840098173,92.7810543827422,90.25619550537492,98.41610714063054,97.78827854652323,91.10764298682312,87.27580230857154,97.5575667079038,115.3888197893608,106.46457047172629,93.87906832414556,108.92917082759908,109.18629517105546,103.65672281539821,93.31806686414853,100.98249176080485,87.32031191527142,104.42855530115949,84.27161433559027,105.16843109614547,107.05851540644358,103.88439283689893,94.95680269740745,111.4702581660783,94.20329688847195,88.15130475825457,99.33779990551739,96.35295723346259,106.5973718559354,94.49595788058667,100.74162459939228,104.21506134462565
2024-10-09,96.19590781013753,104.79469395945513,110.73372653172058,99.64952694442427,98.07553258786803,91.48075544467574,106.67256117203547,104.45331622011753,97.20769620891278,90.97266317034916,86.62277389249957,95.48874331201328,99.30448289884896,92.3681349931047,99.82570141640612,96.22073011415455,102.2911596062783,109.77067514652464,115.42902535092665,93.47992423118245,89.860422733016,97.10234175997827,98.20020862548307,91.6065329660668,88.23272851134153,96.64837756345209,114.34762567014774,106.95532894962729,93.81228118607233,106.89427330167956,109.5966309983968,101.75423736959574,92.44012764906174,102.3567199620463,88.928430447031,103.16674807740662,83.99448743637079,105.2132660891848,108.98255539950186,103.37363863134487,94.50504690829705,113.2100641796095,93.85089394673855,88.79023940907655,97.88122292942023,96.18811059676582,104.84288422265273,93.50386029546726,101.5906070317486,104.16306538616273
2024-10-10,95.8894303997111,104.01297429610139,110.4896552171214,99.95003700162461,99.04428611047857,89.1104989002958,105.78897996137746,104.61962978530121,97.11164114082578,91.34036639591756,86.8548349996772,95.1980721275284,98.7826698582936,92.14164797391376,100.97905336262296,95.5189583826083,102.22693405195795,109.97211573905292,117.24424831640887,93.19961740186393,90.72615416028603,98.30602193220955,98.13762175727344,91.41370385015605,87.94287263047413,96.40144464521212,115.32861269391563,107.20269203740813,94.03327171167055,105.69821558819183,108.54140729173567,103.95882804890171,92.27589139204859,101.5667529334631,90.2102345404455,103.45789083279597,84.4815122176195,105.06812245885884,108.6358101074305,103.19847959238075,93.20728257053253,113.11056525279855,94.12913527590662,90.44856618797307,97.9654360720226,93.96891058827818,104.74439347489992,96.10081179662254,102.47457743036084,103.32183394133203
2024-10-11,96.4579175966044,103.2440403876307,109.00391766187367,99.60244749338041,99.13497931662494,87.4577312559274,104.58025446213426,104.63044337205174,96.71606533729518,91.70170128362474,85.80621832836822,95.88032779034515,97.62021492493483,93.6677913519747,99.26127548729522,94.48104214728292,102.6544910559115,111.81762242934701,117.61420060444885,93.72567792781898,90.74206611192375,97.3021710108714,97.6577885229436,90.31253833132529,86.82549757045115,96.78951542039349,114.04051446833184,107.54581046749578,92.81705883022163,106.01195185260698,108.01227828781188,105.43146194057917,92.57508990833007,102.82968496775304,89.53113290127992,103.51599185685731,83.65672749444082,104.63445265466875,108.35144389245124,102.4521169887579,92.08120301515447,111.52297468562466,91.95231595742679,89.49814466767292,98.58209593230917,92.47876067431876,103.32111976415659,97.83738356731644,101.82440215791037,103.65407760794172
2024-10-14,97.0794773960889,103.93033004646225,107.35710216788156,99.3725720740069,97.54366035227437,89.62360947492358,102.92556008258069,103.53980754465695,95.7148554685053,90.33945767325504,86.97471268873109,98.23133983103389,97.15689061671216,92.43910990279595,97.06552491678791,94.25068695898871,102.33024091899084,111.09172502268684,117.87485774850619,94.09678941843664,91.03571264139511,96.99506032972353,96.58787303769556,90.91587548323315,86.83636338418039,97.65318291155995,114.94508939686855,106.02758329102218,91.49535668900897,105.21400658616342,106.87738624320254,106.2307494465537,92.90088710018387,103.966207198086,89.88681669443694,103.73220302444832,84.666426888708,105.12710544214683,108.42525740064303,103.98015550052517,92.18732406185221,111.18408094704945,91.18513635956626,90.12955630173222,99.8091804638278,92.431989903472,104.68134876553063,95.92883349049829,101.76795274353505,103.61252592724372
2024-10-15,96.37627427934254,106.43765148337758,107.28606318945711,98.96822440423425,97.56898803568092,87.8464712995014,102.14642570955603,104.56287367210673,95.11475047550073,89.59375110403948,88.12115896943325,99.55675179225096,97.66048312522805,92.01935939339164,96.83335916625563,93.49580933796102,101.31733360739167,109.93750266562603,117.14857372286261,93.12817008262446,89.6232546627327,97.20810370758423,96.81472991358146,92.47539057642167,86.25793772338481,97.94276307465633,115.30509975613543,105.75878675708815,92.17892823128362,106.0328260367766,107.2278881419634,105.9595282941817,92.56933151638916,102.5538859029322,89.16531412196463,103.08898342788046,83.72012818556412,105.59060354657682,109.73049810981553,103.04022480880258,92.44899179895869,110.04023847519213,90.90751614010854,89.50950796592377,100.41173914607833,91.80669709485827,105.74574348352827,95.69340578452739,101.1090069327585,102.32204839081356
2024-10-16,96.62061255990298,107.39477872381495,107.57969990844059,101.20894574784603,98.9740378611489,87.57673398108716,101.8220880678521,105.05515727446706,94.32100115413546,90.64478970294343,88.44038234899097,99.81240163186074,98.33367500682543,93.61843150955167,96.99904255841477,93.39018104089332,102.8575174139591,111.00636598726412,116.77315325225244,93.13300025260894,89.79853257262143,97.56045224693733,95.51020999604036,91.05991670875454,85.49587960544513,97.00241483096188,114.56512246637604,106.4321838323395,92.02334259726241,106.24127340934977,105.92309704993409,105.47150172856252,93.1145513638864,103.16585141485955,88.52158057080345,103.25577432132842,85.58139464402288,105.57202342177065,108.97249085987129,102.86133511868127,92.53424789280076,109.87401809656228,90.87901682870076,88.2267659613685,99.44978261620776,91.66969966428286,105.57112397469226,95.15313091670517,100.93018856683375,102.3844990908608
2024-10-17,97.48380226221478,107.28828333699674,108.0099118628286,100.66227950189901,99.54188687039783,87.9064052539011,102.7075085486645,105.80736444498662,94.87794032877768,90.55562333464623,88.65727305468407,100.8795801457119,97.69455216234508,93.03197061651296,97.17518902150321,93.77881790190786,102.01334514490479,110.92340579794633,116.66343949244009,91.09252795108237,89.60155674534182,97.40709292015892,95.3572365053502,92.35841820819262,84.46271547837752,96.20580007037394,111.61120615663688,105.92156253771077,91.6599774633412,105.7008463616844,107.10290536489788,106.38312512213817,93.18707553220193,102.78421294055187,89.434656819,103.2353752054463,84.88396505290993,103.77560456793522,108.49263906988986,103.64050790982427,94.66498737874689,109.94173271694794,90.1861241896177,87.18747923425802,100.0002182414785,90.0662702225319,106.15373118861764,95.93439901860535,101.37148819148116,102.1598464165935
2024-10-18,98.03608646191921,107.47183701808561,107.17272239662215,102.54228702827162,99.19243341823096,88.59099313486158,100.25320972807702,107.16662144775162,96.28175725841234,90.5826435369175,89.15405084936052,101.44458426413301,97.06860154168567,93.54236424444943,96.3925693489977,93.2096669854776,103.16947979753317,112.0098150888529,115.84226125140127,90.42673973346001,89.0249554012913,98.12335643454085,94.408430517099,92.68846066076048,85.09588403160468,96.1209402768541,112.74426309694078,105.59972239573261,91.46416691820217,104.67291969231536,108.19789139077788,105.57079403527736,93.51358835219857,102.71093741397384,88.49804280710171,102.60847645771808,86.06595571509425,103.98508704958367,107.40329105673119,103.95743528587566,94.52676955158962,113.80551547426182,90.4436332666981,86.85625278972317,101.43037957108876,88.42328796793369,106.25390278745715,97.86694961923864,101.25376365843653,100.40436655697323
2024-10-21,97.64871133388412,109.04645808947393,107.57652523504771,101.68570256724566,98.51504792125854,88.09653414103866,100.6159769596932,108.61035951028195,97.30039943929141,90.99665467950848,87.97470537645023,100.10637357840619,97.5876043881017,92.29220787504721,96.175384542522,93.49359617056446,102.00248043294222,110.86839628253125,115.73328057682286,90.88332309467752,89.97500557254727,98.72082929504211,94.47799416836689,91.99939830102997,84.18944846011023,95.63113263870557,113.20739056498657,105.9557950717315,89.56353460985612,103.85375083211218,109.50902365485385,105.65445512194971,92.19783664566155,105.15935031235178,88.47243364649479,103.00359447787886,86.4104983229105,103.60354428070409,106.62468886460361,106.18663878954683,95.479840289636,114.74478013779799,90.96635489726968,85.98916599092007,102.73449579612259,87.68089642045882,106.55533282073395,96.2756085097172,99.20826116778657,100.72445395759028
2024-10-22,96.86182396874771,106.89877265427437,108.15966899846978,103.86453650374146,99.89352910868607,87.87013740695791,100.62487714505994,109.57879252786593,98.39838335617893,90.68458501005111,88.0047782599829,100.40776094044801,98.1296186790857,92.1694703740165,96.05996141324259,94.79259241182977,103.24371290057626,111.39895920300435,117.74006185739452,90.53278609793621,91.44719029211117,99.25786046128958,97.61949356848754,90.908837397614,83.61108823395197,96.03247356221726,113.65798323204648,108.04235966517962,88.9669106817544,104.79780768618421,110.78945338369009,106.40157614426644,91.31606250287055,106.65020955578784,89.56675996222305,103.62304328901313,86.58725671707538,103.8380652284213,106.54077011248577,106.86925169076657,95.50957242579055,113.77526114288526,90.01747294312428,85.34492179970718,102.96295588332353,87.6572644866706,106.7850403580753,96.75897878214026,98.5878549887133,102.21160381874259
2024-10-23,96.6028611690976,106.43644717265421,108.68267680070825,101.97446251789593,99.10694953568941,88.73645005352837,98.89169837585044,110.81028544452948,99.89660891461403,90.35016411846155,88.26196250461788,101.53772205719365,97.67262765096751,92.97277487426567,95.41741477353776,94.34094022569042,102.42173780616102,111.78131931565582,119.11137973125795,90.36625687887908,90.29202671427605,98.18898566616994,98.00546053614417,92.6008556312349,83.94093490883198,95.66164505841925,114.53215709014857,107.78390930400849,88.63099776532796,103.79816180696683,112.36090674002084,103.73383201932742,92.04755035001341,106.1567696434533,89.19998409429223,105.39159427582798,85.971112850959,103.13429036696482,106.40193762061519,107.31244373191973,95.08848883357484,111.9986166469042,89.24155670954595,86.4455112320009,103.03997706912804,88.05356842635268,106.5062461888081,96.12295513214197,100.2556851158776,102.01943078710984
2024-10-24,96.17550127251701,107.60955991017529,107.90042496663992,101.36979235729513,99.11710523194928,88.73668973463137,99.14876599093651,113.15248001957232,100.23307487368336,88.22693429452482,88.55043073416921,101.576191826427,97.7150756526323,93.20172033973832,95.39005461623698,94.29131853707867,103.05155690157251,111.17701364110484,117.98790935727797,93.14046663958966,89.64797252521562,98.28736422748766,96.55053928071813,92.70876921053173,83.16122056236026,95.23930322557746,115.73536841222504,108.29386223562845,89.13621930175483,101.97586964637384,114.44393173084417,102.50478679216664,93.46536158280668,107.24676552623289,89.7164542492369,104.49435328704273,86.10153515602902,102.64975070786615,106.43284077422805,107.04463443439923,93.1696303895252,113.26207275353872,89.16920476570694,86.02743727913061,102.46423055553772,88.36977126580626,105.55858107959128,93.979474214619,100.66468791058068,102.55039364055776
2024-10-25,95.98369588043579,106.38136938151426,107.99642947794361,99.89601723523566,98.10415557208431,88.07303935736599,99.98906197110185,112.74291974030537,99.78516835794508,89.96846490973827,88.86308847056053,101.92111384370754,97.35448924578355,92.6475457983353,93.3270750590313,95.20919550270011,103.51458415565614,110.97800057549432,117.82610948240804,93.82864472460088,88.2649850458626,97.70929206074624,95.45964242272869,94.3657470881007,83.89262400442651,93.16440975650787,113.9966043906667,108.15063479301526,88.7160971526644,100.6342232455687,116.69137699845355,102.82565632612666,93.91020563616071,106.50716390464649,90.36679881210468,104.09757774437969,85.85791763350397,103.27886268251032,104.71309770550619,108.76789088540666,93.33971680924589,114.72222864099622,88.21539941890732,85.23691650136375,101.28058812174999,88.59123579127939,105.62825510092767,93.54403432848773,99.64903672881292,101.25968546618904
2024-10-28,95.93717052042308,105.88722302242668,107.25853083872998,101.45351489090358,98.02342389668365,89.19873806757094,99.45728722603346,113.01922569726021,99.72982687377011,88.45403123038491,90.14146201898157,101.78345682718599,98.08387965616643,91.95342291632106,93.17335735161478,94.38743919736741,104.80196244404128,111.32413511082697,118.25938907015932,95.11170393269097,89.29155339681323,98.45997180609851,94.11206869192392,93.71154251041219,83.0546491078627,93.84468383893051,114.19130789499246,106.65719407192088,88.54880857669534,99.14181181709976,116.62936444386922,101.13751970820235,94.40814407991526,106.91048289564289,92.10750386146168,104.98394562936424,85.49557899102118,104.12722152449227,103.25974074185966,107.72605148601377,93.65118964142522,112.27276438542123,88.18262397423412,84.37169679580772,101.38324449331171,87.64158240498267,106.07733293442601,93.56211572759598,101.05430435547682,101.26650506386945
2024-10-29,95.20258315508605,105.62612488546281,105.82637000741948,101.86639327001387,98.60332389342605,91.42864688733387,98.84074494638271,112.71697123478997,99.15727373754831,88.64185347776652,90.48618090832451,101.72914456128363,99.15519873399803,91.3878357166286,94.09675448917545,94.89708451454206,104.78935561021794,110.97408612494584,121.1642547073059,94.33779882439694,89.55797924703715,97.72407020966244,95.80764656071034,94.5462970833435,82.49315459806691,94.32696200074383,114.4859534909999,106.10759749531982,89.22270535217673,99.5285285013736,116.8812039926797,101.09513203699842,94.81597297726177,107.15600384196786,92.16194934069937,104.31313412986398,86.95600745310017,103.03917296708983,103.70226230966746,107.38162057748877,95.3136092305156,111.2629681006551,87.53662733515219,83.55739982193406,101.71171481371431,86.44644279214579,105.57093526475974,91.56983423128548,101.29755277581644,100.76121976824288
2024-10-30,93.79640302278868,106.77905888596686,104.45152240202866,102.6814545392783,97.91449165781442,92.90473064301565,99.58438979814875,111.5864379379029,98.2520767269956,89.18023060253344,90.24907614984639,101.55701965895796,100.42474843411074,90.70618008304211,94.18269819049755,95.80733630427088,105.64066401061389,110.79709871056649,120.8147092218252,92.71161770828442,88.61700581639936,98.03567955912996,95.67563591095947,94.61716440773306,83.35493798602994,93.21361875296923,114.21587927662085,106.30802321798242,88.59664163769656,100.96350276919945,117.94801027727941,101.38886861490563,96.53254488501798,105.56182494143684,92.15482892449606,104.69597251475334,86.16437238543993,103.34949309900195,102.561037173536,108.12571847112089,96.32722144689605,111.56638729425785,85.92968329835593,82.75346475199167,102.28771587881414,86.46477020789554,102.76481963249131,92.71499340632485,101.43607710205494,99.93928088774945
2024-10-31,94.73429364551535,106.05803341293421,103.73489333864458,103.05007634224484,99.67400873826917,94.42543148437434,99.9432513455423,112.10359232661489,99.03282660253532,88.06626550913187,90.83229043914028,100.81424610982603,100.74508906807485,90.50008737307593,94.6559346761859,95.92055493257796,102.44366833636423,110.99548293052675,121.59302074457696,93.1259682605154,88.52614383626043,99.65887520477975,95.97400841713885,95.03218603065686,84.23013628751362,93.55221830749788,113.19479203784206,103.74722227330426,88.17493536633175,101.73471054049128,117.53227458568671,102.2044370184628,96.67622279647863,106.93032566764727,91.88317365625748,105.18669285138836,86.60136949587792,104.91310122700379,100.8255436644794,107.63119556367695,97.14805094516008,113.30448815397696,86.13622381212812,82.51159606700182,103.06509408778138,87.2191639550038,102.39587782597745,93.02174414018796,102.64065383496374,101.84656340577692
2024-11-01,95.44041380489963,106.10485659156492,103.67881367641357,103.62607773460786,99.55877963638538,94.60467024476804,98.89154807918172,113.56711085666802,97.91008228162117,87.68654182507484,90.92097990371717,102.84155932402928,100.3201554122981,89.89934521902386,94.13598706901688,97.52504996740925,99.60273264055051,109.88805063291014,124.95984676070822,93.67786182706618,87.55245237487235,99.6171089696289,96.03876910762035,95.83968877307171,85.79388987622004,93.91642413032115,112.58542591392984,104.56702254690371,87.56139602247876,100.68886051645245,115.48190886299163,100.61725943755097,95.81344641644733,105.67829882864311,92.17143655531136,103.93261747217177,83.92125900877252,103.8235976324152,100.35090929401542,106.9815117795335,98.63551210387357,112.61144512856778,86.89837005182224,82.49593470754375,103.02150190389037,86.49358713368697,102.33570450135252,92.31275406492352,102.815316345084,101.60623527283687
2024-11-04,94.54310179888982,107.16254154511826,104.12230264427285,103.16280654525782,99.7037361637332,94.52540345106407,98.03728508295305,113.64719961369023,97.30393323795566,86.86186448596767,89.4574508974564,102.47342240734432,100.8905567352171,89.27701504875346,96.53904083023774,98.39265178460211,100.91039064500742,110.7654116289068,127.29676712641907,92.94350867366565,85.33892624676973,99.1736813936542,96.5763744669789,95.98501223428514,86.03055436797922,95.16520504959001,113.0163898022398,105.40576796967859,86.74255455765031,99.59193986058646,117.36104331957544,100.7188350339965,95.21816596426085,105.0236557633103,91.57506812581867,103.19838358882328,82.85130444745049,102.27743566272207,100.15541130464602,106.34906753535778,99.73363208626321,112.9419670879126,87.12923291583982,81.88516277746565,102.89689203410958,86.8063942166077,103.07125931922666,92.22612061125302,103.93082892814923,101.61435323312271
2024-11-05,95.2956634467238,106.63888708216824,102.25199559038157,103.44002501288205,100.42954038831746,95.0708203539467,98.45206037069374,113.25172996694086,96.5220953683224,87.34243043740665,89.83975446788189,101.90025884997634,102.01609291714595,88.49228820892775,95.9773533400284,100.01602032504874,101.79069763074071,110.36957014503503,127.66311964023227,93.08748942364919,83.02772240992589,98.27876004944217,96.52728112984394,95.643328269102,86.24340094072768,96.24617238430086,112.65358525230181,104.296813601483,87.02479737179138,99.26718000609942,117.17802841365005,100.42539224577635,97.37691016132433,102.69655531719945,91.22014068729186,103.19457664420398,82.2066388594544,103.20190752982738,100.97325395421836,106.29829306843158,99.46404433519247,112.81559159324384,87.03798092662099,81.8210120375336,102.70362852534876,87.02581320816908,103.85053559705088,91.09845026620481,102.84458162506533,99.8530511620015
2024-11-06,96.12488960731864,106.90616344406281,102.76994913206441,101.97187030136948,102.2382498252872,94.49373936495707,98.61780180774092,114.2234807091128,95.57412764726092,86.86655855024054,90.0008662405694,104.85403196552541,102.32375160034228,89.9252725864253,97.14153049789768,100.38476741493136,100.7887521252377,111.5454352816345,125.76483990791422,94.58969602901043,83.1939484370658,95.7083642710296,96.19915880951108,96.270835278117,86.03922555936374,96.93680419622069,111.70006088696888,102.94357138677586,86.96264435993645,99.29851929983661,116.77050877926807,101.66549848501987,96.55251399392617,103.01866972087706,91.28216406686117,101.60056948011895,81.1294284631282,103.21420065790588,102.99368435672538,106.91583387766713,97.7623826080784,109.36048991087324,87.67836026730842,81.74232705093817,103.88246411674902,86.26272652865293,104.21487075305285,91.87257176394893,102.385417580626,99.42849684421897
2024-11-07,96.1491765434783,107.48789493804422,102.75521913864311,102.96992520255857,101.76706449573729,93.24678960885117,100.5868511361212,113.53493071016328,95.03238528910202,86.80941627263348,90.06135013580914,104.44936147695152,102.30591413786152,89.88952339923534,97.31150119529806,98.04588684368429,102.70240418250616,111.38126282428469,126.49718303323884,93.29509510419449,82.80302606796248,95.06705996356877,97.62346172862813,95.70851630430074,86.69395024214013,96.30835339735852,111.19562769703488,102.69110337184043,88.08630764586373,97.43954485948167,115.24426389147213,99.70491223405978,95.50819216089594,102.1859538766678,89.82026344955104,100.85740249844537,79.51125761603676,102.16882168164302,104.23749207906339,107.34820534137835,97.94582736709884,108.26932648902374,86.34183750537571,80.81643803903582,103.83758638032323,87.01489986258483,105.15952751794863,92.45376216245029,101.63304490430541,99.45290937005052
2024-11-08,95.84070423876074,107.2718576917171,104.86994103647129,101.17148566000766,101.52852080197175,94.38358017669202,99.12311166744799,112.80639998176491,94.53095493508093,86.61579601583472,88.6354184657811,105.07298830612972,102.98984136290221,90.34766310387889,96.46820275431813,98.13074381565359,101.78279928015796,111.01142783374824,129.2508020363311,93.3844169293457,81.82553360636008,95.23865414598673,96.31267131636535,94.56781348579449,85.796041745872,95.88139548951501,112.2423925259177,103.2867879169135,88.5482017090372,96.37461984271464,114.62211555552693,99.97647986500255,94.90997642443853,101.90189801589167,90.2175691165365,100.50625214576789,79.69120375441247,103.80912166446628,104.0585046239814,108.62169794476728,98.49524220606925,106.69235078045357,85.39545692764048,80.14555564756,102.95372957559483,86.93636978806121,105.80787476757565,93.62151659295333,101.94673574085513,99.01065433726482
2024-11-11,93.86570306976056,107.3476071730772,104.89696970592486,101.35672677563836,103.6896346531166,95.5617929346049,99.90435106826367,111.72631934163655,94.04725783103316,86.53368454986936,87.95079087246827,105.60015938975916,103.35807796413243,89.3697335395647,97.62968687795149,98.23119308344907,100.038029886609,110.95444602290578,129.6147751540925,94.29728636717131,81.54985717180459,96.03044465439375,96.4930815219469,93.33233649931877,84.59043546037383,96.96378542943226,113.5928533335535,103.62084955654787,89.88257741057473,97.39832231448443,115.4083898039326,99.0695216021971,96.56758377878923,102.44986742490542,89.8701454320288,99.83683824661965,79.89610079954997,102.08882353677828,104.78912717634987,107.59083594564433,98.86095081478533,106.13727074414308,85.16995362755672,79.54121606255156,102.78787160488095,88.59454304306931,107.28357298201301,93.95397406438282,101.92095232378252,99.8500415333606
2024-11-12,94.93237290168456,106.46050276410679,104.8157701244801,99.52677069004324,104.86073916795942,97.55568344669587,99.98438913872802,109.37717195246246,94.62164959894956,85.7548687821528,87.36930058086453,106.26390231276635,103.62151536878028,88.93457491534858,96.9975344049386,98.35488114759062,99.62924610035164,109.73049889384556,129.18444009876873,94.61805734462325,81.40474331376059,94.68259449293392,97.4521957644239,90.81082710201781,84.21369467730298,96.36427851866854,113.76129871838457,104.20448579003676,90.90106989341214,96.70691764421798,116.08734440141566,99.26370800657328,94.92885530375129,104.41558889211923,88.58637357361127,100.25653074364129,80.20827186510515,102.37060605482058,104.27214387208149,108.4845756341281,97.33032940862785,106.06742485635382,84.69105329477493,79.0043053381933,103.2295184291048,89.55429149094549,106.9159472454701,94.69032551156835,101.97166109409022,98.96261511615128
2024-11-13,94.68780842382576,106.14214553450519,104.08809831397431,99.95414086213961,105.10707979623568,96.01619069038553,98.34668176648468,109.84266754117091,93.85334831481138,86.01427533844536,88.05426611367412,104.92188450276727,102.1691336448999,90.43626088138164,97.33914955375778,97.94340064746359,98.70309982757558,109.17181668791652,127.65552537007582,95.45762775558535,80.77488043143775,95.72366326188765,97.06255511296288,89.86827776613549,83.85545449389775,93.86841023439003,113.62399374443619,104.0273646629203,91.65386993865664,94.89982748843333,117.44399014904658,100.08161658095065,96.12487766303126,104.36055406572613,89.48911671942129,98.79231005673326,80.78223889180532,101.58419820110282,102.5643320073555,107.27188550454834,97.33571303296226,105.1967055096456,85.0101535796969,77.5885584282782,101.05691449714634,90.79179558640178,107.8866336398979,93.70193755248889,101.96860235369229,99.97670654742821
2024-11-14,95.08557342688096,106.29958936420611,105.23428818762457,99.2264254769028,105.13985566239063,95.99905463712865,98.07879485648041,109.41532820645583,93.92176251895673,86.04387578887427,87.13590344354427,105.76652550480961,101.17642356077094,90.2391139126949,97.05214998818114,98.29476825810768,96.63348464633512,110.14878460748265,126.79422852293459,96.62930828060344,80.38956524059951,95.67691980887317,98.93801363311039,89.61938399260544,84.90075920431846,93.90506839162283,114.09699098977373,104.10016620233613,92.43426237559686,94.25148400930433,116.29395204542419,99.4445554317648,96.2207719406177,104.13036060638233,90.12699810656622,100.08973016353467,79.99776864090536,100.84135159741135,101.10179058097563,109.47216626088503,97.63271747355563,105.70265455029453,83.87844096637282,77.58765065598443,101.57285739673132,90.56260211476537,109.05344067954698,95.89340198596688,101.0074541481725,98.96006172977432
2024-11-15,94.25460630602466,108.02075817195322,106.33694017809296,99.09203715512939,105.17830146817293,95.21837211956912,98.9556189649203,109.00044595035814,93.67781141650158,86.56929984486628,86.97224623764868,105.5183018721329,101.18712374128253,90.95969739180114,98.66333454001747,98.87195862954509,97.41288148482268,109.92886761680786,125.89995025749808,97.26332157316774,80.52734292716602,94.32542868105061,98.6139599159126,89.54512297515222,84.4684808379036,95.30685293815885,114.64578851186147,105.53950326504733,92.67807856884602,94.3282244774053,115.20983028399121,99.4564194106618,96.23333334853174,102.71646677977424,89.64204759109244,99.76667994693553,80.32922783568672,101.30765811165945,100.5157721537249,109.98665316554484,97.45511060829323,102.71249826001569,83.47286417215902,78.4293453216888,99.87888383407346,90.6647157239356,110.79599812838434,95.16679120031628,101.00962490292564,97.67798385622191
2024-11-18,95.80089332452228,107.93077913262252,106.38653329697607,100.44316962103233,105.87633934788023,94.38825238208649,98.31716958873506,109.54126050573467,93.09496918401352,84.75568421032428,86.92595384347108,103.96790946820707,102.83588114900455,91.12064511805961,97.77428842769994,98.1836143753544,95.58964320018623,108.7268615225814,127.18602493160324,99.4584349140423,81.11442041211532,94.23864910511627,98.18890636061282,88.69271076499628,86.2263759130836,95.12713215412992,117.09710800445717,107.0205119394964,91.07870320806619,93.70213046455872,114.44159731017774,99.37703877138713,96.17530843268244,105.84066826348719,88.6815809621707,99.99537737408399,80.82599347063021,101.3060655632638,100.62658204652526,108.84348519030537,97.55894212032733,103.23911435205653,83.74677017676245,78.87782756743384,101.29979314880285,91.51820599068135,110.87501787208393,94.05817421681442,100.40537639976415,97.46368799148998
2024-11-19,96.04294816441636,107.41574363007086,105.39568227630356,99.25676756129187,104.14248666815746,94.16674683515089,96.88280214252552,108.45073664253732,92.72898763417342,83.63094785544821,87.25668463681752,104.74035931171932,102.27242234682711,90.7232919194461,98.30117110526811,97.48508488310982,94.8443512783507,110.03559061471961,128.31557447981632,100.05853025878066,81.86873744342049,92.39358944349812,99.52726180190882,89.04112383561072,87.10235573130876,95.4961419228562,117.1544115759468,106.72627982091876,91.41370814502149,93.41047088976124,115.43913099874936,97.81290509351224,95.65585406658627,108.02720204255203,88.12809734332082,99.75698929442267,80.11577738910705,101.64686956824688,99.88842458441744,108.6416471546462,98.3906122234991,102.52023175643008,84.40981751463744,79.52905782328385,102.3741183564495,91.64691701260159,114.52764015441048,95.05529761908312,100.73210144229716,96.61370778010978
2024-11-20,95.94977494233613,108.95882186916157,107.21294707570968,100.7350089548116,104.96342421298854,92.99172504668108,97.35592967523364,107.11274870869664,91.35987845121511,83.8311978924687,87.71440748611934,105.69084650841893,102.78212152214878,91.20684834548236,97.33799582999309,97.38280196893672,93.42565370810854,107.85310616515169,129.26946251843376,99.30779559073827,82.58616617761314,93.42332755154207,98.91277699634158,89.56829792102961,86.52837220184179,93.74956822227229,117.2989630876271,106.22491497087418,91.0122904068636,95.27399308168103,113.69106536420377,98.18812031080736,94.70898030081992,109.01284074243472,88.39149194403623,100.13613046687023,79.3623369225593,100.87164472094653,100.81894798248081,110.58260547114142,98.86432675869679,101.60430993684105,84.6964002983072,81.48322595277266,102.47902652169351,92.99648935854738,113.68288923023407,95.01530101453022,101.3581398497107,96.99834502108226
2024-11-21,95.21723735662573,108.08034170754377,108.27776897735038,101.94249740535841,106.56268294105895,94.6844530365832,97.48707793470689,106.7799327731737,92.60251719897738,84.43110876135115,86.85687202583856,104.60401484002514,103.2889835009359,91.04530494389276,97.31227284118661,98.43288619723974,94.13748724556538,109.29699544022155,126.7965357951156,99.55975857605974,83.16188018942758,92.00797104926181,98.26711803492006,88.8186444430291,86.5471493131287,95.28816335418409,119.69559479432962,105.36345086753246,91.49278615324157,95.80787237245653,114.13261646352039,98.58065345752765,94.99708906050358,110.86811940474546,89.3713700334015,99.08014082493101,79.99635894580814,101.7758247515857,101.13699529744538,111.84086874492498,99.05043984685139,101.80819807816096,84.79914894927667,79.85517979908695,102.39666814212323,92.3771115868484,112.34207067515187,96.38765418449839,101.87048576937687,96.96941368174433
2024-11-22,94.6809630823521,108.40091729600753,109.35661304775628,101.10294396640379,106.55753782223236,95.50995482150728,95.61787924158627,106.71847751110106,92.20583465490606,84.31819030475326,86.42226412260156,104.74807481072459,105.29511185787821,90.75086587433387,97.59655789807377,100.41608682149636,93.62113770378981,111.29848643067794,126.8032853627573,101.34971033685277,83.78810759564546,92.29096955621063,98.20264581437665,88.26610512563825,86.61276960321935,96.14709068473842,119.67990201780839,105.03037373122986,91.26362569284434,96.76347733361406,115.53952614741327,97.92516111305434,94.36406856525056,111.28950628377122,90.74702641452647,100.22212062724505,79.00116493246958,101.50741381553001,100.20017661894052,111.54208024292683,100.65243190085957,100.37012724716672,83.43741700013886,79.19626987243255,102.69128766026931,92.95233046253655,112.83458576939516,97.52755747345256,100.0901623400801,98.12861059455014
2024-11-25,94.38592886107388,109.1967711017207,107.91889437616784,101.10795545720461,106.80959979508948,96.62021568231953,94.11404369522167,106.75130120949656,91.21059451309314,84.74549451433491,87.09656926169839,106.10507557863862,104.7332563819244,91.59624517231593,98.93382984229848,98.7794860408292,94.19618081143928,112.37042406286717,126.47563584536785,100.1299937269694,84.5819291903829,91.19054427281674,98.02765608157415,88.23069628680342,87.234739489259,95.54648642418844,118.86339096936307,105.13431642748556,92.18673136396757,99.00240302510103,113.81085196819318,98.23444769099987,93.34431990355748,112.4291317449454,89.89930946954807,99.54824956171312,78.53700301778215,101.43009570501155,100.52454507499485,112.08291780444864,100.64662689277046,99.04415050128763,84.04687806171971,79.15433969004926,103.89124473899301,92.29679325522535,111.0410725924053,97.49437838920807,101.39572495421857,98.28666803346509
2024-11-26,94.19765669035246,108.25050413754325,109.83262671109296,100.07228611250582,106.03761245264715,97.17255672280177,92.38337801028419,108.12065159753794,91.78170532637976,85.51098895665179,87.58402906427293,105.9342530032933,103.62568411995608,91.46803114689043,97.973680680562,99.26087696312126,94.95921044521045,114.0422345203691,126.94670643407085,101.06006394806329,84.33097147761657,90.755442074116,98.49308697108661,87.89036664471841,87.46987935044281,94.5379154759565,117.82006429648659,105.80447652765194,93.00777664598834,98.03137310185936,114.57664872976588,97.71250925547496,93.35972781954742,114.03352992085813,90.6281736994198,100.3436873290652,80.05050863052114,100.71865698814031,99.5383679656468,111.27645741337737,100.39080583882978,96.73934621816112,83.87272179164205,78.72445988523828,104.70870178226241,92.62263887516819,110.37605199176086,98.07125705405248,102.13174123551856,97.53418527550366
2024-11-27,93.73438236068591,105.86814367107536,108.64123503884574,99.33203133351269,106.11628566641869,96.2582329415689,91.91024940373836,106.80389983715143,91.93889102543775,85.87579768765816,87.93714678323936,105.94734848539812,102.04097878017049,90.90272586250542,97.57543892521964,98.86136863942764,95.03043871837204,115.67959666462413,127.98183325311629,100.06698931284663,84.90502019276003,91.33841572378019,97.70235742218509,88.63961356829408,87.3297105295386,93.21432775000444,118.35760696557196,106.03428105329145,92.7962596250019,97.99466420311785,113.75569988600776,98.31050550415151,93.31917123711828,114.22349546699384,90.95242357451511,99.19179613142492,79.33782199042534,98.51724519131164,100.1020934928388,109.93569588355014,100.5239818949434,97.09890434828638,84.37945614464275,77.7822874127186,104.6404941228677,94.18268901466035,112.28455700479726,99.04433302075705,102.47701115817102,96.55877312456124
2024-11-28,94.41040401240733,105.70098164012711,109.25190978324201,98.70539996378456,105.93293405390519,96.41636804158765,92.13688317196673,107.33251883279375,91.4079247292149,84.72995464464876,89.37760688974654,108.6177458750246,102.49855413326425,89.70711333129773,96.82389957310471,99.36597266008972,96.3134911454114,114.2850042077949,127.82280870999459,100.26324483179476,85.64227317417014,91.02511448922128,96.18635820715339,89.19195447242437,88.31753668968838,93.13737245778465,118.8382125857276,105.53234944195935,92.0147237741794,99.00568642157228,114.19735364207126,98.79377328137922,94.73151359242962,113.02495017604616,90.45172556860727,99.34857682873927,78.89136903970434,99.29179867899435,99.9146786113862,108.84994516409208,100.59011994947001,97.2644423761149,85.17183312002815,78.08868328906223,105.12415431907701,94.48483194639194,112.07341095512737,98.33749285896529,102.77343195041466,96.23764710975931
2024-11-29,96.01932807129202,107.12924500894813,109.94549093291575,99.07967507697613,105.83979741749042,95.20807340275178,91.93792394788217,107.44140924086993,91.61790694742885,85.1287280559278,90.20487485507928,107.86853954648568,101.80079732856736,91.01812241163583,97.57327908980406,98.97843699409773,96.21028765841348,114.16767783510456,127.86317401207974,100.73829409211208,87.84105025984204,91.19800459955646,96.82580337402439,87.70036593607257,87.89032158075878,94.28891916289156,119.31728004065346,101.00059317539987,92.63701921384691,100.9231091165936,111.94067551710607,100.30629513471958,92.14165871079848,114.09011080430854,90.4439030754152,97.04113219974916,79.24411957110368,100.44108872456819,100.27891744874063,109.48839482165418,100.1768656724787,95.47071790213518,85.76314958475045,79.46706708033187,106.31834863685117,92.62513627007203,110.38841231978442,97.50909830703918,101.14924718684317,96.28018384638239
2024-12-02,96.39782733372486,105.60793072222123,110.803237211055,99.67704050646866,105.26121413751656,95.04396015012695,90.16268032757034,107.08501450807061,91.62467315599396,85.27250201079896,90.54728855303868,108.13232154962229,101.53204870358476,91.27898478418952,98.55590947674746,98.8839596129959,96.51633235037659,113.95532838400784,127.03887601699708,101.26641366039347,87.35468542050727,91.55084366821877,96.85316572997093,87.43421877419624,87.60238846464827,93.81103252047839,117.36962606580875,101.38806081666543,92.85176581439195,101.78427611157895,111.34733713602365,102.22561601588598,91.79242720816498,113.09605313500244,89.54962615555374,95.37301796423111,80.46799179760981,101.82768762035252,100.88315133040958,108.511664292067,102.00786899280988,95.13551891871006,85.53273463552893,80.617461992415,107.02120454229262,94.68651435568248,110.66331460390539,97.12272467307784,100.53230033284748,94.51821437523077
2024-12-03,96.12964081331276,106.82365634720836,111.46875554669096,99.69728498194905,104.21912670179093,95.25983403816645,91.08050036872841,107.54724502967888,91.77757114214276,84.59561710555134,91.33591263277647,104.79820339115875,101.92150482750768,93.65556057905503,97.08047387953837,98.64557175236627,96.50869725486541,113.42940796575284,128.36232027819827,101.7459798245041,87.48782829465105,92.28367085755202,96.86939068084834,90.25918546880551,87.73507237458713,93.99440766453871,115.37912805805375,100.838561548497,93.92326154900654,100.4340270875991,108.97068567688835,102.25865604360871,93.05933002589705,113.14399479034157,89.2491331288944,93.61689117831136,80.83273577111187,102.50328007301661,99.10160179081429,109.74977443434565,102.7919366364269,96.21887550100655,86.03329864179112,81.14617055732985,107.57993978346181,95.512421722371,108.66880955925953,95.67574205588163,99.79509094774276,94.3955902796945
2024-12-04,96.50348047911596,107.17105682830268,112.72096069899663,100.8489040999092,103.31388888154987,95.4873725630096,90.31155543772634,107.34498096386658,92.07337913183358,81.76058955607374,93.56501088092728,105.39347374895473,101.31615990478254,95.47815719524665,96.74377129637826,98.77638291412961,96.03973126318243,115.31881599047469,128.22763018761586,101.8981876223693,88.54735556324599,92.82524195639918,96.81675834492975,91.2670003034371,89.99072097881398,94.2932297310999,115.51392350768985,101.01076631743899,95.16215938903795,99.83402805757257,108.66782277952363,100.69851144419243,91.96412619903236,112.55964935820279,89.19922380678575,95.28778819294558,81.26715661105887,101.57262030877794,98.38278108086313,111.26897669323135,103.9565492369819,96.24596484071235,85.65341967852945,82.06416420001653,106.51660897855693,95.887594364349,111.16675844546154,95.8724195037698,99.02406470404654,94.78375614979313
2024-12-05,96.05096995918696,105.68733457938579,113.51395157155079,101.9825521920993,102.99317792206557,95.12783870080642,89.44731256566853,107.18415322123676,91.55704078112504,80.93812795453579,95.35227455179908,105.88627528151453,101.89775156089524,96.325347351914,97.49258390903309,98.36916954390405,96.30184710938153,115.00899017119272,128.79109609670567,102.24695996475074,88.20916748981206,91.59948225417452,96.95844389612301,91.08075995024686,88.30553964712483,94.77313753262881,116.63442770475643,103.59723840157451,94.79061460818457,99.29765631797974,107.4689019373243,100.90883006837161,92.15037468967307,111.65015139891923,89.04332410716752,93.42089216749794,82.02349451385803,100.79282989167065,98.34869110603381,109.6927800055714,103.3529138826826,95.97724547024491,85.64374922794498,82.4587985169904,108.06054551628131,96.59275349528012,112.24152781239334,97.26890750143532,99.58982265887994,94.74897007589489
2024-12-06,97.02513869278245,106.82747546314029,114.2525568645316,100.50982317343033,102.13016740640161,94.86673492366059,90.14738803875761,107.16127568456722,92.60386328294953,82.00968718284355,96.50259423165922,107.17050266997809,100.84653801862977,96.79137136725706,96.90208369538776,96.76029882101281,96.0254046358355,116.54269311327339,129.38585989289763,104.33106462224436,88.36563934218248,93.86932419514295,97.13071858079353,91.10123747644077,87.18296370074655,95.83151880195771,116.05024482618573,102.92907890229309,96.01291445319583,100.45443036108898,108.69241745660499,100.5440083072406,92.10341220957523,111.58334386888977,89.74283764783063,94.88357861217912,82.32601770604009,102.80316412091916,99.23504026482813,109.43552415850542,104.21297003821068,97.62860551874113,87.37237275862239,83.4433259372218,108.08829303282168,96.38367013113596,112.88998300748287,98.91086886987607,100.02275083399934,95.18061458093668
2024-12-09,97.0750203501714,106.47777135623132,114.06746413526996,100.64603180185256,103.90002624472766,94.63959863606051,90.19482892970916,106.23792693338949,93.26987490879225,83.1381904464597,98.08307951366206,107.3886712168709,101.42742099554778,96.64286195221172,97.41509801210488,97.0645698433108,96.08136955167676,116.70334560307974,129.97190666587244,104.02462317880006,88.1516151073106,95.48577343185916,99.7994979965152,90.01062495369398,86.0918052151483,94.91864049942727,115.93044025043125,103.85523952135878,96.58227515696073,100.62739199085821,109.26885343284742,99.85055954379176,91.87884103303023,111.56092395254262,88.33231928223128,93.78805943133077,81.40783566582247,103.59170035063488,99.4788172840329,110.10628949191027,102.3133378486204,96.19091099893868,87.95376563787947,81.15662858212968,109.42011228162679,94.6422145244872,113.84606076253519,98.03585547159962,101.07741471836324,98.28367123904223
2024-12-10,94.89322469827682,107.2207737863635,112.02347380504996,101.07647563396749,103.68541187038782,94.76250384250339,89.37627205740448,107.0704023067353,91.92872910498573,84.17690035893418,97.68249446688822,105.8928556951364,103.05809381488412,96.57780199423198,99.29126175413589,98.25734309384994,95.31755246894332,116.60420179899387,130.12931722787536,105.6245330091389,88.53813897664622,95.65425627238847,99.60021839795952,89.96512975124512,87.22231029841203,94.92215763319065,115.47342137509291,103.27062091186103,96.04891431857737,99.226344325715,108.45199551988836,101.35800631233955,91.68921597626901,112.34954643187231,86.16969004687256,94.32258502557454,81.27658783584384,103.09416706793297,99.65899708691158,109.56170590972025,100.1632440005699,97.08213301674257,88.16776866139027,80.9022429912876,108.36800201505596,93.26128254932601,114.10123934638992,99.63043533028505,101.28297888866031,96.93399527371994
2024-12-11,95.10708584819302,107.16359430145337,112.9955992360805,101.69160435417679,100.6353113693583,95.28060016379172,88.48388452130492,105.55892166064417,91.75563106725622,84.52355493706024,96.09286047032036,106.64158637619519,103.84778646135067,96.62318122996344,98.43351369754356,97.29972927202081,96.300479326616,114.85530082641728,131.52190405891494,105.45018621813918,88.45332953900589,94.03427244015342,99.45419546008596,90.5188397618676,86.06441688013517,95.3966555824509,115.576252629278,102.60794578502079,96.87333657828032,97.06501183866573,108.82863019271286,103.01279646396746,93.01903992792774,112.78834719616408,85.91012438386466,93.72478205568491,81.03075262400651,103.65632777057165,98.85774438881187,110.39470304273429,102.32283869508943,97.02207403723754,86.99037788493058,79.82159658165787,109.21282665070933,93.20557913854003,115.10611335048225,99.10018925041729,102.12776279092068,96.78067094799748
2024-12-12,94.4129679121124,106.73473036208783,111.65104407754072,103.7348725959941,100.53836395852156,95.8966802845619,88.01011475750522,104.45433789274378,91.54128328507123,85.45946564483685,95.59377497278638,105.71726635847997,104.00935819846492,97.10655781794283,100.06398327351242,97.64453704978213,96.92264857482365,115.68440475866988,130.01414532355116,104.43922801635617,87.49976434660228,92.78990566273565,100.24846855254599,90.78177087119715,86.13286190522311,92.95507908761705,117.97647930093862,101.69444234250173,98.88152776428775,95.66844964645132,107.94808675567968,100.768390908381,93.35649574101245,111.55307208941505,84.99323651792913,92.44718376211436,81.66310390494036,104.39643453863343,100.66540850284589,109.64030867664091,102.54698603662236,95.7791641430396,86.69941386666812,79.40851851357891,109.72124533891817,94.15833686788389,116.2525633572779,98.26847053064552,103.15258346283258,96.73801445979272
2024-12-13,94.10700319357989,105.98117520178012,111.02761694166345,105.55809666513767,100.84790525165064,96.06427352594497,87.77961336978603,107.04077151297639,92.74373563291812,84.84546613379902,95.33257351930774,105.49101533568374,104.16118941954797,96.428003274865,100.5040453925436,99.07276626150492,95.6577714986403,114.3866489797136,129.38748595557055,103.98403695625709,89.26600737556193,93.72406165510051,101.19962115385208,90.54209196703977,85.88660467589585,91.61539284854544,118.90236318747549,102.19504569643026,100.16135322839621,95.4669645980964,107.79514732366732,100.93988882226571,94.19286429424044,109.92499881645111,85.62114248388933,92.4282381336622,80.80314779213467,102.24270681741841,100.52812038568761,111.23913091450908,104.27878530196611,96.12014603258035,88.41725827334773,79.37442695593515,110.772223414012,93.73442250300789,115.65586563215892,97.60494295179501,101.04884314295941,97.99116928589466
2024-12-16,93.50511515298405,105.13519549731353,109.72522156267708,105.3425990034761,102.64212426477299,98.09685155792603,86.33375100848693,106.66203924445077,91.78937784294938,85.68818348433096,95.60618240891873,104.82162471701648,104.23680984020538,95.96873521892526,102.13959338916972,99.61613884273083,96.30066036248435,111.3763706828603,129.30109861482404,106.17296463907748,90.45767390314684,92.00878439365606,100.88293195071559,89.46072056048857,87.36885696451164,91.83946292233752,117.99293187677038,102.22995938500026,97.58353326490753,94.43678361269544,107.8344390508618,101.79713223826046,92.38191985304762,109.5068113271595,86.49002606387555,91.09637447040014,80.98854710739225,102.31018319135703,102.26641259284752,110.98342376358103,104.09999572827194,96.9454576095371,87.2522800609532,79.19929566550307,110.2685552294981,93.60430471299416,116.64127166823177,98.14733342467594,100.29513329811621,98.12521403181562
2024-12-17,94.90919177981495,104.26476080578591,109.88462180420986,105.13931492179655,102.57747494642,96.51019936129941,87.5603473375782,105.83928931703261,92.7360513908814,85.15738798370995,95.01002772184263,106.10098463437777,105.27796883331189,96.16919831932233,102.91999571640875,99.32910802138166,96.29260261886007,110.64190981234854,130.4753645919702,105.43929377367536,91.81113743377719,91.71864763137933,100.90362371311541,90.14206562424901,87.38970952459859,91.56627265679982,117.95751164790371,103.1478053520358,96.93883769618708,94.31764465784462,107.84553225613698,102.68107086807979,92.28972681268267,111.50503448000836,86.35474172092833,90.88011040706337,80.85014906329945,100.971954105279,101.21166610529954,110.39603140739185,105.28913506788227,96.91334871819942,86.83043999270194,80.17668429763974,111.99235084053154,94.78680364917305,115.65044896070947,97.66246176128638,102.13081923390794,98.36211839113088
2024-12-18,94.65552868249263,105.01644119743337,110.99708206943961,104.54021017887636,102.80281807099922,97.40857992181807,86.55026712981851,105.85235646801856,91.70834737867398,84.32390224488164,94.47652965582495,106.6084227425065,104.93949522399852,95.54763714222115,102.97306935053905,98.19634875541577,96.70639494078087,111.90080579582231,130.37206374534222,105.22583846186949,92.15463825584422,89.87690565042298,101.44674846951725,92.98198742306809,87.282568862805,91.45725924764638,118.83792129869673,104.85896845023382,97.8885825225722,92.30628342576158,108.45484755727061,105.35621017885315,92.8659674730526,110.22499909518406,86.59845823654257,89.72364159993559,81.85304183160876,100.01137907597955,101.2868372263818,109.45312613488713,104.715353770656,98.36438264442306,86.92031878919374,79.72958555440395,110.71709931991533,93.02917770347034,114.21235335969759,97.7718651448214,103.13686274589769,97.81248616710829
2024-12-19,96.15387028665785,104.26564449414879,110.73321014967954,103.41768854982578,103.82641136679563,99.47331352933855,85.03876390124819,105.48656923476042,92.87562224260692,83.11256613884764,95.01343278025071,107.91860042771151,105.0216202654392,96.0748497022964,104.80238353548084,100.12839360463843,96.64648724649123,111.30665366306917,129.17816691575456,106.25889526118189,90.89911462433793,89.65018635816291,101.5509774102323,92.51545999593445,87.52714520581321,93.83302606479806,118.6935038841654,104.40339910773227,98.88753923421756,92.5276993155859,110.02716529509652,105.52986176581346,92.63555317733363,108.27631956126463,85.20709160727466,88.09161129528032,82.16413214873437,98.65821226443377,102.56658915460213,109.48623695286048,104.45996451493596,97.53782220029566,87.46287437601367,79.09073598811813,109.63147491275367,94.14128463638899,114.61809352797484,97.54243986032358,103.80054285903306,97.82122304443675
2024-12-20,96.52285844001443,103.41742182513876,113.04972680827068,102.81999283208914,105.45460188333907,99.2856167328956,85.72788651543878,106.26392669279012,93.94689918381914,82.41683056035572,96.04094714648433,109.92976278502431,104.75028781744086,96.10819929097134,104.2552322494549,99.78211271805712,98.31475207700265,110.19446764197411,127.96686997915756,107.98448223262551,91.46860011910239,91.57139866459454,101.09458123491488,92.63236336885686,86.95077959175836,93.9675862778785,116.60633528941702,105.12096965783759,99.20793271100388,92.47446063269909,109.59849572530575,104.58984082858689,93.31213285198662,107.01570231442719,85.64438150565961,89.93811514954568,83.39380893077357,97.18439915353436,102.01755000255584,109.94864122798744,104.3865738373497,96.18237853705195,87.800532890898,79.08281394882528,111.75039489602234,93.9031934674954,115.96468555196147,96.31428823188641,102.73892971736139,98.52971498334591
2024-12-23,97.5745950704381,102.43203548636146,113.07694952765415,101.40922112905994,105.26367029217647,100.1200475825708,85.35581555064945,105.99962187738406,92.8914647912094,81.88420263997483,97.74438379835601,110.0099581831498,103.70561172769666,95.80615326550685,102.60306162089037,98.7752768422882,99.66130479957461,110.0375716940563,130.4093962320702,107.8815704327905,91.43569682879729,92.16015905976805,98.42852504287787,92.82239816933435,86.90819588947643,95.37440822886064,117.73665579707446,103.93595188113834,100.44791798074382,92.23220456534517,108.61169788415776,104.79619410264043,93.12311614019328,108.67483161502562,85.93660253729858,90.12327123637179,84.14828532296467,98.25232476795142,102.82010504590575,111.52045127219013,105.02389421457087,96.34376494901932,88.89530158990331,79.01096338311987,111.78755418606912,95.53380501327133,117.86088062133528,96.30641408353297,102.2740108016423,99.98197429033858
2024-12-24,98.35873405177718,102.75580239377913,112.71357080779939,101.74615052877651,105.2408216506686,99.45711637181932,85.46603178012086,106.28134407596797,92.543408516574,82.62764776134061,99.01229817305872,111.08213332639238,103.41952199099833,96.53302022232238,102.68308359063664,97.56217618951374,100.33401590152025,110.19848895011958,133.83586805266074,109.46520804479059,92.08825953043433,92.39008132035207,98.58980643443783,91.89540942063132,85.40993847297302,94.54583031519768,117.68048877731374,101.77041767988268,99.90264344366729,92.00410812090813,108.3779712916863,104.10502230178858,92.80563027181589,110.56451157017139,86.50751574760658,89.61972186035696,84.09079148112473,98.2245101952562,102.03351665217059,110.66600390110007,106.09056630453748,95.94017656820363,87.92747498163642,78.97688513292952,111.91955227278261,93.66767275883248,117.8128663878808,97.14597276275792,102.73654395007787,102.23640869556156
2024-12-25,99.59703962705377,104.25550478888049,115.91424940639685,102.52047693315991,105.41257808108746,100.43030084375783,84.98940855975891,106.3958561895874,91.9459164274642,82.9571482853918,98.36892737787832,110.3216933241117,103.84801934488215,96.40017470207968,100.72279859769849,96.15238820495593,99.18949526208746,109.22975039027278,134.39166599578147,109.70513245726143,93.07450054732251,93.08822004023547,99.6522776413115,92.4562017815645,85.58921332731416,95.59095582486763,118.76744740596396,102.15389216919893,101.18058239849202,89.8710034441368,108.06362994014225,103.78716530520428,93.88157407814892,112.31563930678634,85.2620541410424,90.89337148344268,83.11146130980033,97.10992909140724,101.79474652242746,110.31441719672743,104.4500488429824,96.56570101470965,88.52689029405846,79.8137369890511,111.43548088292077,93.6306038878198,117.77702472582577,98.79971059735986,99.86561556313134,101.2627293748763
2024-12-26,99.60255829533375,103.12985895311219,115.61520571486004,102.39130513610534,104.7215690242207,100.49506805531311,85.52494915207134,106.14477520935937,91.53016516909727,82.81974834958493,98.36161259542662,108.41835344718366,104.32844179834426,95.96638765671476,102.00150070973253,96.72238306520173,100.35689457767259,108.13099704782783,133.89347897404355,108.35052437530703,92.42045619378707,94.26111028064146,101.1456754215313,91.40075192558173,85.19787447034395,95.51814739564132,119.46499672925907,100.37190329071095,99.57158812382791,90.3121143887711,105.9778207548858,103.32448134239287,94.03387181721024,112.78346882876824,85.14130796149412,90.56153010608244,83.81636902560162,97.38728769784846,101.13824372353612,110.35603884030338,104.85103681454011,98.23926558262922,89.22574220336841,80.7890309644016,110.75712076075878,93.14109235595282,117.50012718204307,98.65796301770902,98.86400197274561,102.55279678711577
2024-12-27,100.48629663726814,102.81509513265163,116.35950637596922,102.61978904800601,105.4781037879188,99.15314568452605,85.40046327902449,106.08318821819924,92.10276945778558,82.30090990524445,95.93312218593812,107.25191249178889,104.2647708230042,96.02771462725713,103.73348930758314,97.28767481887708,100.43874919766573,108.09597770919916,135.38010093067638,107.71301944759361,92.29089617429001,93.23993519574972,102.59106765709087,91.76020386636188,84.59720709729196,95.40888463046616,120.07540515119632,100.12056715137791,99.04082688265757,89.72315479387906,106.3376546943421,102.9551851504235,93.60815244827457,111.28663362319963,85.20743783234272,90.39756000800259,83.54720816652456,97.58105758445318,101.89759652261327,111.13298089689458,105.43218297920183,98.00311715195014,88.72126526927772,79.95004838792893,110.10210225455683,93.15939646754077,116.57986268633556,98.75277656479543,97.91410566069813,100.86347176505737
2024-12-30,101.31307019313078,102.32848051317478,115.3896030204392,101.503402332484,105.92525925980412,100.52582484262997,85.05692914762453,105.85475801211189,93.09507951965543,80.82430352780281,97.83867915447986,109.90555353612785,101.48085519267664,95.93413013620498,102.99037496527362,97.03042523181614,100.01940631262698,108.97702780742924,135.22778942155168,106.73630899933275,92.13212167814028,93.72115724962096,101.38383454316183,90.26198242603638,86.29992085877942,94.79791711124071,119.91059121001226,99.72308324547409,99.58514779219405,91.32794055194101,106.9561343935475,101.40375747588382,92.32142556725303,110.84352366947057,84.97918945142432,88.85428344409544,84.23455664913773,96.52675143566854,103.43065301296394,113.17483510413385,105.17076848004695,98.43426965141175,87.6349711304441,80.45023606748107,109.5549460002657,92.152020799119,116.2430438566598,98.29390689236789,97.59624579495363,101.82591471584772
2024-12-31,100.52056682797661,104.11939464502457,113.87070733085723,103.15643486807456,104.853971847919,100.52480628742515,84.64100364488736,105.49152947657406,93.84410083599509,82.04566434405162,99.01043397628638,109.46149345226983,101.66801133764596,95.18677678301252,101.97421975093346,95.9245152264964,99.58270423146382,109.2493803676094,132.6670404333386,106.68684423337447,93.53950900806211,94.7785456747983,100.79228500218859,89.00990258749371,86.69766782905656,92.62630338193749,121.24920013680189,99.5103145515564,101.4256520666941,89.76427934671155,107.94267009391487,101.30188894077443,92.01630033526801,109.33549331290786,85.48696221472294,89.45709609676663,85.75175279388213,97.5047104852449,102.81820365023948,112.04439878726164,103.7413187796796,99.89516196452428,86.95566484247031,81.64994178726043,110.13170125629372,92.45653499555286,115.88687754977207,98.94545805139417,97.58114807912509,101.45065308875189
2025-01-01,101.22263516513515,103.96959961385335,112.96525694309483,103.77705424483956,104.7869018064707,101.01748552734149,84.25772254309776,104.22368922852473,95.48657324544628,83.3244554246796,99.88935145124574,109.03781215596477,101.36314204442156,96.51170605629463,101.6140419153377,95.31965397511655,101.46468876106849,109.19730521097277,135.0340254746112,105.2053268856975,94.02547461591983,96.76195577659587,100.82227591857472,88.7752223655706,85.69114244801975,93.63428280068814,120.31901241244152,99.41601496498895,100.18124698803084,91.1727503188625,109.19651040764921,101.26989804559227,90.96040023525559,111.02774731940332,85.17470996096,88.47385536072477,84.25394107337543,96.87689397451047,101.33339633136033,111.34873155447364,104.51645974615853,99.52085837043269,87.26551111235085,81.06147033361532,110.20349644936105,94.24970066599434,115.4837307784301,99.32656559477135,96.06538444107223,103.00459151158093
2025-01-02,100.74074476110238,105.06759253799274,112.82619167357674,104.41367803981039,105.49239928041496,100.56147404070148,85.18277922400905,103.4356415668279,96.23229281732726,82.99995251378655,100.2391336085797,108.5352269420645,101.41381192297973,95.48005430743797,101.86590619870837,95.36178297375983,100.91810117369933,109.13723268442288,135.2150984089191,104.55888068791286,93.90448666187979,95.7938396648635,103.21525406868568,89.7204540380069,85.92547974212098,94.73823950468217,117.96100778915175,96.90551384028082,99.78202977299068,89.92449921378987,108.93845084350195,101.47838062149681,91.80147770853452,109.77112387295425,85.5157752857464,88.48658739305935,84.54724068916259,96.37466141555859,102.74471184545146,111.23353561656226,106.38731935057368,98.73735722875327,87.91615678236488,81.01311661334694,109.84290407670034,94.84754411765176,115.13875038539607,96.71740834899549,93.16763210209966,104.32361876112888
2025-01-03,101.98777139089286,107.06940734737536,112.80641695170468,103.07267629935066,105.05069752043357,100.57296335803774,84.32926091762674,105.15498883028347,98.4117309880459,83.39787610559723,100.22824447450667,107.13879278814562,102.99429857953062,95.55293989667466,101.57177173489276,95.82174488524342,100.32873988367442,109.29764595866824,133.27866521666834,105.70172750102647,93.80649117763832,96.91035611045271,103.00785949438152,89.59833822045886,84.89007902867075,95.46076111407791,116.93236934154471,96.43528830834792,99.7830746819904,90.03357555399243,107.0956202057041,101.24443265349234,92.53442123207269,109.35660260068913,85.32380996812287,88.63041172326507,84.44081166238693,95.38660536863492,102.70737491109811,112.34479255268721,105.27485864193437,98.36829517435226,86.70983228958735,81.77936045257204,109.74150197394638,94.04456892798473,115.2450328679819,95.56029489305668,92.20970736863168,102.81142153985708
2025-01-06,100.90556963568613,108.53260847919013,111.98243649653507,103.55434897787259,104.1758204491513,101.33975729691515,83.46839768412283,105.19624704518198,98.46375662384177,85.36198797658076,100.86210458125183,106.50544202123618,103.7022822030496,97.61802737434311,99.92993579568787,95.0178549606799,100.0913448503432,108.8427277095509,132.8359085904234,104.33208255622661,95.13278157101072,95.54146114684863,102.80183088141557,90.54030213900514,84.86445894647208,94.53038743767948,115.36591786046722,96.21374279466576,99.0305393563282,90.21854218359476,105.60519558764116,102.0709414255495,92.64140611292562,109.56439840568027,86.56229389910308,88.24323989935372,83.83014499535689,94.86554064249229,102.50982615347779,112.2426446967266,104.40396502881006,96.39821608437747,86.22481327155208,82.07415363390183,109.89113580690515,95.17947807613002,117.52081274323342,96.28867841551558,93.49337867139093,103.6027831912948
2025-01-07,102.64578881791229,110.56009321649051,113.05265613943934,104.28842597452484,103.9622373957477,101.29787485384117,83.18688607027828,105.85181467830445,97.75702341094306,85.19901169526423,98.51438557302023,108.3565286742773,103.47389688752875,98.06377059887744,101.39737115498222,95.30361618989288,101.54749850354274,107.49954307843228,136.05896560549715,105.47247469458915,95.33201004403338,96.91275053729473,101.60744541804421,90.2793660870141,86.099007760229,92.78182239011716,116.01431040274011,96.72713425814904,101.00000224610257,88.80166671995829,107.31880400202853,101.50147884466662,92.22821445472933,108.23366402664271,85.62572768482345,88.60004049338198,82.90284244060312,95.57042121906905,101.8324686174682,110.88932815997308,103.8543630528862,96.72334286611841,85.98599727441918,82.10223610222957,110.65887552383053,96.21531712285146,117.15695066748583,95.28844226881199,93.5645490456465,104.09153852184158
2025-01-08,101.15731353913485,109.57980758524994,112.2425129646375,104.07191654033045,103.17405250344606,102.01663003438438,81.86228498822598,104.19279221529654,97.43116794749875,85.0494886013205,97.091724511416,107.70106720392376,103.0597522272747,97.67884525026554,101.5514919971922,94.67518865314968,103.05934811378492,108.02564401508454,134.96523505903176,105.57220542659319,95.4503096796958,98.09714954050229,100.99923977612887,90.97477927409571,86.13505159103299,94.17609740646242,117.52163726468284,96.91785447257159,100.73544388994338,89.25268268360989,107.1253218129274,103.22142512844201,92.30061440914858,107.79551141032537,85.23308194356112,87.53178274608582,83.36553215422478,94.78993745922095,102.95690276886012,109.46482992770751,103.9865929570392,97.84230065834485,84.15513914044885,83.7761120556961,110.18925901939976,96.3511683095824,117.82835970850176,95.98287753210725,93.82115856310634,105.1349261240875
2025-01-09,101.68375665168851,111.52646662643455,112.830320328114,106.1367673598471,104.10793324122278,100.19099739828823,84.02794405351841,103.59608227625061,98.8992444507883,85.07227934074783,98.1274405645171,106.96211475421578,103.70666490248598,97.4318444725004,103.16771977880394,95.09141081783827,104.0284525551216,105.71299998956836,134.84979109190155,106.00652478470509,95.66398962144362,99.04456314317778,100.63035456512588,91.01917406380096,87.15853480228427,92.05438247957629,118.21629660192457,96.59480007772619,99.82059568588635,89.5535634466216,108.44833603151586,104.29963658207222,92.17598846338052,108.743666492399,85.9761836139834,87.45533851542598,82.78973952207815,94.18970796777936,103.82315451869366,109.41870371080513,102.90437456948428,96.20760198320191,84.85808767654761,83.31929238577035,110.55391289342158,97.55307506558033,116.29612523980575,95.93956315167216,93.66114794075845,105.53492752356517
2025-01-10,102.95162029504364,110.0535882894264,113.47506029201095,107.2372595102016,103.91408063641285,100.05338248066249,84.38029514650552,103.95391584103496,99.47686704720873,85.5511160295081,97.1685718914262,108.02658659714159,104.92378356644778,97.6133172606131,101.63769277369938,94.98236008463195,104.23088668874942,104.50990717674875,134.36501911368833,104.5229801441464,96.24671723132654,99.20906932545606,98.98775105319419,91.3396373058989,87.10929634508389,92.5309940444954,117.75434639132682,95.82370685729236,99.05409205942749,89.07290737429838,108.46875345725411,104.45407094498582,92.00035806509186,108.28430626064736,85.67459070906916,89.6762079776133,82.15411079839392,93.66561925625871,107.29988260137281,109.88034210644835,101.4940674596547,97.0217567052973,84.08934929256542,84.08016918060467,110.32093167649808,97.12498274653284,118.18265976534124,96.48450796563135,94.57690892137852,105.9949192643533
2025-01-13,102.4950727582675,110.7284666133316,114.85554790102913,107.38184628040617,105.80320754339144,100.90795254844794,84.55935636988202,104.21567494432603,99.61347996391218,84.48733637478315,97.08108942968938,108.26579125393374,104.48811831205327,97.94349214882001,101.65935152267028,95.72008106629882,104.92435128700961,104.68474500532736,132.54046444575226,106.41155602862582,96.11024864437154,99.1288550731402,98.64927737055942,90.89461153421836,88.46475202755182,93.82244399119011,118.27880340219117,95.72075157289923,99.66925608885978,89.13866475201058,108.26261715036665,104.80783405410993,91.59538529943316,108.55781370459339,85.84973493094166,90.21853142679086,81.64703570083171,94.33314021803155,106.33180495938576,109.25300159599148,100.95865711129224,95.9871887037615,84.94776502078182,83.26932332537709,109.55256889570666,98.35198308209361,117.51025010301137,96.3031500808966,93.6245901739245,106.88149245953049
2025-01-14,103.36662033521495,111.54972065664384,115.47459301585576,107.46089670916675,105.24985231099481,100.08892564925189,85.65715725676576,105.01577658387215,98.92524403763437,84.52099587792847,96.79017119100396,107.0511895232182,104.67390787263366,97.53738837376726,100.69560622527827,94.31467372833585,103.2963035208603,104.29663971906822,132.4277271504181,105.48419931779274,96.73771529854379,99.06390082668742,99.22001522932695,90.72850743948948,87.7711636226855,93.92957300034135,116.79471641046216,96.23850139459927,98.73956952553414,89.9609343615159,107.89681548915553,105.92738971278408,90.57286453086839,107.82452953158403,86.17739025366421,91.28074115443955,83.01917480735789,94.37217029128487,108.30397932827177,108.93699228517923,102.0740748501689,95.08706271897772,85.30546696633841,81.34206468394845,108.33070211281076,98.81204162587375,115.97807634017482,96.71519499149923,94.4771159316921,106.34701479715825
2025-01-15,102.36988316779329,111.02201894550328,114.36469357130805,107.35218673602782,105.35735740988927,99.78311155435296,87.10343998001623,104.26300007394538,100.31134366757564,83.64549603981449,96.86063836457703,108.3252397538683,105.86486791848424,97.1283399271568,101.25609114686422,94.71274511516054,102.74006932263757,104.94103735193394,134.91729524132882,105.98294435457609,97.2871499305119,99.73200660544602,97.78097165831197,91.14702473758524,86.88326346677667,93.37712572486768,119.34724283036944,95.99507460027915,98.0114229019256,91.00380685715814,106.87913197471086,105.45450896063483,91.71126164544859,107.87065331997707,84.84209973757267,91.77865196989178,82.69068371153311,95.83660770254093,107.64944061027295,110.08820657340746,103.90279037077221,94.28135870567748,85.14080482231752,81.6587955552987,107.40590346520335,99.07948686378084,115.7175112591393,96.47846760128336,94.52336282902716,106.42282970621075
2025-01-16,102.53778526167454,110.35917646525428,113.73153232232369,107.22495582117433,105.31021249310761,99.34617347909251,87.3860600638322,102.38794042334204,99.58127285496472,83.41167643678303,96.03493924026407,110.10452711064804,105.88483787089831,97.30018522155135,100.76797094396186,94.69780164551588,101.49907296946874,104.76298082060718,133.65901312428815,105.68935127484353,94.8282867618501,98.61334748786906,99.22294206168513,91.9070588651213,88.03687948669061,94.68197283980282,120.15314352919972,95.56132586531774,97.00005278117226,92.05339464681465,106.94816394914524,108.11763998181418,91.3770361818676,110.01996105499829,84.70917852213795,93.01308732782304,84.10565965481247,94.86124443715703,107.1286069296274,108.95687155727532,102.63267062292587,94.91238072526012,84.97355832629324,81.70156846241431,108.00500179855771,97.2561828422329,117.21614613853153,96.14225409431569,95.02794846581193,107.08546427546999
2025-01-17,103.95304771850371,110.24351736478701,111.34175184783213,107.28622837957037,105.52178956574829,98.3239701283602,87.51504143005245,102.01896751433604,98.25307852777895,83.97365794358922,95.49508919898653,109.65799312316193,105.39616812124679,98.50976484807113,100.72674899175007,94.7727370696642,101.05281526603531,105.24901788522811,135.47472059795925,106.37629398361751,95.48187299797084,99.21298714928058,97.86283270055894,91.10536085643973,87.85659982044703,93.99719871541046,118.88085284766352,93.78889320210696,95.70267313440125,91.81755678466756,106.87393949318873,107.263599929837,91.449184169749,109.54369130841413,85.63805025781916,92.8628756378818,84.69335712079652,95.05421154238846,105.63706840580893,108.85813800696131,101.37231924906256,94.80981612049511,84.34274725919092,82.01423500688773,106.56487936993253,97.27048232742473,117.8890336434581,97.01880870107051,94.30454305838091,107.1044746736868
2025-01-20,104.14465047031649,111.96238604238104,109.70456898615622,106.3131802863788,108.52299572458861,98.05581636344867,85.87568631628346,101.42638359791565,95.56989376270977,84.17621177767927,96.27153339858604,108.66282563377585,104.90120900419417,99.4238694683948,98.97915182251099,93.52848778916946,100.8225611749784,104.46016398973018,135.0771896317178,105.0404220504417,95.68672296055702,99.06503896893283,98.40176460196341,91.28811860615271,88.03837848482064,92.6474942821501,119.46789455721809,93.47909006574642,95.5433668382268,92.7851099211251,106.10780958181132,108.7227646850824,92.77973162632554,110.37143080687295,84.80236983979546,90.85465366231935,85.61200506486875,95.1601467212422,104.8527894865076,110.14318176906572,100.50268859913362,94.40852694629235,84.78661811113093,81.10598867797695,106.44827501207936,98.33568153007487,118.13817294641834,98.23662677242312,95.37966386639918,107.11276309680638
2025-01-21,101.73927251342438,110.73115683768656,110.54518565923877,104.67776795330867,108.16903763288042,98.38827863518642,87.14700884897779,100.84483552520244,94.95688766746235,84.13207649276147,96.60995613287263,108.49534587199213,106.00769906115302,98.63249606448117,99.0981575800871,93.94581681610626,100.41984264878856,105.34101950630053,135.27854857638533,105.87230574243489,95.8726351939511,99.43862696442022,97.78144345125662,90.7141112250387,89.12294343016566,93.23815364795081,118.25200925571255,93.64831253402176,93.3020879880326,92.25410419456551,107.13245065500907,108.58678804328521,92.88919520782814,107.09191762989914,84.47038102058416,91.16251012259873,86.01127722268839,96.08034652395712,104.63255997460492,109.96087422946464,99.1727525887551,94.21563849032675,83.72369019522823,79.62101776957937,105.29936543143204,99.83050484988813,117.81896890212083,98.45286451870194,94.89114819629097,105.21192296637658
2025-01-22,102.69613888490777,108.35179251910876,109.93358718515174,104.6206139237877,108.41864360948104,97.67610768135229,85.55991020154788,100.04020154966025,94.2485455796009,83.48416459143397,97.55168960972418,107.18660088606175,106.32724090076758,98.78875202513464,100.05453630833097,93.82082821005669,101.21744600468267,105.15975718694706,135.86746666349455,104.2930050667996,93.3763231008566,99.81476397167842,98.20397081453109,91.14648610205091,88.65633388606906,94.63754078107162,117.7094430255629,94.04328923774548,93.85854882107259,93.85341717918408,106.79334686777102,107.87981829843054,91.50795236435941,108.76734799418138,84.8270995168507,91.57646903444162,88.73420676408908,96.39315875207977,103.27874241166938,109.7456678131142,98.21073047094147,93.84340581665414,83.38730490390355,79.1549921551291,103.8424210391571,101.43303355094737,118.17159523266625,98.23113090942795,95.6128097703959,105.70871108918504
2025-01-23,102.97965325454712,109.0965480781554,110.08092509975687,105.3241587473427,109.23824011820476,97.83517438877051,85.37154851645958,101.5829898826329,93.79920488731246,83.81148949743704,97.95630104055775,106.53522382069465,105.4717656595274,98.43980377402276,99.56326107986341,92.46272357277073,100.5601627302574,105.44008962027951,137.59840537765044,104.87280213743944,90.9802516493771,100.45693669879472,97.65737044650213,91.56038961848199,88.64380296912728,94.45536152516239,117.58916341445004,94.02220304496456,95.1289080706807,93.83496723548707,107.95894226946568,108.89856717905053,92.12039244255358,106.84134646910022,85.779614762317,91.15809779228672,89.37157989536959,95.46024742175534,102.0620365154646,111.9362446833346,97.27535324993019,94.92513838443595,83.48611091005644,78.82314372489734,103.79588007302114,100.12184234903216,118.15534258061902,97.1732800775199,95.23546143960259,106.69137260220856
2025-01-24,103.24175090464252,107.49147556668225,111.02225306748433,105.31668124828428,108.6475691851762,98.56842053373427,85.22892072544596,100.40575088151729,95.54854819789679,83.7970018863589,97.87661153678403,106.10451711587822,106.72366784217309,97.92446802695976,98.0368504798266,91.8373243452356,101.9032596595974,106.32115123155168,137.24795494777618,106.32290731826168,91.66328252537058,100.18948584668243,97.49548157662825,91.86241124937396,87.90944548757746,94.4596168969291,117.95250188460076,92.44938398600866,94.94898008892545,93.55102503276578,109.07455845022145,106.90834757670868,91.76961713991004,106.32787115586386,86.60712592760879,91.11841020991734,90.991280189621,96.09449567520004,101.64421216505937,112.2048313454113,96.93154059074574,95.74443677927827,82.3812864127938,78.1765473115743,104.26994675107318,101.35664466219983,115.58203473275132,98.51811988799611,95.10209657074532,104.70025452141967
2025-01-27,100.18876492273378,105.86002331900184,111.00037844781296,105.24730248398906,109.33770874301219,98.02828504844652,84.28976246245765,99.99184387751943,95.58066773651814,83.99060587644873,97.10724365245993,107.06531682671532,106.06254663579628,97.07649475705313,97.5065463889332,92.82975275880824,101.76802555825705,105.58529474877534,138.5249228182344,108.625723534519,91.85568615887267,101.43332398615617,98.51086174602916,91.3077373283448,87.93286256627934,93.25586597515812,117.71101489298812,91.87228360641421,94.56721353996666,92.85211436763917,108.76185796569762,107.47886564190709,91.66002536088119,104.36388770272632,85.96333705759133,89.7444222897508,91.21362493084735,96.57937517557968,101.9053133660232,111.3247948438336,97.17111548562417,95.29538488838206,81.44891793875735,78.75871949054589,105.12640209957212,102.32299083995564,114.88102748839604,99.68688389939301,94.63384605279505,105.3867126317718
2025-01-28,99.6781932354029,105.62318108942125,108.34513564818383,104.93002616054787,109.43734980020298,97.6271434425754,85.78312394993011,98.83620258710492,95.04350811406749,83.23402609288263,96.56131572180851,108.17531699345069,107.6418271808269,96.39856805942962,96.80410910110993,91.76178389829039,103.10612708910747,106.77556960813848,138.3781893807021,107.11973767035177,90.66324981923131,101.60654685196515,99.05350838062236,89.44054314897134,87.65077898816648,94.77729926355421,117.45526084351148,93.25109227080189,95.18299456847096,91.85077629511002,108.44400858314745,107.3406355003651,90.79109790292756,103.35658836154211,87.26841316816068,88.87156806281483,92.20262887106712,96.15873986538003,101.87918887577605,111.95202737528074,96.59122656535716,95.83811111390182,79.79906223845991,79.10578988705925,102.563093383161,102.09113755978896,115.86659418103145,100.30916490323463,93.41305288299341,104.16122280670986
2025-01-29,98.99409568628428,105.82005145196915,106.16585066514173,104.91615157632891,109.77870111162275,97.35121300508303,86.23494640709443,99.05757058397491,94.53009262776511,81.63795903702784,96.69022712193318,107.14922219143865,107.02108534957505,96.8615451768436,98.18591532463707,91.72686589540513,103.67898742686721,105.24430459219771,138.71835789265853,107.05558580436998,91.78458525427013,101.05888692761778,98.81444679094098,90.39258383725615,87.57014776187928,93.73217444589275,120.49085224038411,92.25069752897596,95.1214310113473,92.16976468572693,108.7346124175426,107.13715650799942,90.62350680268074,103.11405580425517,86.29996904576905,90.80319427195832,92.0000144100783,96.73445779579441,101.53881710840263,111.5555659181131,96.15230821687435,94.36421921383545,79.67099095719729,78.78447759358215,103.77171096187476,100.8766939140846,115.19979944738307,99.41198313093149,94.77033059841654,103.259561578286
2025-01-30,99.5523072732608,106.85167292789734,106.01083132019393,103.48155297723476,108.29131888105795,98.19181215782183,85.15469691594959,99.4466647990505,94.63824877320715,81.9464235945047,97.14728039356612,106.15345702605639,105.98214034444624,97.55651595303397,97.56992793307361,89.23861302731127,104.35379691494416,104.15932990120214,139.36787699887762,108.55711191221738,91.7999718957,102.07022370998912,98.96653804457094,91.83895188607292,86.64498082635049,93.72447468238944,121.30468653202762,92.07520848386612,96.22377673207912,91.7724138332801,111.00817824294427,109.43511594435292,90.87949119778943,103.68544258476118,87.33453318549851,89.73155493525896,90.80085787585034,97.95751509219902,101.81740323543072,111.30317265902015,96.1630041242026,92.13929912288035,79.51931263963505,78.1934219099759,104.7287962458211,101.88545850279635,115.86605315085137,99.80589478165405,93.36186128454702,103.87126173720331
2025-01-31,100.18086343476675,108.19050030089853,108.2803145036145,101.74480413234544,107.87144828107496,97.4656654022827,85.30172166704871,99.45999339318914,94.41697667874232,82.79285012702233,96.0831573999663,105.05400384920635,104.90218451140123,97.20562546998123,96.37852704830343,89.19527902921604,104.18124443142611,103.34331427858841,140.59096214819718,108.4925390696331,92.7806834010753,101.87132992459169,98.94259609778506,91.3235500798871,86.63887556776189,94.39439258316536,120.80674363784574,92.55377678503936,95.44489038592943,92.47166333079399,110.36629829694438,110.37113307797048,90.93492326786549,105.27450400622811,86.33242713765658,88.41668732489507,90.24304775631698,96.61053137546665,100.41922728270298,111.99713279824107,96.1589857548811,91.69838277427709,79.21219723618512,77.72781312282002,106.47154938288598,101.13883423812362,114.34423121589874,100.60357096407118,93.1606449645821,106.0106967044299
2025-02-03,99.65509061866995,109.1096572969141,109.45848474173194,101.21575227770678,107.07301841212411,98.19092833118415,85.79352668990296,98.06684969389816,93.35753069237896,80.71927598076657,96.65693027720444,104.7793036764576,104.73222301148716,95.57527376903116,95.32598176373878,88.76997943181694,103.4831565957649,103.4651617604904,141.41366336698326,110.98305499694816,92.76211332246712,103.0139661022042,98.12479793094371,89.80666858106918,86.33418241708435,92.8982170604819,120.82447111385055,91.83424846321824,93.59774609686654,94.09101012330493,109.77460312135288,108.57839328874954,91.75535401973967,104.51024647607771,87.27874276800951,87.77061636887315,89.75624294025478,96.9442501757811,101.01670402266012,112.86112812983357,96.07273029517877,92.1843992093376,79.80503347061105,77.88386757424716,106.31976736979256,99.68759240079301,115.03140893891606,100.64600815945337,92.77611355849015,107.37395682024193
2025-02-04,98.24229192763973,110.91828620749217,109.43410746334672,101.53764144857847,106.65086714551073,96.56758273536332,85.67383400525974,98.39567353207357,93.99097742118171,80.55958319134355,94.56075231285422,103.17634946525888,106.90355062336097,94.53676289402098,96.6960834329358,87.94465146760035,103.29451760480836,104.11406086932953,140.25853995797092,112.76428688804691,92.83238715304643,103.48980244252914,97.86256013493386,90.4001960227845,87.70803684107182,92.77633478982605,122.93256688622283,91.27430808029354,94.31566205851603,94.55235006309593,108.60781653081735,108.81079278854851,91.76211291101596,103.62236627792856,87.59176276694059,87.89910956831964,89.6911152634426,96.87779105320931,100.92581953463082,112.44690021311337,96.20716670020245,91.5927177660828,81.95371801359316,76.79392285285246,105.69989141812437,99.18470300657383,117.40272829378316,99.3260769358962,93.17211043418968,107.64099887739637
2025-02-05,98.57057775776397,112.29812907536511,110.77276085152687,101.08078141795949,106.85798929939774,94.78413871473879,85.75877286217558,97.61751562060255,93.81595791075065,79.21323202258304,94.94437866744069,101.44065705849081,107.06218972266296,93.38434588581832,95.8779941612125,88.96606252163114,103.9035932892002,105.31744434001136,142.46334019759607,111.89615976332085,94.23439996581082,101.98421273163258,98.59544364690595,89.95531604438904,86.89587248973773,93.34817249704551,124.0997259104968,92.11354775630663,94.51852644427903,94.67720114952807,109.18154488991603,109.14182340883514,92.26021951589942,103.83397110969979,88.33309148645986,86.48038251832743,89.57345186690449,95.5463846958062,101.20547003442866,114.30844057458398,95.75214261594932,91.70934554891728,82.57603791865328,75.222341269671,105.14945938747444,99.54690652385074,114.05037071290631,98.36057461187613,94.20346952451655,108.72606726439567
2025-02-06,98.94023681613221,113.29320332689889,111.01129420640335,101.64374080714418,106.52121988517796,94.89397435829522,85.21817088377169,98.85872137342221,95.25433860397914,80.31388209165173,94.55769192730934,100.47774172391526,108.43811207189124,93.89365389506463,96.19355239054084,88.40412718616491,104.3468159358418,104.18063714115789,143.3695164342468,113.44976765806595,95.7840090083877,102.70936130268376,97.24220592600122,90.13300024190484,88.7752017426169,92.54085077224242,124.02630346914654,93.42484107683507,95.10363593116227,97.0547047758613,108.38431168258992,108.06691416019918,93.39654114155653,102.5996381129608,88.1594511292255,86.42362976537163,90.5062468854356,96.13510183084317,101.66910347493683,113.84935248934964,96.92263134034653,95.47672770909641,83.14884887550834,75.29735441520177,103.79358124257496,98.91433187663293,113.80689365919604,97.83614180221541,94.1883248640672,110.67652254071155
2025-02-07,100.18191351374672,113.11339948594383,109.67803795671436,103.0122217216069,106.46897948880209,93.26969145974363,85.8274585971007,99.87792007218104,92.97135905472926,79.65437299164897,94.45330682295567,101.21847876725157,107.88028593356648,93.1155673397837,96.89559173732007,87.99107883347767,104.91396845393395,103.02906485903438,141.44373396897424,114.3098626902342,96.02618834886995,103.66119305842574,96.72567746148901,89.41918951172399,89.99143869712866,91.14216947891342,125.58819678201925,94.66670187077679,95.92514010286013,96.38944569445181,107.5029311802576,107.84015161559215,92.1948170740517,101.61767286901605,88.729681602274,86.9866468345895,89.56128382369512,96.78729466672503,102.13204034547432,115.58139121574204,97.4758260789081,96.49279471746982,83.5464811536709,76.03884220378487,102.46619707095745,98.79398243453717,113.76253722785803,97.59795666449187,94.60734354138948,111.38086361815078
2025-02-10,100.5756558957675,112.9134292164642,108.87406480322217,104.1486806066102,106.8419883365644,92.32445578057997,85.66138238886552,98.15183772165162,93.0042494120119,79.4965113269423,93.91225934913658,102.83516212933701,106.64020599456919,93.77565781586539,99.03775158260002,88.94410257677073,104.88088508335345,101.86724491468631,139.53024341565944,113.84038524666403,95.36874862379506,102.91797924065236,96.41056297114031,89.32780771554255,90.42914896204269,90.02096855734237,124.73429525799982,94.51566618915871,95.73780382418983,98.17591771820314,107.75289322681536,106.11401772841936,92.58116587171084,102.17367922867433,88.6187253343894,85.93753159146739,91.14974225051336,95.75730265494903,102.80913504510912,115.81284383427268,98.06323396202085,98.15392587595876,84.01703082616199,75.6152247949734,103.60575539263002,98.17245743800746,113.94875721880429,96.34405793618514,93.6348167421176,111.4381132435456
2025-02-11,100.94654369277369,111.00747104312512,109.41683020789037,103.2987432114708,108.21801812296165,92.00007771968455,84.7042593138752,98.22626949613996,92.15600382198555,80.51170595411563,93.91275728033018,102.6793034585315,107.27317493118005,92.8379812140187,97.7691971642986,89.3080498108646,103.73385902547648,100.75283542320742,140.702669474985,114.43969224838017,94.1804522522795,102.28274544639235,95.5431955303113,90.92873146640578,91.25216917585416,89.64291601613729,125.45508221697791,93.24251047532714,95.09598816562146,98.27892218937824,108.24128844740576,106.01065031336523,92.81106464361346,102.25374983012858,88.47388362223376,85.68340785347274,90.76202984572403,95.97965751954365,103.23235974027996,116.04279721836099,96.91424783804486,97.17831988598155,84.35282874920452,76.73626264387957,103.76378698461039,97.76914316928979,114.20467733856721,95.25500009645205,94.8684997585174,111.64624435745584
2025-02-12,100.27300681066276,110.82246994401413,108.84168082285603,104.66260695413163,107.99937906874275,92.14312542165072,85.19162680071939,97.50133046370686,92.33469173682882,80.73296217680138,92.46456121017798,102.9390985613794,107.2240957418832,92.95871773727424,97.8040382556522,89.53980956609959,105.13045458506072,99.57142934441208,140.22207465731447,115.20511695317637,94.63448130598532,102.75371907023703,98.21060727660408,91.4888753687724,92.29003217740362,89.36806987213541,124.21558691628145,92.94989312802043,95.77544960322987,98.67956262613824,108.67865417559763,105.7836657862117,92.46478206331675,102.07000434281517,89.11718264693181,86.40680841720484,89.85332405476088,96.71414740453682,102.56278575118189,116.58822483457467,96.72838413702438,98.71190188461225,84.00090713346327,76.87344517086989,104.39512390389704,96.91840405971867,114.12150147691955,95.0014028405109,94.38230275777637,111.15638793571097
2025-02-13,93.74452805297554,100.14954947148411,101.05863984173202,96.45409752072842,101.08960672411207,85.42519011712047,75.42305836740718,91.47993025095141,87.88856995534846,76.33787687153037,82.41965799674416,94.6311589485874,99.84079204402198,85.09045506181701,90.42433588415435,82.46281925761998,95.74474176220845,91.42961883260568,129.14168763758158,105.20989652245262,86.00414319019369,95.88445686757444,89.1829713936699,86.54241817173303,83.3943359946594,80.89423111766654,113.40354256249141,85.6947027758898,88.09698829520951,88.84327977942607,100.09164616913837,98.09800591876173,86.16456471137096,98.04828696360487,79.76166619951431,80.211831649357,84.4549830813751,87.74388990857457,92.3882580436751,111.95547317435238,93.92096236602299,93.05462179778944,79.54263671478434,69.57963021943846,91.6860124167767,90.2215044866151,105.35417468841996,84.74654384278166,84.80779954425044,99.52045229595234
2025-02-14,86.87874945502335,90.74442960899508,94.08751286357628,87.49402729072722,95.22912354155002,76.92807168580913,66.26186860413813,86.84059490133642,85.85222400422359,72.24297679603691,73.81242040004695,86.62840338569312,92.9162840453769,78.11639831942367,84.31071894035715,75.59105343930634,86.28753131280557,85.57075370856056,116.90621620418608,94.64624052425734,77.96945479483442,89.18138695667021,82.60690039575994,82.44606939527874,75.65583770555234,73.49962423655958,101.91654403718636,78.44811388014308,81.68718699600258,80.83898932515676,91.47459874695122,88.86516011196247,79.66876377275428,91.93520799440905,70.3336741539158,74.77162448363893,78.6052354459321,80.93968393153123,84.90598154206032,107.31837634055566,89.8473383914003,87.10165763917888,76.07756334594113,62.6180882354572,82.40146920475463,82.8769183955615,98.17062635907519,75.75894678490006,75.97628252632954,91.08200859460925
2025-02-17,79.9408274219133,83.45925709665424,86.52561233499408,80.88828381595134,90.55279769356818,71.47988775103627,59.56446007344097,79.63175027611861,82.9665219779717,68.24450403471495,67.17918840085049,80.09037201960369,85.05960855627391,71.42736571687107,78.93950482399043,69.09092736570445,78.94385653953108,80.36651101805822,106.60546945168797,86.34378876828491,70.56972825948954,83.02788274993588,76.59615803340569,78.3936535785642,68.7136989370414,66.52193719367125,93.29251357859451,72.24286236121276,77.03910833553199,73.0269724074435,85.3217990963179,80.7517740941566,72.08965612935545,86.73248905439137,62.34482886971623,70.06298601067301,73.57498479901604,72.6923349039073,78.44315996931289,101.42636787326869,85.41319075130407,83.24052260838161,74.00285055845079,57.16060956233668,74.22414648801741,77.01334035547266,93.38791473327409,67.88005359485757,67.9393367095285,84.39857095643193
2025-02-18,74.70147877775399,75.48876608376756,79.06629841135143,74.68628597081074,85.71279568695003,66.14321552660391,53.884247410329344,73.82674999484647,78.49208922501829,64.77331456866675,60.33853482308052,73.64395353949263,77.42466196836433,65.7453052091008,73.95453802901874,63.72651537601099,70.990130957516,74.73517933323289,96.23769625162294,78.87819824187498,63.9471784187036,77.19225578970517,71.06923834981805,74.7714854644999,62.57064010525557,58.91761040531809,85.53228000339463,67.81769541678099,70.50059936417591,65.20122596445306,79.33990698856145,73.29218502418203,65.81875163025656,82.90558694467084,55.139405699441625,65.93156260003774,68.27223056053634,65.78283099096315,71.2890236413626,94.21535394082134,82.22972315911831,80.12346841080961,71.26486305327914,52.39996126948305,66.11247954675846,70.84418543728837,88.47371762250984,61.60445345041977,62.48743785187426,77.26916797303979
2025-02-19,69.08986230106179,68.77233527858273,72.44981772508507,67.62611157480542,80.44597016408876,61.03372459168631,48.24360494399506,67.82964760440227,75.06439614348159,61.04724184271535,53.84899765016398,67.3677009941706,71.19924157834528,60.295104594950566,69.43121097253365,57.32229807221889,63.07789557073558,70.31743575910826,86.94807349567373,71.94519789192107,57.40159267600055,71.47617297469061,65.74021605521075,69.9437182028827,57.7488251750394,52.87007555593149,78.21676243454007,63.93886490052737,65.22582864107238,58.52137124066642,74.42403601409484,66.9457927551133,60.15059513586951,78.50128956405798,48.77432432401913,60.904518980841246,63.63304202657297,60.96315321034081,66.01678990120786,89.39308029554874,79.6254369258737,74.90132332898533,68.13668174666877,48.16139238075732,60.016979726444085,64.82697530099027,82.59645992179242,56.005669126647916,56.67873054426139,71.46592280530476
2025-02-20,69.23292765629053,68.94184777529435,72.22882785762764,68.26653841316272,81.5456965107833,60.40528198854588,48.07386938462359,68.45319074635677,74.96721420334808,60.74678543614637,54.39537931702094,68.1151885528951,70.8798184884686,60.42328727550482,68.59720183251112,56.81127928818357,63.15626502993778,70.3395236751596,86.11144446155164,71.43192866443191,56.79348430515581,71.80217353142311,64.45932874200896,69.23975006971435,56.682957390431866,53.09207685655976,76.81935621617686,63.959155408750625,66.30403635119164,59.50892776049116,73.09206995173223,67.14586379571362,59.55865489951028,77.57022785144034,48.719011508102895,61.657216999992585,64.01576959305314,60.52873594969168,66.4838753347674,87.4096942103566,79.02815198180895,74.28675283278822,68.19006777056335,48.06380660839357,59.932133079757996,64.7138088051358,82.61496958329032,56.30899152051197,56.76343270172506,71.2629968041714
2025-02-21,69.51162921671316,69.51375167497153,71.82833133817155,68.2259982673785,82.49870713536217,59.74281571399742,48.94933557893321,67.54260710829956,74.7087505533793,60.17230918769396,55.59862558171754,67.77319217317442,70.52571068482374,60.19968345959368,68.66281404215965,56.62499339967576,63.07239442624546,67.90038846915152,86.16067969203264,71.4446494101237,57.38639728731252,72.74828683424643,64.33844687364028,69.80721781370981,56.061982142081405,53.50104191723369,76.38084038889882,63.20590360146833,66.1810976819438,60.3481970476885,73.22449045332175,68.15824991482387,59.114385038742846,78.38732182857302,48.402319376713635,61.79630503169358,64.15463116365375,60.930455741414505,66.65078658562665,86.76595739879622,79.726913408041,75.58434679773602,67.79313161210415,47.18976905288744,60.23213430707134,64.49984385866993,82.50672996683774,56.62304213610512,56.504958967896734,71.07166215116747
2025-02-24,69.44206933664512,70.54297779585832,71.8499330806628,67.38813492056153,81.51799857858084,59.82605352203437,48.39959836350223,66.49558671657145,75.1850635184717,60.585600555771535,55.39432301553462,67.97250695886059,70.6585096840106,60.56343257056178,69.07931045560213,55.16852444741237,62.9208882329945,68.25295962715036,85.80775230570613,71.47051894126407,57.81881802166523,72.80718238251973,65.31597041791876,70.5983853625056,55.99555211669608,53.39519000484626,74.23447340460125,62.99987147039366,65.29152222402766,60.481852876199284,73.33651485702678,68.63418701746008,59.94581082307094,78.36673263064435,49.51877530253818,61.940118519341056,63.31954930480496,60.588943457665266,66.4028104264901,87.28124626759823,78.97526591073692,75.35945889535355,67.68404522268484,46.978774985920204,60.72285531000351,64.91482441005829,83.47486234069609,56.43591549734498,57.188548615908594,70.10882819184012
2025-02-25,68.48460854539947,69.69190157984882,71.85655198050621,68.20328588583116,81.02861926387655,59.54154532510544,48.295159384825226,66.87758519089255,74.82681685017674,60.26328708993523,54.65404144056264,67.58500256450813,71.49540399694814,60.61852552551249,68.57011005534737,55.854719277406474,62.553742041799254,69.22903485261382,87.02064813713176,71.51056195462611,56.95883413318599,74.49333181868396,65.56941397860963,70.37009625162672,56.53350890076635,53.77150580380946,75.2140483684578,62.58397208550145,65.49978982554597,59.768852573087685,73.82681297856183,68.61844045618074,60.11450100626748,78.25212701681171,49.394644554750336,61.40466296083776,63.82202941546106,61.498295907214604,66.03419392901151,87.76572296926489,79.3173227018352,75.36556160925821,66.65863036020372,46.371262753493255,60.250467801435434,63.54103830358543,84.65852768451789,56.643814171873416,57.17141689372897,68.58997349157133
2025-02-26,67.24685951318841,69.69026984100071,73.28652055134096,67.72844823186499,81.7315745542093,59.25648855974972,48.32184464283265,67.69489020360106,74.56839951470778,59.84883889645825,55.43459563320303,67.61579983382585,72.27983759083887,60.20455772492465,69.54148412545264,56.007762311717535,62.826310088615486,69.32022055488949,86.58189037120266,71.50935857750983,56.707296943767815,75.21157005358893,65.43640567127345,69.32484332506802,55.591999826495154,52.85099364876108,75.68028832247474,61.86744826738184,65.69664059086729,59.85053736270623,73.77905613827329,68.91992765452338,60.20973975092643,76.16017695517682,49.23504940173397,61.66625172462539,64.87752407698115,62.544233459551734,65.14015586156289,87.45932012833825,78.08479892173283,76.51978071477026,67.33721718927092,46.53412009594111,60.350623886368545,64.424389519129,85.6902539243386,57.303587720847304,57.433104322320816,68.35085567008457
2025-02-27,67.76471061391783,70.26129839408554,73.1469420697247,67.4909701035452,82.66311801629396,60.25083593196287,47.96107625772405,67.51683223683956,74.83054440070944,60.14077244351977,55.14577895156273,68.90142689075961,72.5855721548885,60.52532625640566,70.77545849672727,55.756816815685006,62.77077616217035,68.45683661467619,86.43279459480621,70.45252333498775,57.13297181721614,75.52812048893921,65.25535241285823,69.2552596920421,56.01693003187758,52.254110236879534,75.83496099544483,62.3017343008637,64.53611895385917,60.2618835647999,72.55422944023121,68.83892925548585,59.51332386991923,77.25805481093477,48.66862371454352,60.6569917278895,64.9640973555837,62.286020587348276,64.16739016374075,87.92040569329448,76.54512308504613,75.73094557007742,66.95099309392121,46.90892861618333,61.137533203605365,65.13878210708356,85.55901382812048,55.929398387068055,57.658022609372004,69.36343250043478
2025-02-28,68.6059640941823,70.58732646881498,72.28201155630839,67.13736488041245,84.27722591928286,59.40326263155193,47.41370672737133,68.15622174060354,74.50860013555923,59.43423875618772,55.99486090448327,69.21983449307014,72.3089679702399,59.83580005108745,72.23945572687933,55.74318492658868,63.654046553348145,69.07133144685862,85.98373541151332,70.09206862677689,57.965299027476014,76.64084943501925,64.04198682473087,69.63706000922545,55.94907035582304,51.71693656196682,76.03371604760001,61.46656050993885,64.23578777131125,59.78262418011543,72.19251440273612,68.78974180711879,58.911985059920355,78.48307292658899,48.90929097285828,61.75534552463225,64.86018604141476,61.94513738039446,65.30569833561253,87.41363934211864,76.40877082608326,76.27821220772515,66.12743061007332,47.24377880614211,61.49521947173001,65.97087497081299,86.32392610781974,56.66121488095288,57.594390663278816,68.76762836391329
2025-03-03,70.0689197292985,69.51785739182455,71.25821883754512,67.51785105942353,85.65790663525291,59.515968802375085,47.88988894346088,66.80944224325745,74.13732429415492,58.33084296255237,56.43356053848625,68.15708631700703,71.39086866551293,60.144162997605854,73.01059870619338,55.654641436646045,64.01802107982667,69.44378951411414,85.79870272729468,69.32895147197327,58.293666607588776,77.11217454086426,64.61710483217188,69.85471332705731,55.29911030384748,52.07519452178374,76.03266596823204,61.170553449912234,64.04680466292898,59.37139124050669,72.83705330432676,67.82110874049656,58.32960051886013,78.22546556736552,49.7049679251976,62.40986429003079,63.80461742702099,62.787912776227174,66.19291933853032,86.39339652425069,74.50624208607208,76.22314273379867,66.87384214884804,48.00156427745964,60.9620272952179,67.13685495433165,84.4219533983913,56.45305623135275,57.35460128182722,69.56464655504669
2025-03-04,70.98455725273703,70.18438827193917,70.30231046841881,68.10279217203049,86.09505301475498,58.529582835965456,46.910158778008835,67.50652868095823,74.00392365420437,57.58598207610064,56.316203901242815,68.40565828841827,71.33174502217014,59.217939934053064,74.40031587050842,56.21635102033867,63.80367870102801,69.2391666664355,86.10769330675866,68.55020353531665,58.4820703374741,76.09281533598829,64.57154373330154,69.0431620693203,54.68426346638772,52.939298649871816,76.07771033224714,61.297556805993736,62.771449249952084,59.01799891953505,73.17376249600841,67.95290199638958,57.08659890250202,78.38766810051536,49.887500200607974,63.21622320128266,63.38791638660797,61.395828679640275,65.53640508549175,85.45078476114233,75.05716303607328,74.1802365643907,66.57468011478268,48.690870781294024,60.96642431734409,67.7413187838165,83.0472311375106,55.55588963513527,58.184878217052585,69.63509231144607
2025-03-05,71.05790396916453,69.40399069920457,70.37319806727469,67.32683119701267,87.12297775784167,60.14814624175462,47.13772649735045,67.07925632780984,72.1524708643552,56.62409097221761,57.198685969845855,67.70524332235564,71.06771189595648,59.607284821767614,75.5113582543565,56.10426243043799,63.54600805718532,69.28877423233814,85.5689413346705,68.15797571903471,58.723443099493224,76.23393957373165,65.9627287972291,69.34682298785702,55.3173960781843,52.37519476636447,76.47828888725718,60.855985068430115,63.020172462324986,59.42574855470458,73.2102625057876,69.60859873276095,57.9076321283441,79.31593654244357,50.27024424318325,64.34083969402987,62.483564679446935,62.242915846826804,64.8899882756034,84.96991071160677,75.47971325081147,75.10070624374315,65.81110285444673,48.44194668599845,61.02591514111153,67.61518956197297,83.7595183687139,57.49792215181384,58.42937170832351,69.12501492597637
2025-03-06,70.14257877993214,69.17861821836266,69.71461516707349,67.64235469616409,87.51768387350245,59.87020332124909,48.08273715302705,66.5877333969571,72.06634983575582,56.98717011871898,57.71121225638598,68.57577865167332,71.37288790641885,60.23700847584686,75.01079253683207,56.62171723784568,64.1235359078636,70.34500450231906,84.15312218051103,67.54245424616279,59.20881472404478,74.23925994107798,66.28806918641821,70.08567194789413,54.99947738206286,52.15036585841011,75.66120319116612,60.539418670167876,62.71051819865618,59.02134729660634,72.67219342448324,69.42021148402911,57.74392496305955,80.81643858551539,50.072476450675396,64.56265029484177,62.12414534918223,61.87701397518863,63.79339399390871,83.64515783249068,74.57415046783692,75.23879065351043,66.52316926888253,47.58413751333902,60.69175423779851,66.69725171349785,83.53845338822629,58.119806280269614,58.16884368929338,69.09217661435453
2025-03-07,71.17077667318654,69.49611410846146,69.18672880699481,67.74993419496936,86.7964206653082,60.12247676774258,48.33116638273575,65.68356751951595,72.19268423230743,56.92020781876332,58.02640981084244,69.14825771192051,71.71447227489702,60.05465045826328,75.71416808409555,56.12952579785016,63.28233684641823,68.13281111551377,84.09411707548729,66.98983473929651,59.444789423695774,72.79016471606346,65.86045223595492,70.41603997323794,54.43597941674264,52.36423208258404,75.24092480316152,60.51955996798196,63.084857719429976,59.58638850994631,72.7394407830988,68.8574175238271,57.480040154909574,81.33284612215284,49.56371180102315,64.44778807673248,61.8848800912297,61.81308983233757,63.15277667091075,82.11035179870069,74.96350273154678,75.96769965090108,65.3415774110332,47.76001206921981,61.35273027759007,67.09589460317062,83.19109773149646,57.57402677153688,58.215966778804415,69.26358898425549
2025-03-10,71.23899629753126,69.37104022487537,68.44171770954492,68.03691131625227,87.20606918038429,60.243337320214195,48.38484068803299,66.79587153244199,71.7433327155418,57.65429673055922,57.602041154493556,69.91934529995653,72.60445238567202,59.878917202372094,76.98225451304647,56.39341179313239,62.72960636611582,67.87836402191266,85.05211923523137,67.61105698834857,58.81915510338772,72.68886963591362,65.99462988767971,70.05951056823399,55.73472149132267,52.48673136994802,75.19443110995051,61.24456608339135,62.854883484738735,60.189712161837086,71.53640118894997,68.54575054253962,58.08622032163839,82.62001169428589,49.18191585088748,63.87686159511675,62.237041853968776,61.42917054671151,62.983389827972545,82.83313366969686,74.55673230468003,74.48918803730413,64.49693498811072,47.76476709485278,60.220055338023926,66.89680811240343,82.0410210201019,58.525990168938804,59.49016985242738,68.53450805270442
2025-03-11,71.42214362681307,68.70798725488807,68.23034387301131,69.27506746771584,86.8000366332385,60.07126501991793,47.93094182865705,67.56588318253006,69.43994369248146,57.39956942792696,57.575615890889786,69.45864881679414,73.23413977822241,60.603021370711474,75.90287324080633,57.58644476354004,61.84312513345082,68.75872556894537,85.17964637967368,67.2713556105384,58.57886111172069,72.66451364861265,66.13231791761976,69.41781177052367,55.60448810081802,52.08378508874615,74.2863097648959,60.74604707982923,62.13620847941094,59.9373526509023,71.84644812672232,68.6285423198643,59.24443856632151,80.81377174358079,49.41328927033976,63.88096277364434,62.74676695851923,61.870869599537336,62.8795581112387,82.97626966677821,74.0040373797748,74.94771878774674,63.29643083119622,48.13726137783353,60.20610189389045,66.57177136344258,81.85047004206974,58.432893119494565,60.26696587050155,70.78678439900531
2025-03-12,72.29873730380102,68.3206591503573,68.66140211586679,69.74309060167688,86.00070006264255,59.318641438945576,47.90062027832051,68.113827874344,68.32967666340328,56.987265088073656,57.90626948237892,69.48763552153922,74.2787151435588,59.753697688344374,77.70939692677612,56.70754562041104,60.60087316332448,68.71822982232197,84.21877890495688,67.24528920139078,58.53568866250111,72.52239443131668,65.57755196121673,69.71880286285061,55.42831410318186,52.661799331000466,74.15243864412568,60.16287918142288,61.09632889400435,59.83428353530636,70.94033211930079,67.70830855519996,59.557753262037416,79.3898632131955,50.116050967289695,63.983072659105765,62.71926315463771,61.233951900611025,63.36203363902862,82.9738592962528,73.49803597804382,75.09763257196022,62.240199676367034,47.35646139974644,59.53544483441996,66.80486498246002,81.8478031338044,59.04906817678096,59.715058538701015,71.19474436891598
2025-03-13,72.21645718756051,67.67939292488,68.9264701007398,69.69706708373403,85.46135150301457,59.343559959265455,47.83861458678287,68.00922544920326,68.04833389773866,56.24844172174552,57.949579534039266,68.93208102424514,73.52468132447608,59.61004358811732,78.28190313076038,56.812900230908944,60.27984964772052,68.32673039845433,84.7559589919432,65.65275791826159,59.00429752879284,71.17596883775758,64.65590005840292,69.36118322771748,56.64432407016178,53.55260896753652,74.6781714760965,60.37776819927133,59.96907490656095,59.92815221313453,70.55178053113266,67.15760732768015,59.65002190333439,79.0167292469693,50.55360865886962,62.75630248639323,62.76632741559388,60.69800512775074,63.103010934418336,83.22700497147379,72.68140726708067,75.22106835337395,62.10818016698754,47.04466182329637,59.25594555073436,66.70169654514618,81.221752415465,59.05325754695793,59.549176036372245,70.76087077706144
2025-03-14,73.37376019319557,67.96100907033842,68.6631842031768,69.79880170329483,84.58830710530482,59.0849293625748,47.685738759930146,67.16655466814981,68.3124330428301,55.96476022456679,57.74395377690096,68.54116325730052,75.73285302731841,59.21636413851783,76.67913860894656,55.91116528462942,60.739298222170035,69.24601403870612,84.18006070406281,66.49781606404396,59.44349400449547,71.0412322086556,64.48772526702359,69.48675047952058,57.14353998619367,53.76579377811815,74.17444994929781,60.272677436565736,61.169068535853974,60.078889256811195,71.16777873352868,67.52116167204058,59.81330292648842,79.10266626032121,51.00931367257986,63.20892018441185,62.93218240402889,60.27836245934456,63.346779783794226,83.17125495341257,72.45770749375467,77.26330359250997,61.15962153347716,47.49775898464241,58.74696031614772,66.78926359177638,83.33502869883488,58.487673175353905,59.11967224060278,70.74847898931161
2025-03-17,72.75475113183619,68.56448629613836,68.29713845457009,70.25678860192725,83.47140781637677,58.02695097175078,47.576670503686394,66.1212611791106,69.35751296365895,55.11512481521943,57.14785064603125,68.82525025340573,75.29008227148078,58.32402174311396,78.25942943588811,55.35393551303437,60.62020950586683,69.10130796677619,84.78012802294039,66.80598221081827,58.954040769663706,70.81013722813353,64.34155406186409,70.00913186786796,56.4798043200748,54.861869750437656,73.6134620056002,60.26740417157379,60.463613313860584,59.304010204913936,70.54818037819227,66.86902281948626,59.56603463448237,78.33205697294217,51.36534695257878,62.71593702690995,62.37219117966218,60.04195207690645,63.97884373820558,83.3501623094034,72.38551073806916,76.16398156285656,60.464723256427476,46.894407780648265,59.519734190107584,67.14456450895875,82.62008148941446,58.158515044079095,58.63377119806841,70.12451346751631
2025-03-18,73.09041393857507,68.36762172754743,69.73341024278264,71.140766194215,84.57163741511621,58.41782958171557,47.37600774874571,66.51771184353275,69.11599277792558,56.021017708927765,57.37935527147232,69.00605750634611,75.38581619651005,59.34789836294411,77.14538996123808,56.380910630665845,60.5074676469737,68.13644026934168,84.1447961591961,65.71219718529088,59.340660038836326,70.07872424073948,64.45016903291878,70.80770759409272,56.10152295484793,54.71498004791948,72.66023424181843,60.03380531557217,62.04016435777484,59.76715491036254,70.36166487531975,66.46124145337217,59.540645023870944,78.4339946732498,51.15054075175631,63.04925121919172,61.78033110949546,59.46926606790528,64.21612945067208,82.38176706786786,72.91514180517741,76.153105656455,59.36952313229551,46.94578487070379,58.52514309379937,67.61173713796487,82.41484883521682,59.24510394788395,59.26529909973096,69.38463884222236
2025-03-19,71.62826962781739,67.85332114541197,68.88696413947324,72.45153949156345,84.56291458874183,58.96566541174882,47.24116374636699,66.3983084380714,69.09344596578143,56.644354670582885,57.55844244219757,68.28027683021263,76.61893846192169,59.17437269722213,76.79477634936612,54.80796796439205,60.89254695362163,68.20530145962714,84.22892042311612,65.44802467634186,59.00030181492053,69.82020500507932,64.74936935179106,71.26170147041803,55.97206032263531,55.23666231320221,72.6028740697449,59.7318608908749,62.1633839095248,58.96018566577408,70.52560003163308,65.44415093259582,58.931863427507444,76.86652874253078,51.06104586674493,64.07232499693623,61.70804308508714,59.853235830860854,65.74460113449325,82.71530880915951,72.35931569412487,75.67668915913181,59.369913908664785,46.64960575160841,58.19943160070731,68.28117684634182,83.26490799130583,58.27739125107336,58.78238670266882,69.06343684611672
2025-03-20,72.05867464061878,68.63338576581388,70.77364175206642,72.11493636312159,84.2120920114801,59.31374297313653,46.9199734816378,66.30477808305088,68.80727610213535,55.178632752012966,57.62941729336273,68.15587372819132,77.59915943420185,59.17762170063124,75.83721587568436,54.66669161153629,59.632454060313876,67.38437172320054,84.765904715675,65.28634527586252,59.547102724391635,68.46033424005918,64.59256729514789,70.92364755465664,56.50963356808576,55.60952685217034,73.07066819038893,60.65970637142708,61.93498911043751,59.75262992006694,69.79299896752927,64.74058883943334,59.3771448266408,75.71854551685061,51.354345143872735,64.13727160987074,62.37301984807332,59.81766726705886,65.78146061938683,83.13762335806322,71.8814121757535,75.14413827427224,59.65225147534651,46.63594510466544,57.962859338949144,68.22467427962404,84.60325853880505,58.019782728778836,58.505576122342916,67.89422738749435
2025-03-21,72.02816213663847,69.0857111591081,71.3679308651228,72.1930196599864,85.02087862885848,59.74905271317164,47.445086135234085,66.96064031383929,69.89605980382233,55.0850777834723,56.869693612943514,68.60974157387221,78.20723222653979,60.11403925688662,76.81516259848087,55.74062975237285,60.003236167017974,67.53873083066361,83.6000036458954,65.4878004219734,59.21901017869629,68.60528794396623,64.62778836089007,71.25900860606525,56.45465909863682,56.13192561723106,71.10768990554317,60.77506546897774,62.68424686977777,60.880546508375666,70.30573094759593,65.84063323661053,59.477538974556985,75.72071304873037,51.62694403442455,64.13522291669761,61.88694377481614,59.510255207599336,65.05392335583706,83.57806609166457,71.8896012378837,74.87389149964808,59.31516785676942,46.87207870695378,58.416999278403104,67.45772817271917,83.52081950605933,58.57623882071618,57.70655290680279,68.2669587398803
2025-03-24,73.20225857306988,70.21347698591578,71.89648288761977,72.70654847326203,86.95719027602712,58.3704273089812,47.22529235912909,67.5312130976337,69.66070660610954,55.77226160514711,56.84731748266755,68.70019026320452,77.99271152588564,59.80075599643649,76.39604674842953,55.89198467292825,59.54026743276927,68.18559136649547,84.14788805597804,66.21175642014504,58.5542318320652,67.44920863879598,64.62508325621398,73.35489622304368,57.17403775424893,55.82156541316652,71.4101923031141,61.21886946033869,61.832325098877504,61.720118596422694,70.18812067291218,65.78095545654334,59.49168718712712,76.59234558034042,51.2385350079986,63.04974464983027,62.087134023854695,58.306412181467785,64.85833825848577,84.57594272671271,72.30711727408308,75.65842576626565,59.6842740041436,48.01557830709602,58.07437605013091,67.72683409967108,83.1556981178924,59.13938682505325,57.67103110575222,69.45050438234496
2025-03-25,72.8147187763477,71.20845331604852,72.32419656417875,72.68295098053778,87.43016453847417,58.523127837578606,47.39369253388811,67.39165495490936,69.17368553391915,55.58569759916073,55.89850208240228,69.28105221701294,77.03529863386667,59.670742948110025,76.89273518541141,56.36311471618931,58.49295548096054,68.12299296535849,84.53564417212462,66.24620615863911,59.3465573955061,66.89717780884592,63.31436317590571,73.95172489492997,56.86778708454357,54.848501461737264,71.2970879660629,61.976857316287116,61.056139547552725,63.178869920946966,69.60248422444057,65.83821693597667,58.77080790776994,76.62422255401087,51.17005039207441,62.11758203450124,63.866633373926184,58.01831297031398,64.53842962650353,85.39949778451653,73.63092499235147,76.51548823927071,58.971646904104205,48.11839788602127,56.991994460618336,68.34029203832866,81.80700290928993,58.66628102677973,57.66918479492149,69.7602523718665
2025-03-26,72.62496763500832,72.29842715389778,72.84916990037806,73.15306981529288,86.36187752738418,59.526149460394095,47.0146144677409,68.57284568393965,70.58675170752153,55.87139300132126,56.478368949753445,67.177760942293,76.88522431258215,60.33205103476301,77.60691265296259,55.67981629836509,58.321400849162096,66.41687305254418,84.8854922564597,65.0102476539849,60.02126359386356,67.69308477885745,63.01473208534373,74.33822392498048,56.74446176167072,54.981345206615515,70.48379959006695,62.3638619692127,60.06227310574754,62.033254672174444,69.51767080336295,65.69928492121959,58.931059920243634,76.12815523032256,52.14411483041257,62.21742612636562,64.01554044702746,58.13285766192708,65.1889485129715,85.89283324867469,73.95710722137903,77.08070748099792,57.90539864516582,47.26623155429321,56.94866354527347,68.20533456140812,82.28270571845827,58.678025374255625,58.00571969903267,68.89671124688303
2025-03-27,72.61716481342381,71.3353364552089,73.13153852481685,71.79187026917586,86.66320914768735,58.65810210849512,46.83464569012371,69.18927726309145,70.74743446649589,54.95946391796272,56.09988574820384,66.17670211106692,75.59318483789728,60.403081422347405,78.04296335070379,55.9256861263659,58.673922377276675,66.40896270893583,84.65374056107319,64.31637216764099,59.75770257865013,66.8045068298323,62.48439755190817,74.40435998306117,56.677652691675505,56.692460494621244,69.54158607307612,62.28589435404061,59.21320580096043,61.79316429131351,69.27679797604338,66.25671655527637,58.666661563557035,75.98264638605929,51.9202114317049,61.351805846199916,63.599451726135094,57.91125040412165,65.23709259930641,86.37427315424816,73.78380978350407,76.88657311589611,56.917479426179064,47.52203342550822,56.55373474327568,68.7168208026812,83.37306937131149,58.567864084436096,57.41516737352277,68.8852074121599
2025-03-28,72.87082431888761,71.11061390945707,72.72020967501615,72.1975826691545,87.09550105195369,58.45532647581994,46.06634131038245,69.5057636692832,70.20664761886032,55.07739096184078,56.18474890471668,64.93839133912182,75.65450192056666,60.71467586252616,78.54180347503473,55.99136226104934,57.52522315412566,67.2624975607876,85.00240267300153,63.54707864089272,59.28880281846677,66.95915374417396,62.91060360917729,74.04217871651839,57.147477709215366,55.685153182959525,68.82040906094616,61.01326778509944,58.684200656748956,62.73211516013826,70.71714640740971,66.41233095378492,58.29330952356673,75.81442501564915,52.16655306047283,60.40034382268984,63.236385655844465,58.7482052690643,64.5584562216428,85.72972526731135,73.79354520775196,77.10457998541442,56.56285224827564,47.55862254393148,56.8985944617285,70.07797367714888,83.26788196783068,58.54368212251113,58.298888724003504,68.50795020364768
2025-03-31,71.91211967633987,71.28879034171342,73.50703261187148,72.45872110581463,87.01104575297003,57.61476541094097,46.039460580439595,70.36818397852346,69.34553985640105,54.94275542959404,55.96746282796467,64.48689011853352,75.84229953533372,60.98442466637174,78.88249029222133,55.447095719685976,56.58611732753995,67.43921832254064,84.57344533553054,64.7260760801473,60.416700345650774,68.30545870217513,62.32194552166808,74.46495442825297,57.64737889582287,56.10904918469198,68.57694262090142,61.798741132136136,58.68447939936337,62.81253033934736,69.63795383440187,66.84191782384003,58.14170440176102,76.16761457695895,52.289348070813865,60.50972906621111,63.207484651206514,59.212140761381384,64.43018187662513,84.49122170880638,74.21459437596131,76.48331609140693,55.81874978552742,47.07493414341988,57.06003520218304,70.01036788712064,81.51084459501678,58.31950611402997,58.98453813704078,68.19947338495412
2025-04-01,71.79322038156158,72.03621734496626,74.0941051138281,73.20286404723156,84.6317538471967,58.62223779631856,46.3333902007085,72.1217737911279,68.8051482153094,53.98236001378143,55.97150296086495,64.30955534433643,76.3396771499255,61.64349947770359,78.81366054340225,55.31379060155618,56.88267859490659,67.26657363749906,84.28639898887012,65.40086602210218,61.182630940833526,69.04989424306403,62.21718963172439,72.8884882098134,57.56200525174863,55.68536156881267,68.48803884673626,61.38540389412825,58.672309585199756,62.16311546989337,68.7517752517108,67.66420503356935,57.58065347101498,76.16786716842488,52.79084729600042,61.065508903119294,63.71189018185803,59.3917463535749,64.89835126098114,85.6593620925823,74.53069444260571,75.09099188230027,55.52450742690389,47.40389395556097,56.70333364108746,71.15384793970881,81.45936244834306,58.36924397390011,59.65170825323003,68.07488465779667
2025-04-02,71.91988695154153,72.6868324254933,73.01123035966164,72.9943152556817,85.3363980765909,58.660706687720044,47.018268135964455,70.99409889605138,67.65211061512932,54.39945807479829,56.45821221332176,64.18539713075775,76.6459496821117,62.104587031570645,78.1748282955688,54.924184555683986,56.990702369917464,67.87748071399956,83.30936286070452,65.27153460301737,61.03338287724779,69.33909851987032,62.211777985727025,72.49168594276699,58.28521020169457,55.385882298305624,68.28827966284493,60.41618961087519,58.25509923255161,62.484753672186734,68.9725485007717,68.07108186814918,57.898788300217596,77.77474961407535,52.39751888823535,60.084563819604675,63.046066549446664,58.975302117051285,64.26909960538012,85.73962896065214,75.47017880631545,76.25608335427128,55.80522949613715,48.42988580352306,56.5016178816099,70.00167810772236,82.3218081606917,57.30587579669725,59.20303194399549,68.42987282830718
2025-04-03,71.84629198706656,72.54816734526844,72.15419090477768,72.98643055135948,86.1972000405545,58.67242117820181,46.629526256499446,70.11392189638029,67.10661392766512,54.613304731959246,56.65253756974729,63.67363952997876,74.97008505097946,62.36598278742327,77.47618764405685,55.30395342310841,56.56141516037436,67.21022013597592,83.43706717932639,66.82872588226225,61.4922576289342,69.43361611493721,62.435426950710024,71.23332238914607,57.634709004536525,54.01249671652268,69.4798574680178,61.346061338293154,58.48438610061307,62.56923707358746,67.91063689483273,67.9219655784136,58.945917777407494,77.87702526619016,52.10249186313708,59.03746606085771,63.92232865274078,58.93398446384223,63.14992184509307,84.95081796435333,74.51215119374575,76.15568704882769,55.92105551871125,48.18679051542159,56.942371995006745,70.05686273894673,83.20098445593852,57.101547743060564,61.033690303479425,68.0446821146085
2025-04-04,71.20020542384204,71.80741279067125,72.00214874603815,71.74213128351678,86.45147928652374,57.56511559082201,46.70497361426871,69.17287855475256,66.851228027054,54.94446421021032,57.97298679424875,62.99092381516118,74.85747658758659,61.91623309136575,76.80516801219709,54.909955075655205,57.02944460915125,66.88299588335306,85.33509398198107,67.10729851940405,60.874305216918934,69.17946572262488,61.936792174635194,71.80552382192025,56.69790019998212,53.29304989283371,69.07006531761012,61.7664561995408,59.20999825650517,63.439021848436695,68.27138325734914,67.86568870310307,59.41618320611802,76.9908033127403,51.150189841782,59.29580942424734,63.28269729794245,58.89550916930022,63.22551141588184,85.16185926851162,75.21420660573999,76.79200326865568,56.03020800365538,47.97426757612697,57.0037673589323,69.64041909947906,83.03771406670326,58.616308291995914,61.14498875765574,68.35174064432779
2025-04-07,70.699669420812,72.54364981457348,72.55164742331826,72.29476396948205,86.6374557001491,58.16353739070171,47.30270643436706,69.36898368119705,66.77465214868432,55.438186503376045,57.45120070413001,62.54029361042343,74.81758792723113,60.84738364165643,77.44344146998728,54.38375697568545,56.76118879619533,66.74050011137331,85.36862601449442,66.87707789625114,60.83330737188957,69.13822794089242,61.66053348045148,71.25246834387468,57.314400844416745,52.18326604482903,68.92812377061014,61.477511571946664,59.45848464523935,62.523108894231605,67.93102413254385,67.79625710573771,60.055394016563355,77.24698044254758,50.548401446602675,59.00745954839692,63.84590596764224,58.19253570891003,63.17580772211907,85.15409247575525,74.92460192008889,78.89028016628443,55.799430282162234,48.19052507804172,56.56861626435021,70.00891652650658,83.76395359432293,58.27267668465549,61.11155048539489,67.74253246588871
2025-04-08,69.8951917254767,73.29969159322016,72.15082192403523,70.57073797919038,88.1804953573834,57.69887638086505,47.1863087618713,70.5166541958344,66.68007140454102,55.347709564313284,56.74991585423837,61.526175969781626,74.69320524396382,61.06854485142287,77.68041267996377,54.1226579073109,56.772688528685634,65.52553190529306,85.76236952151163,66.98510856924396,62.04587721740512,69.1433994292918,61.082009596720866,71.21633602331241,57.12683194626151,52.41060457975433,68.9466624568063,60.7077869356562,58.493807801190755,62.6877035476707,68.87711568788106,67.85007334941909,60.54581453227878,78.03332027093003,50.68344051635684,58.52880077681507,63.9707240341786,58.89921853804192,63.51145886333192,85.79364372928515,74.57884125773886,78.73080412559361,55.7332204314557,48.16579137449257,57.2331875252726,68.3848203713423,83.78953759186206,58.22637042700776,60.27912627502222,68.19913653179196
2025-04-09,69.39063090635028,73.03845439091363,73.49714016271994,71.28709525763415,88.68853871017085,57.91899921619946,47.10866628638104,71.94073710351573,67.21710844287789,54.93440176407668,55.96089542515281,61.87592002099041,74.65148645516301,60.202118199266344,78.01405464311485,53.977248940165836,57.07476206425881,65.81562478727074,85.24229121181895,67.41036450747438,61.737715454349654,68.84473708062382,60.75775125781284,72.02634644347499,56.96677447318616,53.13486903878647,70.18734657053488,60.26097925480167,56.80991929389955,63.345914145717956,68.6419775907737,67.26490322349731,60.190417529333864,77.71029770748372,51.34518537983844,58.622469781167254,64.79714398222768,59.191030829714784,63.315365266381896,85.4593948677827,74.99886088597714,79.37938876009882,56.29154313326499,48.03998386998939,57.333551317570766,68.78538394406033,83.4684319333303,57.56927192908732,59.79506715719094,68.03495039412125
2025-04-10,69.85166543517816,73.96380484932958,72.50721136544622,70.86253465676133,88.37172291150772,58.38112523276931,46.86053623381304,71.63224780804747,66.27467704958957,55.20060157749154,55.87064790672145,61.472544205939904,74.4580071363345,60.88443095868939,77.23402738117838,53.52485072305891,57.793975957363216,65.86551536362485,85.81512108382185,67.68173168082686,61.715904562614746,68.60536856898676,61.265093712610174,72.86841938702001,57.58776185722989,52.5086891644441,71.1092307920109,60.04566953010395,56.38260283571337,63.238742729350236,69.21485797317096,67.62943011516332,60.03689550236568,78.36398437914926,51.41704729583514,58.28754019869602,64.33997769963908,59.43435181544161,63.26314041088824,84.2919440671533,75.63692124042106,78.99906341290584,57.194944382940236,47.37069372273911,57.230038218427524,68.30558281577134,82.6582199697762,57.28971104789127,60.86320741658974,68.13256217458256
2025-04-11,69.3008275757152,72.62357297714507,71.26978027823925,70.48340114039566,87.81349250955756,58.25046833288784,45.80778424348122,71.56660431678733,66.95931372037369,56.10372804244712,54.82217133896542,60.98187640189203,73.8246705661784,60.973217295270544,76.29767030186638,54.432896057472334,57.819134798662986,65.78445434758748,87.1928528400308,67.67087124239808,61.963450567914144,68.0922094518349,60.4311817808424,72.42501308113833,58.86106496096954,52.84213444228407,71.30471862125184,59.4622523904859,56.89873782623231,62.38595678096905,68.13867628718971,67.25251219293756,61.22185339467882,79.8654529932242,51.185557268055334,57.895887916392205,63.293178251463644,59.48074697025522,63.36571783748069,84.96011068787399,76.32889852693326,78.84325579677635,57.51384999709172,47.0399562212686,57.53821464407278,67.9599922027217,83.03887400462337,57.50696425722802,60.90509791944649,68.67605873085067
2025-04-14,68.22102878923144,71.85429611723306,71.07756900167085,69.47344570701001,87.45693641152893,58.03265268793459,46.41166721358799,71.66868357891825,67.65217282937658,56.27323435655611,54.5292920393215,61.063473962989356,74.36513590614088,61.70523172640077,76.19678755999917,53.54345523552906,56.83439852177865,65.57007566297214,85.17801406896098,68.89660273969622,62.334437165206694,67.660742539586,59.764315402232505,73.1734693891816,58.20920269844769,52.306811711708654,70.76064932219973,59.530130049456545,57.25306241460959,63.13447155619758,68.8544391428567,67.25303253384796,61.84983475503639,79.33135003030387,50.26197100383413,57.508631575712975,62.78492203487323,59.10602169407745,62.760709940385304,84.56925331330481,76.80362099686687,80.20728520494823,56.53004821353892,46.438089953764525,57.08462791221479,68.48238787152195,82.86886223257606,57.09205503600781,61.34319297009409,69.33602074764926
2025-04-15,68.20823175230919,71.27019455460082,71.26993699615582,69.3115751145748,87.24640741545836,57.73605378435956,46.842958973294415,71.84799338422329,68.35648798327776,57.03027530242187,54.780146249090066,60.75498331851835,75.14281410388666,61.99324126895739,78.20651699155012,53.70975275024763,57.23231180490559,65.76078362493489,85.09364566729096,68.71853466579822,62.51812251856267,68.01429443630077,60.45822492541204,73.3998154134765,57.940381252736785,52.136123909047605,69.83069546588091,60.52731254574248,56.94406081957882,63.748224036274834,69.04512022825385,67.45761192995514,61.77723607940337,78.70883384381534,49.777515868483604,58.51128869608757,62.85651319465229,59.77487885148962,63.635933896396004,84.22251589999826,77.12957849744478,80.24339525211602,55.879645227501015,46.352036426409484,57.42099097328512,68.14149201398656,82.60010512844786,56.99316208408675,62.65224434735235,68.07595463157887
2025-04-16,68.55125342957544,71.08986781685287,70.81480212515606,69.11924243174317,87.83061648005885,58.15588416483743,46.930175991784566,72.63741138606721,69.22934348608825,57.49776237925241,54.48175685752707,61.056125070728015,75.51886537145486,61.489661376118576,76.9886949794578,52.63423924913305,57.27230568415326,65.95706923618636,84.09394342242767,69.44112543468229,62.61335891278481,68.93833583906601,60.68265988434486,72.62128677313602,58.20652050222598,52.4866668523755,69.44933128049992,59.6607159924642,57.00120212188586,63.11338552872392,69.82339209106675,67.18349870628273,62.85188706222894,77.05456517400992,49.84465901456516,59.35365073854545,62.29938270330481,59.67979239443577,63.379974505982126,83.64859397117286,77.31848587034581,79.21060888823361,55.81767065875191,46.591828387732356,57.2976147674827,67.46333507960637,83.45543754096182,57.41088197581713,62.00330143434304,67.20065443139845
2025-04-17,67.90179339929198,71.47856054495007,71.010217660729,69.66750462756943,87.54462336998844,57.62057569784207,47.36337945543173,72.23651112412665,69.35861001505288,56.61346098434995,54.17219691757802,61.67554428902374,74.9798755735817,61.99254222954996,75.21482824783658,52.340629683999495,57.1742509622154,67.11646992567117,83.11655661040372,69.90863746374455,63.278649040528514,68.44274285885508,60.456418413006915,72.72421227998127,57.350555800768724,52.24834107122177,70.34126146967739,59.97335188638083,56.91192199469499,63.18478968595199,70.23018030547532,67.704440180396,62.503141405559745,78.24625891967965,50.50512577107287,59.75699215563013,61.77643114299165,59.07402025534984,63.17331077247044,83.69943856729736,75.96313469913436,79.60342915779805,56.540948076351995,46.86119389493942,56.9115590774437,66.9295271551565,83.70605618192509,57.3229363898893,62.27861100614794,67.6062341378013
2025-04-18,68.64726913339484,70.67389849263421,71.16776427006076,69.41474030820551,87.45831626378774,58.12081198369064,47.82653464177925,73.25379451604827,69.65442252517215,56.551210920479235,54.03538015811794,60.61485150979161,75.99116642598678,61.79331005408852,75.59630197121066,52.69723002301552,56.4666661240586,66.49960470590231,84.41238379571189,70.11197211055273,62.912326712097396,68.35632210543523,61.116697948901965,73.4068692410017,56.51588320328773,53.10924289633417,71.02415575518269,59.88197704826258,56.237715163782944,63.85428489911066,70.5655745186834,66.72460531059848,62.3582535094983,80.73100872484203,50.51346069209477,59.31525365720544,61.15654891916479,60.13020101246382,63.71114505886695,84.88578618057187,76.15189816547314,80.60795679230097,56.063328422143584,46.93744794406628,57.0751604075464,67.86121757427723,83.97337305038846,56.96549378026472,62.3185280898842,66.48232133587817
2025-04-21,67.07233504387322,71.26388886771669,70.9015665158669,69.23351514916176,88.18807599675952,58.93846380544686,48.08284607533441,74.67988487721036,70.00544928609604,56.722374803573985,54.16543142394217,59.84063719053658,76.72112455275195,60.300503092160184,75.15441304973854,52.70931506811787,56.02247002523606,66.19986635546267,85.9794121455701,70.89031366198068,62.482332755088,68.03609613405176,60.34119742763854,73.92621162239936,56.37491515350529,52.07506910818186,71.09577253332425,60.145424097989306,56.78198045456393,63.807461895153224,70.30308638418374,68.06318241298952,62.36236065666546,81.31401327348127,50.2416544569786,59.725890198873266,60.27278423452478,59.85299979005422,62.94597171082161,84.37380007133216,77.11013357407307,80.11588149374752,56.46745631195771,47.6550436475616,57.05942278167817,68.53896205479721,84.42053018660145,57.031861283357784,62.78787230066516,67.7168775962796
2025-04-22,66.646262958158,70.58359292258235,70.18350995838534,69.92542716971882,89.18968887425306,58.62279088564558,47.06668131231416,74.17767357838625,70.39002957237278,56.68454047812786,54.26320569938575,59.52828261398152,77.5031034130907,60.50780499328622,75.59646118859628,52.793224217788506,56.31700557295456,66.50413731722122,85.18515040781577,71.15527318625043,62.978847911728344,68.82656602553534,60.592804578126426,73.21607131144305,55.919386089162494,51.848957760533864,71.23060104783984,60.071949591791515,56.147474880950995,63.09067269378087,68.84313310410465,65.97274338249962,62.280232527812686,83.22274354937012,51.152545058594555,59.144481179033136,60.36320287885446,58.98279300892531,62.12544648355072,83.36947221254049,76.93644714120191,79.96983564651532,56.610331134637704,47.972150096180776,56.867523888195834,68.56377900157361,83.5021596514254,56.27020132681173,61.85371830457199,68.15795823887463
2025-04-23,66.42144006618516,69.275168286482,70.13924588133548,69.05761351820891,90.68293806822125,58.28444957931923,47.38853905695807,74.98985517089216,69.7210543531588,56.727663832216244,54.56436777412064,59.597105019213934,77.78347361280977,59.70860043639144,76.01645534995988,52.53718535363433,56.514150299554345,67.118790999783,85.7567853817636,71.4038388063598,63.38455409785573,69.30201034203603,61.5057804409183,73.1911449710798,56.011145035395,52.33448388555413,70.882150084412,59.27515986424623,56.425095260251304,62.96082476991584,68.01683234523217,66.30379245361394,63.17795396920014,81.8774195256118,51.6781725450243,57.662820598652,60.12206000151459,60.078432480341924,61.921808182186325,83.44448710699265,77.52561371155142,78.60888816422909,56.65115895572368,48.00296437978366,57.936502725635066,67.72172192626378,83.18417308989696,55.75023097615768,61.217193958598116,68.93072080683986
2025-04-24,66.43914473678889,68.89136530513312,69.77697149255863,68.66975562583413,90.25429568877459,57.552114316988714,47.26608938167753,74.72096980928164,69.19470733858425,56.81568617131478,54.695419078603535,59.26628100987368,77.67144182111241,61.01149616896113,77.64554438476534,51.98630452773999,55.99971373849099,66.41148555226845,86.66808885963637,71.11983987306024,63.536652746279934,70.69985969386595,61.49934432427517,73.70988614214528,56.30339847022741,52.02754698347716,71.63689663027726,58.773632111456976,57.18621133961849,62.59204505763517,67.69250953869143,65.58599738914155,62.596715995124086,81.52874045916182,50.436847659159625,57.52843143702218,59.81742980232405,60.5549385117801,62.18428021538149,82.85608700705677,77.17093323761597,78.42467371737769,57.4992561378424,47.609852261739036,57.52099569026393,66.96172199157205,81.96044129691657,55.921649200878335,61.34153178446691,69.82063332465694
2025-04-25,67.13466328521423,70.5627239142183,69.72544434721814,68.49108345901304,89.08838174437467,57.95440930308057,47.32214910060492,75.20919039085148,68.410966037213,57.015804109279856,54.80776910107701,59.34873921693665,77.1425482710327,61.74145310593215,79.25394914418224,51.41227047486735,56.4046171043315,64.52750165632662,87.24950185138137,69.80214873992009,63.20398004096519,69.77762096097922,61.366887515959924,74.33076030861336,55.267319383419135,51.84085428133702,71.27007754894757,59.71025658214864,57.433652895732756,61.85952095089856,67.37422915412446,66.61456591830733,63.04548624467975,80.7835428456663,50.30232541317468,57.39333570522025,59.496486922116986,59.52812595561948,61.764330471318495,84.01515543750735,76.87736030389048,78.34373918569906,57.5801141392747,48.677705567854396,57.5261007736771,67.69826799809475,81.47163362099137,55.77677683654606,61.34923230040553,69.28221552552078
2025-04-28,66.99803725216633,71.1921475087974,69.16961390267639,68.4911444373118,89.72202376087372,57.4785591814018,47.843372010717964,75.26402544629192,68.29809730800179,55.88226218173753,54.60338250115521,59.56968488538206,78.50077024582846,62.093073584017056,80.15156504424891,50.79438532748309,56.33312870252573,65.32004647626071,86.47838653966295,70.47915693708589,63.669169692504525,69.9695801449904,61.16550410333392,73.60124313142788,56.25728575439667,52.16945426519488,71.51324883034076,59.464251104116386,57.4554080752779,61.96149822906284,67.64418169185493,67.10554403253225,62.554098259160085,79.60741943383476,50.344738511792954,56.3992590223053,59.30423129662723,59.225785189656555,62.06880345648268,85.69745896372308,75.3968519304205,80.1458345980977,57.44606547437703,48.84730562499144,56.71793358672244,68.37650775829684,81.50542898127333,55.74250283053159,60.172101008004965,69.33336246322553
2025-04-29,67.56712900440836,71.02413424198436,69.98659013463629,69.27148920380296,89.14865987771739,58.4027590690423,47.865047557597165,75.3014750384277,68.36573306756046,55.92101081931479,53.18596245150984,59.45928174264552,77.4373306198258,63.11117181561918,81.43297059974755,51.22897073816319,56.1989525809,64.66491809441305,85.91158672594112,71.86170002669223,63.229975164017006,68.34064089610223,61.79886677032361,74.71395936982887,57.19850227796156,52.71397687986109,72.37767732670025,59.49573628729112,56.27476320523132,61.97877614861815,68.06594894465712,67.01483169230943,62.4410800754032,78.84359792970487,49.842933345561455,57.445547876123115,60.42628069981549,59.22421742614152,62.243787985417754,84.86099748888373,75.88289305519031,81.56860125198573,56.574265465787434,49.07442649876211,57.02448130229366,68.73822003758114,82.85547359159649,56.88906281780238,60.031772858929465,69.80167090140552
2025-04-30,67.62406727826387,70.57659579742686,70.17638060237262,69.73821219477799,89.34225880353948,57.89038571455979,47.64367752545608,74.95895141481823,67.79220928228601,56.09662048170379,53.40880493509924,60.044557633317076,76.7760504629956,62.74776854786498,82.70879376935402,51.14477047205581,56.21588845508973,64.55178649411974,86.89052685440537,72.70873478671348,63.93778877926361,68.35879978405936,61.26205629172728,76.16629773241021,57.690401269497016,52.4738025761322,73.41557569975846,59.177923695600235,57.074259204715474,62.901804529014214,67.44161393934951,67.40583227635601,62.93140353153166,80.93247856553552,49.47431850291279,58.27440288891851,60.43676316248134,58.493573561201714,62.16914821384599,84.86308913551561,75.08361574512578,81.82363477293296,57.11874237927162,49.19146143731633,56.71633311614697,68.63623870613525,82.85170925732254,57.01282949214108,60.70173478629598,69.99174772319762
2025-05-01,66.68212848254981,70.18084247236153,70.29298493401525,70.52657932554753,90.50934121704312,58.92692838458363,47.70594768588524,75.53330924312955,66.8133336163304,56.33828858748336,52.83759573590064,60.00701798959787,79.13783923226589,62.938531445352886,81.99742116403897,51.35375904977598,55.92596026431046,63.934578646968355,88.73730799580373,73.48855251237609,64.15909939112206,68.09147814180446,61.07195582286741,77.35025676591614,57.8675384738752,50.88081795575206,75.21461054596567,59.286355416075054,57.27057136575458,63.58908272121314,67.75622064379215,67.91117712928532,62.66531254951395,79.94326981729914,49.61315620528779,59.11466810807517,60.04651763946603,58.069272690384324,62.93289876937891,84.47594250871902,74.77598445451754,81.51888350042583,57.08163811680663,48.423424768262294,56.41126260461924,68.7945369138707,83.03687230333846,57.67687145628047,61.82860982891408,71.05840751385655
2025-05-02,67.2948359607148,70.07653687199593,69.85637269693889,70.53918949964988,91.04089953125184,59.4132670449506,48.0041246242455,75.44183683186382,67.34113632660225,57.05313978868286,53.304703956716935,59.987810984365574,78.48069300479324,62.401098816393095,81.44073854301038,51.485946665868845,56.217422364178695,63.03656965687132,88.2912014261556,73.66755713712837,63.584461689420316,68.38757181015029,60.8844916594357,76.79270846853157,57.89833534004417,51.0808053953581,74.5790929162575,59.142693719292794,57.53904074186648,63.10631845019478,66.64224626584323,66.87564795292798,62.4038864966108,78.8962006797752,49.44093998854324,60.10713260597821,59.22439720546987,57.90539777683775,64.28922899143214,84.82141875967906,74.50152068910549,81.39109479371417,57.32725218007953,49.25157755911684,56.112594827778004,68.27531176322142,81.89980963029547,57.736364684737254,60.965572881285425,70.7296139992749
2025-05-05,66.68610881955667,70.83330245228656,69.50212667180612,70.81973735732471,89.5921702829828,59.49145102039718,47.430018684569895,75.12140223139826,68.84677022761403,57.58746107311292,53.23629793996201,61.93780958492125,77.76573411705405,63.13245933378294,80.20203404807368,51.36051376684549,55.46481289719074,63.1989563696776,88.34063206741875,73.44125629791937,64.28264561478686,68.00084419335842,61.083819259986505,77.42542718384638,57.04591223811148,50.69993633903762,74.61927275677161,59.516560155006545,58.36264615119201,62.97023160179879,66.43167622658488,66.2946323499092,62.610149525375704,78.6621341012377,49.3056413275887,60.05072540132647,59.5519983392281,57.57988572511727,63.7947261383361,85.18840495355785,72.2810713687455,80.90123459633956,56.67102294340785,49.847780955934034,55.86572068773285,67.89355238082263,81.85999758702229,57.39363954607302,60.72058966615648,70.79833317905866
2025-05-06,66.40525954176488,70.52992509617397,68.80357975853775,70.00732648731787,89.64651266962981,59.67413201983649,46.75745776473915,75.6944555556724,69.37480700815412,58.151504169176235,53.396187412313125,62.333663902709546,79.48363545167517,62.94238802875057,79.36773787886564,50.578625381042485,56.44719261613288,64.32675624426997,87.52759925302146,72.9090405598503,64.07471262831682,68.8384660612479,60.30252550685879,75.91763844510704,58.29588841401896,50.85855701196999,74.95912424133779,59.3946132190356,58.635124647293836,62.02391531957524,65.87538087747332,66.36438305059342,61.20436368556583,78.42452687324642,49.12641428788831,59.86923254047392,59.224720722151716,57.009298225573424,62.642891174592066,85.31180193945902,72.06446374396418,79.79623071983282,56.70647235084913,49.70097144266949,55.608759116915984,66.44483959078632,82.42082344583133,56.69029190586939,60.759019894148935,70.22839899537672
2025-05-07,66.14762575871754,71.3473365685173,69.17032609272812,70.80292406074787,89.94318154954118,59.910996116547054,45.93201540905304,75.45448792053831,69.21895220212781,58.86745515478308,53.12656328565034,62.498979369123894,79.66327829741797,63.675290550113075,79.26165917899658,50.99904633495787,55.49300106130705,63.296843749896446,85.55168705230066,73.48435263563964,64.50781999538104,69.4586050385325,59.89543949224807,75.4910096294363,58.225365307215085,51.59812738572918,76.23961703059973,59.86796898476898,58.8295400747219,62.85772684991407,65.70705909548427,66.10544359652495,61.12544743828586,77.66071860719,49.04051365150827,59.203972675952635,59.834900593647255,57.32009470679783,63.54484200598986,83.93309345052276,73.4480253287329,78.55126862521114,56.03100926064831,49.39337290989082,56.34074208123735,66.59489071333563,82.2201021777766,56.24272521087592,59.92874033536294,71.02834669276818
2025-05-08,66.67802182472815,72.31882855641064,69.44535180019649,68.95673476606223,88.8307012926735,60.19015350511046,45.762510465450475,75.03399262255834,68.45950709859639,59.42792831718422,53.369476410490726,62.81300504535168,79.16012565117205,63.78764129400468,78.20838537425503,50.93287826447933,54.10775980342714,62.312017517588714,85.27638773146148,75.25058485109588,63.35659629406777,68.60017997305451,60.02541853944425,76.83865243559073,58.343200056728605,51.96169431724068,75.98266321092473,59.56304936550069,58.877908624023725,62.44530007308799,66.184682730784,65.05209291823462,61.67188399450407,77.69125537711923,48.93532640452848,58.239207717798166,59.25150769158027,58.01129714472667,63.412426259239595,84.16708746178519,72.80485900582109,78.52844915507914,55.26742933880363,49.44273277098939,56.54995138132901,66.80874638371048,81.48052021412077,56.05067505777357,60.25154027512176,70.87832472186953
2025-05-09,66.48672721063478,73.70857879492412,68.78806438057927,69.70579527098481,87.81088947733625,60.585560357683875,46.08772901663084,74.65202082435432,67.63108162304596,58.26840204690558,53.042201140556344,63.144409983799434,78.31165374498953,63.84951249382297,77.0621757793782,50.81389147858301,53.490665977415375,62.2634452345044,84.85015403670954,74.3601376769796,62.94052866938055,67.96233057974716,59.241888508479576,77.67514008254416,58.13344049238164,50.829888856678785,75.51055067582308,60.110378982977274,58.43133873999579,63.3876098101825,65.62012529489178,65.38039605335678,62.31452371053036,78.04180521088814,48.267314698835,57.69289991907426,59.94886422163314,57.54640440016669,64.03415450530225,83.80570738283814,72.90790510230019,77.44746968164823,54.93227583516248,49.01184591751158,56.67767188837524,66.87103954172754,81.85836312731365,55.7764071064251,59.69366113173885,71.00795843966598
2025-05-12,65.8056991559798,74.50777029770182,68.7093317394171,69.4788305061736,88.21766929711406,60.53931215863917,45.32987083674559,73.8638323886676,68.35021793917319,58.31730062222027,52.15771799817258,63.36714097202785,77.87491131305389,63.29358288237081,76.18494312758348,51.32454337960315,52.44957266046063,61.74414659191781,84.95214302839865,75.54312196264948,63.29009710936068,67.38977791705484,60.15486993831156,76.62964595048776,58.28789435453354,51.078434941982884,74.84813804293384,60.531170811068115,58.1318360744329,63.829779052212565,64.42401594577942,65.59977197113574,62.0582498238513,78.94423247755005,48.24609104908974,58.418137171162854,60.253945970777366,57.47307462744524,64.54052352667696,84.47382279902928,73.25277790514913,75.69233362794253,54.39517598267548,49.694938197183234,55.970282529611204,67.46376191219662,82.4387012016937,55.37307388518431,58.51443756620497,70.60513216974998
2025-05-13,67.187458344278,73.86733000099984,68.1657643451797,68.78916761144535,89.29585943348887,60.392431128472246,45.04703442034055,74.9152920159573,68.74745327723076,57.78365201634157,51.52341309252321,64.1053065210271,77.88798617816302,62.32067966464725,74.83851729524189,50.754926092157284,51.803480667835345,60.49365050946188,84.02320451082844,74.85200065877599,62.9979420671816,68.54033772958329,59.994564692045515,76.50134147865218,58.585485689751124,50.957360308264455,75.1482451289777,60.70126883011115,58.20314275642242,65.62026058209213,65.01368202559942,64.89398900266433,62.288429057443714,78.32166971365758,48.461870700110246,57.62027691027492,59.59014863417299,57.671069141393986,65.18764710410916,84.89949460692664,73.88112215796674,75.97581514174496,54.4890865120214,49.44525747621727,56.427176701244704,68.15873925371433,82.38668586215427,55.3083661791311,59.45308879147042,70.5907148173094
2025-05-14,67.23832900542558,74.22588215083628,68.09912655650639,68.22717062745281,89.63400567815792,60.36903057047287,45.88460468196438,75.50829524046169,68.33929084419489,58.20646905899009,51.68228050208009,64.9502380709204,77.48056864641052,62.43837491919155,74.76439380942627,50.78461596049537,51.346940427239026,60.84304563904082,84.3751264307374,75.82022484436281,62.99162630336509,68.25864200502704,60.46997213223329,75.89617079964907,59.22458997104116,51.51214631345845,76.09903266045728,60.93031480967811,57.9206742290569,65.69194898296263,65.26124897299167,64.53150689941045,63.12436587609045,78.77732162402323,48.03140597333275,58.71547215233638,59.64821131682433,57.04352745545167,64.64866453510592,86.17205838593543,75.24181999278376,76.74666389517112,55.21272878419964,50.05049033528556,56.74230544980322,68.38337936514485,82.83266400903096,55.71694605659784,59.01381669992156,71.10930533543471
2025-05-15,68.22626619351229,74.07285834917083,67.88614131068577,68.55308063024614,89.05357902675057,59.579291067419874,46.41426471676059,75.16855623604899,68.35189963509872,57.85241799118869,52.34636686309082,65.50674864893453,77.29426662226385,61.70599533914827,74.50546325721747,51.07499282871408,51.44389050231727,60.90946043405188,84.55393672950426,76.39773414164408,62.96526402787115,68.56650727315508,59.87611761465067,77.85940811978296,59.05671383183792,51.61712827326584,76.53133069887471,60.680532250046696,57.92520657996448,65.68910804802826,64.66745418707724,64.81515683944158,62.091842750408645,80.17022954004898,48.41379515204812,59.09193761826512,58.62127824536264,56.59322787769112,65.55312609897422,89.8245560354555,76.14611938939832,77.54662376663362,55.50334353980034,49.62810620821807,57.30980930986247,67.63446767754394,81.83594927946044,55.011873591115766,59.59244619290824,71.0684903177104
2025-05-16,68.29511262199449,74.06144909145908,67.12622108757546,68.0948125223936,88.50277770954587,58.74789566456281,46.18082830791903,74.36013243057718,68.74789458308585,58.23607225899845,51.67355504343721,65.31272273822685,78.74229102598706,61.10376388988349,74.82401077871044,51.1289165946355,52.00919784097394,61.089693826719646,84.19004471296965,76.44875744840492,63.01651967843996,68.5036639058993,59.091471444644995,78.83331024409834,59.689884636330824,51.080952101959554,76.30152708318737,60.54410266718393,57.25914963646724,64.47420142836002,64.23524977629492,64.58456526459909,61.20337226084296,80.31223864495477,48.980064086591035,59.59166154075254,58.54706051766022,55.561205353674715,66.0239742827234,89.95614844838128,76.46993285875885,79.06263452830912,55.04742831312146,48.2217021276023,56.70924538825375,67.96400186573261,81.85798731359458,54.347177707380446,58.75237927354845,70.81692135037619
2025-05-19,67.44937117688346,74.44804324139292,66.85061311612601,67.66911398573576,87.83421999135996,58.90267827425431,46.20050979315326,74.51045987140313,68.8718413820526,58.19404358737624,51.14244798147403,64.83742942795594,78.43212743511867,62.37879655214557,73.82153343304799,50.91514658347458,52.060330870026824,60.90466953797249,85.0990928627012,76.21327802511192,62.86889304195359,69.06399348851299,60.17119343555806,79.9507332117525,59.60837179846946,51.05566603179663,76.33718290881714,60.633167586377624,56.77601511809334,65.08089951412745,64.3681028615891,64.55560158654515,60.43031219200641,80.36227767545031,48.06149020060161,59.24605312122853,58.21830982514488,55.72089237969882,67.27686532027536,90.47208832023401,77.58558501165282,79.57440549955237,55.6702382293809,49.125607909608135,56.295741176797435,67.424411200825,82.40729733070688,54.34517860818254,58.88198513644357,70.64104188060331
2025-05-20,67.04839503722872,75.66450216208109,66.11937787555436,68.13518726161729,88.29588083821535,57.9799017068119,45.81827500960469,74.01831857494088,69.26178058865787,57.98084251857878,51.09869398630161,63.89918312543175,80.27777028352102,62.423223335398134,74.19082416302159,50.640629048011164,51.72167719940715,62.08079574352136,83.48351271034049,76.42594024099914,62.111829145498355,68.7848491680295,59.788466756599945,79.16631029680595,59.62950178067903,49.76123348591645,76.09672739348986,60.57844662180018,56.009493437375255,66.07320480939171,63.986596355592695,64.4024741039381,60.073489930182134,80.29675600863429,48.6943339756011,60.72948452221142,58.654030801383726,56.33044213451738,68.44159116749577,90.69752759082151,78.8134886921075,80.20745883829036,55.75045407180761,49.298016905925856,55.279642782843084,67.62165885110814,81.1449058605432,53.469062096006546,58.99566553483482,69.85841279990747
2025-05-21,67.04362555079958,75.76932048760061,66.24051997405616,67.52193888022343,89.09295658892631,57.92818628204353,46.020814625877584,73.13801076668106,69.13837781082256,58.62056651409879,51.596854699990715,63.39174518475647,79.84100083159836,61.80909411942833,73.7054208769009,49.93706558480833,51.65025967297054,62.47510002799992,82.83068886199926,76.35672489901732,61.975024432816525,69.51445332241141,59.423921276067695,78.71224012253488,59.12715158761801,49.198401917889015,76.50048722983674,60.49665386802799,56.040200576717304,66.9207914394634,64.84465178026643,63.35093760530245,60.463930165368595,80.47814774548712,48.470083271576975,60.92881153890686,57.650127985273045,57.160409967170644,68.79493608475575,89.91619951788505,78.35345433101854,78.85297548885362,55.57569595586784,49.06061308726798,54.551958452601625,68.14892277052725,82.18760414422856,53.45443469974979,58.81562241037555,70.16294799931367
2025-05-22,67.03046017113664,74.95378140527565,65.8095905026408,67.32207592017372,89.31434798204123,57.93359512586795,46.11773023290999,72.03124152018087,69.59983170291181,58.62256895885645,52.93092733509275,63.14649264123972,80.09967145188709,63.58278129246465,73.84861584908735,49.903304295812454,51.143019102843866,63.43721911486022,81.87613981719765,76.68355793173018,61.68223222045034,69.38296177441165,58.58376073998133,79.77657734755134,58.96312588841211,48.604214489522704,77.46482913965274,60.19243544806599,56.228029243107066,67.48624953409842,65.15276740118856,61.97452116011781,60.88583532836085,80.39721637379363,48.310864869007894,60.86238970018829,56.72937412826076,57.27036126319742,67.86267819647219,89.65955029178461,78.47598862484404,79.7044500818688,55.12205184108038,49.77796464763738,55.07093855873381,67.8569120666593,81.28138283093855,52.68819577307791,58.97567350358573,69.64755001339167
2025-05-23,67.8392349093696,74.44617919149178,65.2195238871621,67.47954189911603,88.70370674227128,57.938548656169765,46.57469524331718,72.1157327777998,69.6840737051509,58.7429546711961,52.04229825150368,63.394409836541655,80.22787861393275,64.15305242609303,74.29735662802213,49.80262694814034,51.673750901316076,63.25185368836651,82.07875279634513,76.4453282952325,61.9677133504259,69.12223312876897,59.55695334410459,81.40230355385687,59.48068548293223,49.359152591590274,76.28160878194215,59.34292524422219,56.04751246460234,67.51408050329269,65.02375767875796,60.96512620033153,61.59104432900714,82.14792090997958,48.93370181102024,61.526664005455764,56.85779550327592,56.78960286095415,67.91191552871545,91.5674265764441,78.20024804543468,79.34265254549882,55.73581216214376,50.365643682237085,54.60596512104466,67.67970846363289,80.87444916882497,52.724926646823015,59.63018538739949,69.08980974077443
2025-05-26,68.58249736139098,74.52189313798064,66.75443864292781,67.6950308594587,88.61777802565628,58.27248871014782,46.417934814928444,70.83261064532039,69.5166701539919,58.59259299858007,51.2201823673365,63.348126512612524,78.58650290019901,63.9303880201787,74.47856262663325,49.85095702777009,51.46177187489683,63.19777725286018,81.43771882862801,76.45359746622535,62.003718624430824,68.50275285960467,59.716600423692476,81.61541050328835,59.38190480137708,50.568744200830615,76.17435421035027,59.177450613172425,55.811270919317415,66.86173189370646,65.47128695718094,60.54818712238139,61.24223061217019,81.70695445628448,48.4540982771657,60.458658966098454,56.595186430355085,57.28773854799415,68.04582012702328,93.00761356370927,78.78970826284011,79.75947116220429,56.79506157320058,50.31673943601128,54.64041906620531,67.6719498212265,82.1326652818271,52.72625286226019,59.24486670379542,69.49702904397633
2025-05-27,68.02496455174494,74.92050851291214,67.03126825742831,67.56693601086201,89.12060886470974,57.411933987954754,46.493640134921804,70.50557912016548,71.53517007428573,58.68396612005027,50.91561837227562,62.48098780664936,79.61910111586238,63.7070019346672,73.89150090794914,50.01888762079211,51.797217243582914,63.59969405107044,81.45380471108919,76.5754009765517,62.14775728686354,68.73358159402247,59.97086720683058,82.51355854682025,59.41541447236769,50.15737935453319,76.06452019707211,59.62520430557744,54.82304074872443,65.68162867694912,66.07526299143922,61.4756251696118,60.472274899729925,81.78907791035599,48.26088853256473,60.30117005659328,56.76836669935611,56.551849725557425,67.29656051945948,92.72784864606794,78.67525047038198,78.86645225491546,57.24531783574523,50.10707441347695,54.41042158451983,67.86350112668268,82.02685769094668,53.16967720061214,58.69443469021397,68.53264068447072
2025-05-28,67.81455774661296,74.96565135477896,66.20471218773167,66.63574967998181,89.28322193325145,56.97852173975991,45.823195495211415,71.1894943357166,71.08463939353862,59.36261528874003,50.93011651539455,62.66542774830697,79.45088487032945,62.037736590366,73.05626870563393,49.956048652945476,51.986481728727775,62.47159163639483,81.41015577997807,75.72082700939879,62.2937396426663,68.72024803260327,60.418413259868686,83.39854433213566,59.688752039448936,50.590792084858535,75.79850013644133,61.332479633436144,54.15890260164873,65.33590318216504,66.67353026167946,61.94011124728716,60.7677295491035,82.34328403613365,47.26574849308886,61.26719191787813,56.65273904937882,57.26083335315084,65.94188757381943,92.96606456247926,78.23316040448137,79.31895632029034,57.42711388249309,50.290826360560516,53.83728688448382,67.82485089712739,81.87920537328682,53.43368524034936,59.277978701454536,68.63584343558966
2025-05-29,66.95462592971938,75.04634190527516,67.9561336599129,67.74165432532097,86.66668815730706,57.0146251656757,46.25231931394986,71.05981491366471,70.75833664234493,59.204349699022494,51.212125158181244,61.94985108313874,80.40094395789833,62.0030095289349,72.37635847585902,50.52089906434567,51.18939639710213,62.12570414154165,80.94608197974918,77.3617651014936,61.868472834512204,67.25519299696506,60.0679104270766,83.77933337494456,60.158601923254004,51.75572127436152,76.87244432676846,61.447845585469416,53.67826717872974,66.40563906294665,66.4282482191786,61.53378651753232,60.51481106398895,81.31853855012889,47.046463521100094,61.12453932211277,57.068191948365985,57.0390413910642,65.11137534564449,91.48699287745835,78.39728535927807,79.37658331279545,57.109668722819904,50.05628725489098,54.04684449741788,68.77457469135206,81.24291440896377,53.48121042451057,59.84875243758222,68.10521266068247
2025-05-30,66.94416032390768,75.01783301147907,67.07084517554105,67.8558944159723,86.69403119795379,57.331984360520906,45.70660172219139,71.06690020418704,71.74281445233126,60.44718521701634,51.87192066911584,61.224931817067876,80.76441367573625,61.70416661799288,72.5821273381608,50.13227069965741,50.31975152886461,61.91203864967343,81.5331189691274,77.58488793820598,62.11827346691703,67.40085734005461,60.311393774803875,84.22413138645682,59.993584156187154,51.798639667483734,78.2242783963193,61.53518260100248,53.701119389081754,66.47399533544444,66.28365300759879,61.26647780264335,60.64122433153645,80.90833644011998,46.9780536782244,60.64324570427835,57.129865633738774,57.37323581006826,64.97354076335787,89.66791595882555,78.86148953977049,79.4720384902326,56.54524518816027,50.44485804358077,53.29629993720175,69.4973205705547,81.19632146094189,52.28145579273503,59.95557569121056,67.82913556621462
2025-06-02,66.57241822343859,74.46644350361963,66.98557471965704,67.52746269781757,85.09924253602766,58.06594446057232,45.59505048909908,70.5486356704339,70.93780206086554,60.914871044528965,51.20275281420811,61.307020433153994,80.2944059134741,61.38081102601757,71.78554382504436,49.82225302659109,50.32418609776753,62.05789678991296,80.8951102721787,77.5143686519828,62.672624953670805,66.28949594557828,60.30761298796475,83.42713671970033,59.36535363452732,51.93401667852774,77.79892005961956,60.790957634244,54.41700399467675,67.08843797271584,65.01514522757628,60.36977448858381,61.002173946613134,80.67817774745185,47.68831007637858,61.01816630001567,57.30120631021512,56.789945407343524,65.29363281009721,88.53123113263666,79.8975718151653,79.80822972940942,56.08076095355301,50.85241398612806,54.50443955568195,69.34624695771141,81.6444689237769,52.056175900252654,60.006770949685084,66.8144573923492
2025-06-03,66.57206571442622,74.49890106287351,68.20154859660938,66.32615663631734,84.8605482232717,58.818739923943,45.48494780560613,70.42786005551888,70.34916227607454,60.349416507878026,50.276348553741336,60.922478380033574,79.50392592428878,61.45330699772418,71.2223329507788,49.58388205227186,50.09713117843611,62.028013688001494,80.46868946709847,76.69568588922117,62.72640009263818,67.00091557588867,60.38513766998557,82.919929088685,59.29229233107278,50.879885828952695,77.69054178464359,60.548064919572006,53.91140628273624,66.58575962341502,64.74897700085958,60.97190230304119,61.67200536658567,79.93284742932416,47.44188661546284,60.71833601390805,57.766968390578455,56.87263864659802,65.35424679976488,89.00726628486845,79.42247017711642,80.9041802319169,56.07978254493069,50.41901923127732,54.37941903146487,70.20582684869937,81.29810068505097,52.55283367290723,59.63269199472837,66.30483682739352
2025-06-04,67.01262469659943,73.85063805634059,68.76484728835125,66.55978715931492,84.12244034820368,58.77673320931994,45.23602175177455,70.67406612734463,71.68982723658101,60.12611259772799,50.54542927933845,60.93737004440444,79.52305504363231,61.35186680297466,70.61427078312596,49.75033622084279,49.952688478755135,61.469315530451276,81.28893371860862,76.77165960288632,62.58348488406287,67.90480858971004,59.286533801637674,83.98209660123119,58.77269877368493,50.98762725741322,77.23501258184824,59.991776871943614,54.62441479001933,67.8332780271347,64.6058939817245,61.17679109358738,61.70716303181458,81.3281287187386,46.44988631926612,60.947751409884354,57.348452974339224,55.54840028342909,65.11904930374618,90.66745731344928,78.90312514667576,81.54647877325564,56.75604026598731,50.41261803430509,54.44496156385411,69.01116699877721,80.71795295031444,53.031660094596646,59.66888755422841,66.54884987687673
2025-06-05,67.10191652195068,75.48731948282746,68.46943733937371,67.63696811717385,84.23482151621617,59.78101123317175,44.68527057448196,70.80468791156088,71.40814869074661,60.21003039887914,51.167076300985336,61.16864442360752,80.49948662438568,60.94204852887503,70.03561618076779,49.758349194107474,49.933384407455556,61.35517515173648,80.51339542773185,77.69742156735978,62.356820180055664,68.88012204578926,59.294089382564266,84.52843019056291,59.10139551691066,50.569076499107055,77.51914315312638,61.159843985878894,54.762029566032844,68.44740692700279,65.05534461183868,61.364922902869665,61.82234111611099,81.77447055612356,46.80578672935984,60.129184477496686,57.49045286794549,55.44624201962848,64.86458921023586,91.85012216865874,78.32676520731948,80.41698891576219,57.20945885751978,49.70162173241004,53.40534748149501,69.64082830756996,80.84617203103217,53.2829446282974,59.4054790676814,65.63389150180264
2025-06-06,66.31092955520833,75.28213075586726,67.60374946013114,67.84496856630648,83.84617026447263,59.89173005670977,44.754652744022415,71.07909048075174,71.76571215665307,60.00332338567168,51.2612946358308,61.31317788476256,78.56779667578203,61.337330987214486,70.14070789052494,50.03980362214625,49.29493657114136,61.16173753981282,79.63934692667776,78.27811688734344,61.4867611711074,68.24342443574349,59.611753987042235,83.99810040928341,58.55524282097816,51.02968118146205,78.25729343009031,61.60305984199033,55.22877807680162,68.28908031216336,64.92238200958866,60.96851423857969,61.926122225592486,81.34392192325876,46.60352496440451,60.490983849090476,58.17549915557909,55.66750266823649,66.03896936189815,91.20438581755373,76.9002884247327,80.99372946645926,56.76959674410394,49.56577823105138,52.468496139819656,69.0174179287291,79.64075538782708,53.05203684389899,59.17155564021913,65.69296258702467
2025-06-09,67.13811820633359,75.7934488349675,66.51594880328994,68.25873304875728,83.93992467608989,59.83316876299297,44.744494801170745,71.22463329112001,71.27088845763339,59.894006511355045,51.87180405708206,60.88310630415923,77.7627888395085,61.29949302260855,69.35218635350675,49.18510973157233,49.12542382020438,62.05418836707126,79.60860881030214,78.41802856199006,60.19085331894966,68.54307221243849,59.66743700501378,83.44143730305103,58.66076678139477,51.11656758564135,77.43254363035601,61.80783147511054,55.89391469204337,68.13359844606254,64.36155555396834,60.8603423826927,62.45761892289882,80.3524776429821,46.87393499246051,60.082233491619384,58.31649113736628,55.35423829643119,65.66557680860411,92.60414797460881,75.82429541245025,81.38780120706501,57.76102024437537,49.90672982258836,51.77471723068372,68.13854789544467,79.0443992497599,53.13587638451065,59.30540059667733,64.86283697218813
2025-06-10,66.55471482366978,75.18088704865117,66.3958319353443,69.62699401635986,83.16025171778519,59.25147003625008,44.240338693212905,71.67873907521084,71.2414300243214,59.359618763599045,51.6839564002769,60.40311235292282,77.99322290071822,62.967287061780276,69.73527704909412,49.13939448663685,48.799835534591516,61.22612689248007,80.19483691644255,78.95257840307238,59.91095596063273,69.37979445317151,59.68003230367096,84.09041957997218,58.834775791487495,51.02610195108874,76.69667114507048,61.7179438888992,56.36655692540413,67.78826583053777,64.64520315747819,60.20494015813491,62.94672998148665,80.60432762623728,46.31383165296793,59.94779120388921,58.8622123826858,54.661679343405,64.96608345554037,92.53981326968027,77.45925595872892,80.8422414074712,58.04780515887204,50.03672390464418,51.47039287697345,68.24843032637327,78.69120249052858,52.94609340231057,58.32831513429593,64.84698887342283
2025-06-11,67.15580206200075,75.2240726541726,67.12384594545384,70.03223329249064,83.11075175548939,58.880580588817956,44.02573616856015,70.63240777007223,71.05141306426725,59.44634636528776,52.57820200260559,60.72307875088252,77.32160385650681,62.067447446370615,69.59138603493562,49.53991405882147,48.69229379606273,61.55886368708895,80.0497151237245,79.5207030275659,58.96162522369893,70.50174773758835,59.01978122387009,84.76052834320409,58.67485468703902,50.967033703918844,76.51197674944733,61.87589956825956,56.62503861522884,68.50952075540802,65.56181212411904,60.40504493357881,64.0347276194958,80.67930236681713,46.81553348407146,60.20535088827456,58.53982448110096,54.760834800369466,65.29379831047325,92.51002197538138,77.77971260363668,81.54485591834337,58.03423914840995,48.58516985082206,52.341494389782554,68.0456307532044,78.04601288826989,52.354253613407664,58.132401664352095,64.4830887302926
2025-06-12,66.66267686707513,74.71269559482842,67.48037320761561,71.46867530497434,83.79554072875419,59.54529698401092,43.85989177738113,70.70637413969511,71.35508192579515,59.0555534647423,52.35483659035748,61.24421251756112,78.16924820707564,62.10930138531705,68.76461006509317,49.39369425784128,47.99551014795543,61.60517484742025,80.25442589427432,79.30572331511846,59.10431446725053,70.7962839334043,59.17157550713039,83.74819882111039,58.52644023183581,51.17634714802295,77.72946536445751,61.707871623304854,56.93781274339624,69.11378772959537,65.43302609792082,61.10273967180008,64.80918217583837,81.80070919799344,47.03064363999183,61.64318043462602,58.18074463845973,55.936438587151436,65.79738226836072,93.75836219875808,77.53118605944275,82.23639743502966,58.868309578789926,48.05973665554825,52.256076746867144,66.6040904437795,77.90695513993859,51.9287769374955,58.00594581724942,66.39617389586078
2025-06-13,67.81770280362521,73.64494880238328,67.85643146962776,72.04194774608314,83.5128758649558,59.651565490114336,43.98110446066178,69.76061619783174,70.62295781498777,59.15739195241212,52.40690449556874,60.81179265444796,77.55075020333675,62.05356514409064,69.37667622227099,49.35592955414247,48.78070163057619,61.178001286637226,80.40955479312363,79.02524391862946,59.45284837152231,70.24510553476257,60.3231087897633,82.34424255327839,59.53911099789121,51.22242068669417,78.16005027180475,62.536898015315344,57.42824656421921,68.61107569512981,65.82686335949862,62.25453873199829,64.23667931491829,83.55208405907423,47.212392280873964,61.37670270204511,57.663336638698524,55.81167908765482,64.5233562768178,93.36984299596102,77.32760320348608,81.35756794252417,59.310203685727615,47.95471307372693,51.92488941282654,66.38775682956226,78.18410035031393,51.966813740354176,57.600760371098445,66.47965543273254
2025-06-16,67.78334423983094,72.81055380285989,67.66094460996848,72.46052564036263,83.99205445461406,59.5145457743882,44.279766100918444,69.08033189044232,69.9559245724794,59.00894264020457,53.197638655633895,60.9111499742372,77.33749570188228,63.01919395865837,69.17789320195433,50.471319492571745,48.53193063952964,60.56216641384196,80.275895080096,78.82864941856297,58.97457001391858,72.0968514743152,60.515620775189696,82.72741409620198,59.26474629295583,50.927377451951536,78.96575160511536,61.49761127878215,56.77565575425505,68.44160431409288,66.72225035448008,62.0218209737689,64.50455826083248,83.57525516095686,47.82837059800263,60.4117183262725,58.08928306027838,55.70078057981096,65.12289082682359,92.60800563972239,77.34646808052653,81.27421370469034,58.718627205943896,47.34460894882213,51.62438438132321,66.4740712540354,77.59454934380953,51.79556780091124,56.52470475899375,66.23370473234627
2025-06-17,68.48072857767667,73.3258141254849,67.60215795925171,72.63729294737452,83.29925458617573,60.48921812250251,45.204898308236814,69.19428648782205,71.79194284638342,58.60893614375746,52.53623997978701,60.480440002684986,77.16793358181076,64.49321416434378,68.98366641219114,50.03929946394853,48.09784417318584,61.2565389825736,81.08049345318064,78.44688097212538,57.878645123428505,71.28774541016844,61.56625824580245,83.29921408811212,59.30355451191147,51.8880741246327,80.52739984127044,61.475513253281896,56.76568014845608,68.04439930764885,66.53262660219808,61.10679215445661,63.550319696574675,82.14786841643735,48.349813309144864,59.4757743534293,59.23311811203483,55.29543646705014,66.26418877213428,92.27055241188005,76.144514914648,82.32432101562573,59.547580286281374,46.91758011670143,51.45345454342242,65.87467058940965,77.50108353534534,51.85144864258625,56.32643506930912,65.03987571609252
2025-06-18,68.0840912977833,73.843493838181,67.46108476242377,72.3998379137907,82.5275217877899,60.12132612517588,45.84631990488612,68.41010320813224,72.31130534562745,58.636521197724164,52.66501185659009,60.03912567062864,76.89695116447264,64.48952514180527,68.6254246826859,50.20542090483394,48.318366471327096,62.60202769415329,81.30636533258107,76.96103799062277,58.555714400629554,71.14255867304594,62.817469927418244,84.53353833045215,59.00466871566978,52.26401089259163,80.05052083023776,61.4771674748871,57.15070742280904,68.8059638579786,67.13090446735181,61.152633098796485,65.14830375605352,81.84855853659383,47.57894608907858,58.64029468947136,60.112685371263396,55.25306714119337,66.36967079919914,91.77131808812445,75.80058588277814,81.67889309271567,59.82880116212167,46.87191405426906,51.67776737046037,66.09865443610903,77.17172473458376,51.10056567642144,55.4624363124938,67.03849926583821
2025-06-19,69.09796721662406,74.83979266903694,67.00751930440056,72.4067232730057,81.85735892376735,59.33763753159206,45.577181997067925,69.32339026269022,72.9218221447262,58.07046872473158,52.49947465201144,60.49058154227605,76.45914263968304,64.5408703623324,68.90174902913306,50.402073370669996,48.441321566644575,62.19413465353144,80.85961977896413,76.09349603285106,57.64856287695105,71.06097030192947,63.332321971370085,83.37475243993872,59.16595570906515,52.67570365825228,78.59362647514575,61.31104672582936,58.099314811148496,69.1867821746538,65.88692003167509,61.55655313843842,64.66298264155705,82.4163436014619,47.25174274118474,58.60920455244564,59.790420908709805,55.2548119074055,65.9942347093322,91.56640321430054,74.91468793206579,82.08064322589172,59.93376416650366,46.12030584453169,52.19344039739462,65.98223311538062,77.29666058810282,51.49275838284865,55.6447865686737,67.82420260719539
2025-06-20,68.89560288067598,75.61797541341997,67.08993868788545,72.77521851311512,82.1884267982571,60.078443795394385,45.907170284536505,69.01700450060915,72.45569468965739,58.04158344442164,52.101938142974205,59.85744112905854,74.84924248135971,63.54866844734334,70.28339903579065,50.07226740619485,49.37221437258645,62.44537928087627,80.81939564005742,74.96015787020298,57.6512544909867,72.41837625440691,64.32653248188223,83.60371204208964,58.49022348348565,52.173915380224635,77.92639206132561,62.099726427752465,59.05510994976043,69.32244695909138,65.68753197321607,62.517306378401,64.03329381177294,82.45906556221743,47.4710094177076,58.105699226721555,59.41141148375796,54.861841607094476,66.93584704395924,93.33620669405691,75.00073377551347,81.86078266964293,59.57533291490326,46.12111125666848,51.90704935094682,65.91824144533427,77.61673663490907,51.28447395553288,55.53939063649462,67.69853614455886
2025-06-23,68.67716266449395,75.28489719059492,67.60324965581974,71.49790380962524,83.49254091700111,60.15992298945625,46.18806798351078,69.5192501020639,71.94447750231635,57.51329416978484,51.56687225053206,59.709735070915414,75.37442580998965,63.1787761492256,70.71197546222503,48.90052329990912,49.182217824641,63.17847241690626,80.68133573257516,74.34120006220081,57.273817076444814,70.25839881997709,63.67895697418883,84.49229402611226,58.150448553249255,51.9321064875352,76.13031688588151,61.0951940306916,59.76209318104593,69.7516938154135,64.84078121015776,62.12432980743654,64.01461652410242,81.47862516057002,46.52909230043471,58.01326252180199,59.752582166900446,55.18750822257429,67.52426587615149,91.89738070863484,75.0441732076705,81.64132098753537,59.52339355537307,46.02353857078194,51.565359771225104,63.95868343749592,78.52376928730872,51.453987210713336,54.72111296214548,68.01959827202295
2025-06-24,68.37065244311913,74.97013415834644,67.08576716616307,71.88283031156253,82.82741137152139,59.50367365130632,46.71376822748372,69.39500424692145,71.8384473988553,57.912935184699435,51.22376521210003,59.43085535326921,75.60520952994713,62.212419380089756,70.86849193037193,48.532369284875635,49.60476302072826,63.52479169386165,81.01649309894376,73.15611513283395,57.21462919099447,69.4361198892315,63.65548675155892,82.55853347870999,57.26131529497774,52.55328236394629,76.41179732502216,60.87941151364053,59.22146931187476,68.99949359191375,64.97069373572086,61.91121691019457,65.01239293797668,81.32822121046364,46.556422435880165,57.213312876136655,59.53744330136501,55.28527185989594,67.27301366849744,91.45218268556572,75.28990126885114,82.88745727750691,59.60974682196613,46.55315772316013,51.886889556637286,64.65599541008591,78.04645085292256,51.34762484834737,54.61026543016042,68.39219062080763
2025-06-25,68.91458249926971,75.06394760012859,67.67649820462783,71.47903013647449,83.56400267474396,60.11119800755457,47.03132680949922,69.48817386262552,72.35271983779572,57.397498405103384,51.325474675912865,59.60971991884668,74.60667894575825,62.50837144130206,69.98897614183267,48.32513411114127,49.624490271964305,63.06228483868836,81.08340310059975,73.20482184845042,56.74728446500583,69.83162142603477,63.17091301867692,84.46922629943026,57.19866058384739,51.941319781962534,75.6633338523089,61.582075855173976,58.979658716553594,68.06489084288329,65.52773119675739,61.654463927799384,65.43858750090503,82.09267080682123,46.68437835628941,58.60064409190811,58.519380436077526,54.83491031432586,67.10104855315522,93.54363176753172,76.65585872899725,83.96253269066767,59.13824617904028,46.23881926486338,51.45875166536926,64.15144194169132,79.22019227272631,51.22260865641625,54.54940991919206,68.9238666658465
2025-06-26,67.77765193884974,75.10347603594157,66.938230157518,71.26889469351913,83.07540010386096,59.728920861967985,47.13754068077796,69.64206116319976,72.19384834282334,57.61065677322941,50.881584776742315,60.01739911000807,74.4529992008248,62.20677117858716,69.43493713989962,48.208619153284886,50.5615223889062,63.02237036565636,80.16077115402726,73.88054127502485,56.480108827848355,70.03005634504326,62.78946801615747,85.55804336553837,56.86175006150781,52.672484078143114,74.87357885286305,61.401961933899166,59.811178492676355,68.17945475188813,67.03320472328477,61.48874992834139,65.60700907823667,83.67165194236267,45.98293576219287,57.64872830144437,58.05570072970995,55.28274129763041,66.02947008096072,94.10380372514247,77.06067543110791,85.67101573502013,59.759770940655066,46.40745857586775,52.162918952332895,64.49808980114746,78.85656101153063,50.639654347427424,54.2397068501242,68.89625173554164
2025-06-27,67.89637917140455,73.51686878390653,66.79142158086961,71.28926751607877,83.53151659167484,60.70853808004452,47.225134476904145,69.01149487429,70.89316641211168,58.00781098268589,50.44129537620694,60.539913520449886,75.50072392398644,61.25362966785877,69.82059918057007,48.83581950122786,51.07939838400925,61.714934641866435,79.47938954378152,72.94076523755338,56.7765420061884,70.32010823025655,61.11812297391146,85.30104447728584,57.31888109713679,52.75048440520563,74.9831742615455,61.178257151834984,59.181155111365726,68.16782717577381,67.06813373017133,61.86822842401266,66.0655568856404,83.74352446112454,46.48917313238639,57.43299367205973,57.22338602423319,55.547099707938145,66.11297058368248,94.57259901436849,76.09241517229215,87.2190284395769,60.18587751178924,46.273998810210834,51.67723450293472,65.19658837204317,77.99251190763026,51.79784781233293,53.90812396865199,70.09187119370367
2025-06-30,67.77124360746232,74.68821790809783,66.30239152311431,71.30269709715493,84.2064480225152,61.111808939674276,47.74784233951598,68.67590170688075,70.95331525502984,58.73651292021675,50.08680685962135,60.88752353920135,75.33543754357204,61.379864928958426,69.87965761177652,48.45236829079879,50.946411289312245,61.804444335049446,79.39778705653487,74.09699929609003,57.352865252686314,70.52431877292032,60.65347756837026,84.60103226527933,58.46148684096965,52.22044584160931,75.06859844002987,61.399478291735946,58.99719667991678,67.48805866809782,66.54377871707638,61.531037682207014,65.59848534951436,84.86281841765715,46.48493072706461,57.132945532541555,57.28462378207523,55.919371763123294,65.8855243960837,95.42948483327802,75.13129048564763,88.24663453280644,60.18048970871032,46.25178690778754,51.320341951961346,64.40096649450108,76.70340503138036,51.404248962688726,54.225860288131614,69.42132124963129
2025-07-01,66.72992396918274,74.01233001361359,66.04772815925693,71.05677049124584,84.09798180038173,61.74612270278955,48.34807579437306,70.06707426207866,69.80970610079781,58.23594176052076,50.437880442262106,60.611701808177834,75.98671382463031,61.50712261099747,70.9919597516589,48.96023213011482,51.48983901493784,61.55041287676134,79.32044299779864,73.87116050950053,56.49566342715088,71.56994977761015,61.10727004724426,84.30963873913451,59.229167683425764,51.8923003940121,73.70134116720729,62.02112394260072,58.24768368239294,67.35606285686629,66.68108223570115,61.768676221594575,66.15739112088083,85.3571796710722,46.74125198694596,56.68294727703385,57.45342832331105,55.083783560628476,66.92282797147382,94.10036710478555,74.8714561088105,87.09041371207469,59.742672404520725,46.257998206908454,51.04969764511694,65.14210427809215,76.87764343627589,51.166843603194366,54.153472696548754,70.27323827875975
2025-07-02,67.33917728766217,73.17427993313515,65.59969965196066,71.39494297200642,84.3956816436975,61.100947161634956,48.71162410392842,69.4456370385136,70.72586331261542,58.545089129716075,49.87018076823477,60.291866249337836,75.57260885208996,61.605536831747365,70.84730014056946,48.4025980150405,50.77691875210638,61.889268352522144,79.54781259936368,73.9491634817569,56.64882241852233,71.12835761342974,61.21980625143636,86.4772395447817,59.92895570769412,51.74285422555842,73.3166168177686,60.27218026442327,58.87351140796964,67.88797854936921,66.31943611795931,60.89062986543667,65.3974941924784,85.73734926010471,46.699511657832254,57.07632071748498,57.503114341836756,55.61889334611328,67.17061570580175,94.8835074326608,73.32311378084228,86.02202442106469,59.52539504718612,46.76009045523132,52.01878582121673,65.03520544056737,76.4089098968756,50.17626223177738,54.62314751571723,69.8876632163366
2025-07-03,69.36105501448766,72.63522180326262,66.99539384408719,71.93124368557443,83.53231733584256,61.242953981505224,49.088829058822405,69.28938526481684,71.32102400817595,59.02474621283324,50.168464362466395,60.28193496633874,74.68987194407296,61.558250945623485,70.97214707473026,47.503005445143025,50.86292398609492,61.82938774524368,78.52303305925932,73.70331760992049,56.472440298824154,72.51453640392725,61.35471069673696,87.37784013760995,59.85839180175151,50.782264765806175,73.81121595008167,59.876779437603304,58.676262995250624,67.17688801324789,66.36771291785479,61.54269031719055,66.0103352005195,87.10814909897984,47.51347249003518,55.92047487212726,56.82082541695104,54.62223510100489,67.59643126527062,94.22816079426443,72.9653074022634,85.83590456345685,59.75355792446846,46.07068560186816,51.36804489643213,65.03604843661128,77.33037055079329,50.16352038224,54.192425243350826,68.40234139488132
2025-07-04,70.0249984430554,72.10263834622138,66.23105748811973,70.70791097955083,82.33881155315697,60.657098174229006,48.97172092232881,68.45689702035943,71.45359594248859,58.8794601604303,51.29568072500764,59.263170469588886,74.81057815541146,61.66545861973597,70.24449423842876,47.54827475331705,51.25587229827314,61.88907663084966,79.61771555935753,72.11563966474,55.99880788261839,73.59209421131358,61.916841308131374,87.85140628389875,60.601145172785046,49.81826062603848,74.40080817368704,60.51749374935582,58.291032503223775,68.96655184370466,66.49815325185583,60.20788929105352,66.26249452536277,86.48334391026887,48.07023905402203,56.227728798656294,56.48209484173569,55.44910401958184,68.23445910952353,93.4512475647782,72.85445153864184,86.28075352559809,59.536293612022575,45.916882805007425,51.38691328993862,64.34657587423654,75.6228977059728,50.283622393302295,53.12523992810815,67.72644120058139
2025-07-07,68.79537200603195,70.923809273076,66.51403985490757,70.55089611319917,82.12632234385285,59.86413906136504,48.65159126808006,68.71509223069765,71.41638740969384,59.365844140700474,51.79312779218216,59.11388532755759,73.43765399668887,61.20063083811181,70.1759064040902,47.180498272649544,50.71815588688675,61.932260734683034,81.57637160660224,71.76443768162223,55.99723666071523,72.63284613260679,62.691522180531045,88.62325125732524,61.09140171821251,50.500314004403975,74.0835411415793,60.33475452140086,59.2963083595784,69.40430603531,65.03866624973953,60.48235108230483,65.87816577983982,87.26361176588411,48.26685820578258,55.25752899817957,56.63414003370376,55.566018290872655,68.48291702336353,93.99063713943482,73.95252223765414,86.63860009753922,59.54992806766393,46.44703086332604,52.55240919434162,64.9380948523709,75.77899764281652,50.50158546030058,53.26143807863407,67.73898422556164
2025-07-08,70.30115186235322,70.39453682778112,67.2866673499936,70.46215876507324,80.91946384799907,59.751510348677506,48.386302053877834,69.11312338006016,71.48162050486279,58.76219922675444,52.560640043741415,59.761831215337736,74.61170188470224,61.3458266708513,70.15083487921756,47.513612068427165,50.42611524801263,62.01286196065854,81.43318576039042,70.72355694757024,56.068653724218464,72.31326447115076,62.5396467997963,88.94623643327095,61.87377748477951,50.0734963561351,73.83462600493719,59.87490511190791,58.80607962573087,68.9928739219053,64.91102302474175,60.837740079866386,66.08960817015776,86.3462164943495,48.895568217104206,55.78185992806007,56.12605412763032,56.25038815022418,68.70718038695965,93.8436987797781,74.21780614308088,86.61627551770975,59.8754082700101,46.53411489766109,52.375382509663396,63.635797234765015,76.17954617113463,50.31323572905764,53.67739951151411,68.06605309223616
2025-07-09,70.0571642917859,71.11836063034018,67.42463974181345,70.57755944472692,80.80778256040246,60.76597589944295,48.04240656391489,68.89047234115974,70.6026027049292,59.190797883747756,52.25554770761782,59.4815884805768,74.2270018501592,61.384316018129795,69.27888097907659,46.459631101892725,50.65744661605641,60.7159382325412,82.13171632864693,71.83443741214671,55.97665121394557,73.25910248148713,62.524478760373704,90.38013645469618,61.59214119212532,48.903209837301986,73.77564703624199,60.90632955496077,59.12151650506628,68.63825212556677,65.12486761436898,61.431428547212484,66.03304881665704,88.64404788731576,48.6432271591549,56.343891561350354,56.555332773515886,55.85810675486782,68.4161774505258,94.80400032151455,74.32534236774954,86.90959619374695,58.90383511675351,46.8403815197347,52.52607168967073,63.59514057556829,76.45496864429705,50.1077657559154,53.36062007734688,67.90161011990492
2025-07-10,69.73271035387306,72.68614842608494,68.04227704277804,69.89733690285244,82.47013598348461,60.503514805157664,48.05655971563606,69.51148967595525,69.22534992167049,59.05066653311931,51.9568061750997,59.603698538451425,74.5021874831596,61.33690920062184,69.19327245175985,46.95713202410268,50.81040214411282,60.74109502629958,82.2532548210562,73.16541822661499,56.07339182267038,72.88318989143586,61.34220770664677,89.09338952005109,61.30516060187773,48.85023879124679,73.36687038636582,61.12057439662123,58.78635952758191,68.01342402212764,65.52507577464583,62.27845346899844,65.30598463295044,88.8603509696472,47.72534205146024,55.51917472095514,56.22333261105099,56.4956572059054,67.88548549822622,94.03345292194865,74.35216920381565,86.9418313870688,58.4431733352912,47.78003620008702,52.38687150890221,63.66741614413517,76.14840449313313,50.32871136818894,54.023686959070375,69.04071371048721
2025-07-11,69.20318260655412,73.49069411766135,68.41732222024164,70.58184199898405,82.39439782151845,60.39045433075714,48.508342385064594,70.17828853356214,70.31775515079268,59.16802665727292,51.90128643389757,58.15542061158582,73.31138238517931,61.09556351875253,68.43559265080654,47.34098479977632,50.1491161749842,60.437359244244824,81.8740995656598,74.05220456498,55.7333668557981,73.21366927523617,61.46237571561031,89.90180551643502,61.82860836770371,48.833905947270885,72.13284810585529,60.979097029359885,58.77462950108132,68.20822713927215,65.04357007466653,62.993057753905845,65.31487953388546,88.04614690816625,47.50715153467419,56.60027693782652,56.59811159941491,57.0911056821807,67.18206883458697,93.38794834359388,73.84723924445002,87.10229457606127,58.3415695653885,47.546727076600874,52.19649360358941,63.16387624513807,76.01158281194968,50.89210852049919,53.212386822829586,69.28034047333185
2025-07-14,70.1648715094749,73.35619188037751,68.05643456857439,71.23720547880649,81.58743181500571,60.37675236738389,48.006544726757014,68.87807918581659,70.21096440073123,58.425203008667616,51.89522964078258,58.80749945973609,74.68344410876283,61.152732492531115,69.13666570061807,47.53023491493114,49.95735564856988,59.28519906834392,83.21666427135177,73.2793822019978,56.50938454923258,73.60774259909321,60.86541302548463,90.18273569778566,63.16152199411501,49.589612748765724,71.76396005255488,60.5464794962989,58.83355592331875,68.09542653506414,65.8286219658494,63.460674656137186,64.21889349080988,88.45092038563381,47.422146661252405,56.62128414303494,56.7391841667405,57.77959162143208,67.84219243807767,92.69039716738938,73.80396860656926,86.71249696751737,57.36855943072955,47.49475340696351,53.16832714109202,62.09168763072391,75.99329526198021,50.863546652417526,53.365718223718105,68.61656165400018
2025-07-15,69.17203580117898,72.35184400272729,68.96827516801362,70.54059580063385,81.18086821705182,61.66092736093232,47.65534488667973,69.11432166787563,70.96186383466198,59.0216636474687,51.20878543952645,58.38948744499669,74.9096016771784,62.34383068923714,68.61218215588435,47.29619759850377,50.16740428150178,59.653705242236896,83.7846787425145,72.66179503220278,56.20952582527686,73.76653921038739,61.6385937265957,89.96792048019032,63.147437345219004,49.08345963358071,73.1136199792333,60.639952358419904,59.47106661438265,68.11578821005435,65.88477603695186,62.5156751935262,62.852445214351945,89.56520239201066,47.45917799321902,56.73828711907767,56.03488892760169,57.26015378604809,68.56672294348459,94.31745888912101,73.34686513131541,87.29671616556536,57.47767764023527,47.437542968582974,54.16215702781923,61.81092377410262,76.94202702666766,51.057922541051006,53.356705876618605,69.56448059890545
2025-07-16,69.37301916034374,72.28211053324388,69.92624476936105,71.42736031195928,82.16252020687165,59.30967338010063,47.86557492809383,69.2610806224675,70.93712853178579,59.382665270614424,51.34238742831183,58.78660003076499,74.70914125297847,63.2848856342489,69.14871971482884,47.55348935378891,50.415695791813775,60.348076587377875,84.64508441799043,72.57989902038781,56.76893999094021,73.89504332398765,62.831558039493785,90.96096384909711,62.753614274146194,50.24088884262591,71.59278286174414,61.02767825167715,59.05843902245981,69.40999156604414,66.05154746219766,62.0213929891699,62.68516976047308,88.9280453746229,47.314280397341335,56.55212416877418,55.61555646279369,57.41500173990936,68.83549794525749,93.38243361083397,72.14060612815041,87.56859342786748,57.78422779876378,47.785207666916826,54.461509180220226,62.790719048418374,77.71302858680654,52.44468558863738,55.03702484359801,68.35215386584143
2025-07-17,67.86542042178645,72.27676814460284,70.27972600706362,71.37317821379912,82.7426380377394,59.14961006447219,47.53456126975018,68.88608736939779,70.79527685699823,59.885683912038004,51.09309034143521,58.61697036153281,75.13636224589484,63.15920252955129,69.925238427133,47.1182362121042,49.846032948449675,60.532194646283955,84.98798741974315,71.95481953233453,57.53683198688162,75.33125494931919,62.438303280479225,92.32393750978574,61.2764046359986,50.784456664877034,70.98131285369055,61.62626933716868,58.49344436015615,69.3624706488457,65.51861517288236,61.888882958273726,63.84282050479101,88.83211018637029,48.323364333984905,56.334359322353286,56.451428827453476,56.48915639197971,68.63856026718777,92.88314063531935,73.25848911646814,87.73096353203094,56.59015506452169,47.16324266104645,53.912781106597784,63.379963580460775,78.34114909923095,52.28737844369129,54.735967790732154,68.84357881205922
2025-07-18,67.10317778368999,72.60831460459663,70.54201887534141,71.17746372296801,83.07234242324185,59.21002931328627,47.771596485199396,67.97317958958752,71.23165463727578,60.503637672800004,51.25733777694261,58.97044639094693,75.05381824360055,63.7246774575965,69.97087752442074,46.58043922960606,50.256559464134924,59.551048573752105,85.228656354369,71.67888311882163,57.27957148298316,75.4609277123278,61.9970026654514,92.79803942292196,61.311217455742515,50.47193287325577,71.93755412384458,61.75259852610513,58.86358775981889,70.35204413551509,66.44244530204575,62.24874791347712,63.649887084462534,87.57110990638942,48.42334752660791,56.95437348239889,56.65179936718714,54.576471063487666,69.23836395232658,93.75238853839146,73.03815030975767,88.60236194328147,56.9466397952175,46.841041047855505,54.602550125154515,62.581706715600184,78.2963157997027,52.205350460012276,54.28601582200581,69.05303938585564
2025-07-21,67.98826323367528,73.51995457777129,71.05435779311446,69.98052734058,81.969915895944,59.308499888991285,47.75524465870339,67.63546064709291,72.60185984445792,60.567720829594016,51.53611949812144,59.55589888574495,75.09507799534865,65.39740053192371,69.31597486012151,46.298982198086364,49.78495439680416,60.48893687842444,85.91501227002239,71.28990039360357,56.78687799266506,76.5132488608339,62.221644213519156,94.11615325188458,61.274350245292005,50.73077611068651,72.1538550910195,61.36839373935563,58.77880045904903,69.52377680375623,66.77155436372367,62.72442396847238,64.28325407266829,88.15676031051225,48.361303668401256,57.845183313411766,57.159570253634605,55.3395764086319,70.2505381318456,93.6347097790734,73.3220004327837,89.29130972100448,56.29598777785846,46.31611850541603,53.8976819657655,62.51409238740197,78.0357752766305,51.461208075416145,54.367157033579474,68.98704317509426
2025-07-22,68.79681790405313,75.014891789305,71.37942697644442,69.49471574870265,82.5017532312976,59.31401756990732,47.64070982483706,67.05521604640012,72.2656085390348,60.460132535723645,51.952190138346985,59.861023732682575,76.47858589523776,65.83989036494097,69.61070384126039,46.15741752333081,49.271123933579595,60.145194806204074,85.31584484515771,69.48741101919641,56.21698637830255,77.74902503004361,62.45141653708155,93.7624497899854,61.51900328994626,49.74941501558623,72.35768683574662,62.15739923310637,58.707653052310235,68.30267362227369,66.49573110050225,63.53198810320192,64.44972481067578,86.91524913081257,49.51998248850679,57.124443270693206,57.02088412629297,54.76845885872277,69.52649815162768,93.21229509011233,73.78992522988683,90.4511098467263,56.07900981049604,45.85061430839707,54.15627583469639,62.83244909194495,78.22358044282002,51.60330293029452,54.305992288877036,69.05478778802316
2025-07-23,68.67196114406278,75.8220455146672,72.98794461482068,69.61967741098776,82.49633118967148,59.46597354072005,47.328300041708275,67.57014096690732,72.58513166786355,60.206449395431235,52.422953716105106,59.87239228181499,75.74028704380494,66.07179379880685,69.77587163126184,46.602857355536734,49.6825446695001,60.07953628159408,84.91402909304885,69.48862271653068,56.42159914480922,78.1260505457579,62.639936699345796,93.67738777611706,62.13530176617188,49.41508224074687,74.17415151085,62.63351818681178,58.04945037582564,68.42930745292793,67.01152280743187,63.310414245324765,63.493276543571156,86.01681982806402,49.78915574506327,56.130870565013836,56.20041511121448,55.06326558069014,69.37193952279091,92.56599324825441,73.42576430164561,89.13047825270665,56.35134563477748,45.48229645234769,53.866908242564705,63.050720934759056,78.02309455720862,51.24095669001868,53.23628388745452,69.30897962344679
2025-07-24,68.72622859499849,75.43076485239904,72.23468225425941,69.62856317446577,82.89365651814342,59.52413523570126,48.10995312286595,68.04804016954947,72.50730185254653,60.652585659340794,52.44847012771336,59.899456380130886,76.72854859729395,65.48108726273385,69.79213803711369,47.160607436575376,49.836296458516465,59.85821959845883,83.47754926018996,67.92876399939081,57.605258713865624,78.36745082990481,62.27514003147881,94.00532252281114,61.54924293067514,49.25168958577963,73.47949025754227,61.75456088465208,56.840289162588995,67.34472856125524,67.69940996493699,62.688688085235576,63.83380699468042,86.84364608996246,49.79741131470807,55.9635321226854,56.27522429039027,54.834338012374204,70.21216233968204,94.31942589238223,74.49805402821909,87.23326273549094,56.10561252620515,45.48418816351717,54.11692165598417,61.97098869762574,76.67459518222779,51.914962588012045,52.93946011252493,68.28570247753372
2025-07-25,67.97190804182091,75.7258786597297,71.64295450429059,69.79700705723424,82.08631092063136,58.49491709768826,48.80012542152823,68.31954078563378,72.26571148737084,60.3371891871617,53.22244308581306,60.254829695462874,77.6135465279826,65.09999224507969,69.82750825845149,47.3506688447153,49.56291496935535,59.801063084622875,82.99178451662746,68.20038157688738,56.849073285196816,78.81697349542893,62.46893803503657,93.8143958357557,61.82654011292171,49.07227781360506,72.98872781632431,62.09125109082583,57.1749308564103,67.00397380030235,67.29910524372995,62.574089283404724,63.48241152537174,88.17826653879112,49.955257668759714,55.971703525584026,55.75277153078855,55.241058945088064,69.78405182140209,93.70576338769646,75.07586617373651,87.57179215980189,54.71847350561787,45.41248399144317,54.18489165962015,61.7608945400605,76.79765201656845,50.983913687974635,51.46174893892537,67.62283542349124
2025-07-28,68.16402779457444,73.3227110488437,71.0411549757596,68.46779716298815,81.88739109936476,59.6514738074306,48.69425826438304,68.24613479920379,72.87473969982474,60.35004633491631,53.10814212613945,60.81577358690229,77.98066038142272,65.28815901173174,69.73066874850886,47.18708810325113,50.01958260538145,59.60019297696546,84.0199398603983,67.48994988090391,57.6700375391148,79.18990069306219,61.86682509795277,94.29310830533257,61.42578480463755,49.08868446336126,72.63440766791936,62.00877908506855,57.715734915559125,67.35229948608543,66.54599000165005,61.909294308243965,63.654539347501846,88.48140286317154,49.61947056395269,56.86951446626599,56.20816730395231,54.89656260366097,69.28184857547909,93.49253225325886,74.82713653858588,88.67876992540191,55.259850063145834,45.42841272154869,54.55346192100363,62.27126864734309,76.84240792421781,51.189598232305315,51.768438499509706,67.95337344576365
2025-07-29,67.63522557523946,72.82747590563062,70.83642955031509,67.98566523122474,80.68994889010514,60.05605496100872,48.8632316320971,67.33816298896863,72.69938358916289,60.238932174081825,53.204857389159045,60.16134069208851,76.93192268072167,65.62836085751378,68.66918894162588,47.07742859408924,49.85674578922955,59.52676056002009,84.23254158158423,68.57749380911854,56.75494769141402,79.88711614457213,60.331992190863026,95.61648245358661,60.183666900212394,50.29936715557205,72.35185312476501,62.81411464882953,58.34486776060525,67.05895472077647,66.30702142440465,61.39317847118965,64.1577145259983,88.10750457262712,49.21475481313126,57.17588301097537,55.7061362882316,54.716259379371536,69.35609325169901,92.89383382254248,74.46022724363193,90.0504749344446,55.147105169262154,45.26533331651431,54.45800870118003,62.55490755152283,76.05205480262912,51.40875588367958,51.9010421584184,66.74872737296337
2025-07-30,68.8597268910625,73.8991581314608,70.27160326404108,67.2268426623996,80.87417351015775,59.20581376480156,49.534432500726346,67.02345256076224,73.8880400314919,59.74436181538927,53.145193907640255,60.92856369203994,76.68364980831345,65.80717336530516,69.42362303612121,46.81638219599934,49.23163566078696,58.66473987490271,84.72541821861208,68.84462722541285,57.36070392568456,79.66848942594358,59.47494556284888,93.39312110993083,61.934701405264526,50.56510560297035,72.4508922184267,62.98938381872842,57.51570317794078,66.52803473478578,67.4731065294485,61.798692174933564,63.6696734272842,87.03319159380688,48.96161050797343,56.995816894296624,56.85941217045899,54.613343422595364,68.53595426699226,92.83941178813119,74.65731464202162,88.90468848130115,55.36933438463459,45.81587423531078,54.53357870551623,62.058286010525435,75.65089969803029,50.56300316509659,51.83162673865013,66.95649171682379
2025-07-31,68.24506787636737,75.34657258206148,70.83056210210874,66.03235431239702,79.45349705696371,58.62607154353999,50.31986290352597,67.62324693258437,75.0975621541485,59.75046159985903,53.03397693259938,60.17319552139686,76.95226959111147,65.67820717627627,69.26089611132943,47.58005672159111,49.1694729321177,59.450776070891465,83.39054278390759,70.72034583488626,57.146992470281475,80.23388910650715,59.992398948984324,92.92977732724682,62.444048250635696,51.00745291203036,71.93605062881659,62.54918449239092,57.54176762009517,66.45124323445664,68.41967282390438,62.234461135502585,63.62485075530646,87.56228231635025,47.969721090438476,56.646192121319885,57.02330124434533,55.22589153947594,68.67300493385585,94.20315142371396,75.30811542693226,88.47159904029535,55.291854608411626,46.00337884552872,54.28946967259267,63.01589159699649,74.81677104817047,50.72308896710045,52.21422596835394,66.74694718636263
2025-08-01,67.87835272264304,75.28926973394938,71.40804662284236,65.70311644159312,78.6087248115095,59.30450971669629,50.52119001983036,68.30823892456358,75.66997226845383,61.06725570717496,53.62859972359212,59.739067324417775,77.31500370774009,65.31307730367999,68.9470773666177,46.91271244550915,49.02899364930872,59.77568782117599,83.33550509605055,69.94712674892813,56.28322708040562,81.94632357788687,60.18778817756464,92.1671184173335,62.73307135386532,52.13641340495631,72.38377428802744,60.829965455470216,59.08836258103042,65.23368844953414,68.27886521494665,61.533075353546515,63.15576328644621,87.81167240432424,46.9864736758868,56.595094493726975,57.681321424270436,54.76216247543558,67.72486063245789,94.07201298986102,75.05374738603346,87.94655575405241,54.63868466994752,46.24284238631001,54.613598830316626,62.34793018165551,74.12623626399893,50.79236919287795,51.71279670238144,66.86630519754067
2025-08-04,68.8821888859405,75.24424314351697,70.54666439170022,65.96124639658207,78.46919666993534,59.21552664569786,50.76190041422514,68.78190913894483,75.69684151652241,61.03021114352214,54.74674514990492,60.46058955182586,77.96215331806818,65.39882818736709,68.2571222041932,47.444592517166086,49.09979068304352,59.43167479655463,83.13312889986051,69.27456412810781,56.88148318094102,82.50796327632752,60.297208079720185,92.12769262190255,62.30751681310374,51.03761408284048,71.3682357754904,60.3798878606875,58.563072191295184,65.42272242093425,68.83519818389387,61.45409348490202,64.05187343123104,87.12688092969277,46.92283269782525,56.566245606677,58.31476180903967,54.82017924207584,67.81538043339069,92.5280788375359,74.38136362870775,88.91570905983332,53.51643054154197,46.86806934057629,54.88716648084536,61.88360373752142,73.51202847222848,51.764556807730735,52.44784920232678,66.78648724378907
2025-08-05,68.97496103306068,74.75959640398308,70.64181410106792,65.518225567577,78.40758878733982,60.29728487195199,50.713388103120906,68.06482384958991,74.66957515531011,61.10784070927069,54.33176061957343,60.609871256356364,76.7097227829755,65.85180522576178,67.53730653050283,47.466563148684514,48.93396516609086,60.461767286643365,83.27581552654696,70.63547650102716,57.20133771681767,83.69245854889607,60.171439937231796,92.44654711815359,63.07146884397732,51.501580236555064,71.74820422088999,60.18220548823131,58.4701615782302,66.17126169141213,69.76792159396929,61.09083295117895,63.57724909282629,86.34268778018992,47.31377129692708,56.042912376335074,58.79349970962674,55.12014536500376,67.44672997999427,93.98646162146338,73.30162900991618,90.40360615901118,53.68735926250701,45.90628132416981,55.76789558175841,62.48817798231418,73.19791439416713,51.26757458201542,51.63133005977721,68.41931959240704
2025-08-06,68.34099023542383,73.82088590402662,70.8313307932,64.45384731729148,77.6417450673991,60.900218810805065,50.9493522853189,67.8023492051967,74.68324592150609,60.83805382637372,54.298086557866576,60.14989266738926,76.26591163804865,65.45088805077988,67.04885454746602,47.96466717898787,49.31226896440512,59.90066380315869,82.28709074299721,70.52447071069933,58.4475727875896,82.83675140220382,60.07450706113253,92.52860247176675,63.00298383755909,51.26613473973324,72.58175819800312,60.45633113256537,58.96680266528852,66.56241339283144,70.39440681317765,62.06646827361577,64.4291472230864,88.37350074915506,47.89326139651943,55.6689879150649,59.29378058945035,55.51313257518247,68.75442168374367,93.08184514246989,73.71175934098628,89.78998597135676,53.96323759041002,45.80780489145633,56.03592729456851,61.613068850846666,73.78084857267015,51.3733252148489,51.70996909522039,69.76674879205692
2025-08-07,68.08009654913886,74.07398215614174,70.90238948329414,64.58161765115051,79.38609869293454,60.93908986962925,50.66114514516792,69.08280595300438,74.45380712385503,59.86929066925871,53.8973090015952,59.40472585562338,74.90543237577482,65.21372224084831,67.00179207166016,48.53425894426742,49.6236199765187,60.25140731341788,81.55536699524126,71.15133478334447,59.26639728280283,83.16424678658085,60.32886937258769,91.36576899306066,63.67082464759379,52.187275361385254,72.81654164269506,60.09807025769908,58.87135680779263,66.2831586522314,70.1411271650077,62.46995432509722,64.60945539799899,89.2651831468614,48.07122856016326,55.19003116917356,58.997643345840714,55.20155951735543,68.62633471999551,94.76747866433372,75.16692741839039,90.54432106041503,54.027364452477336,45.1882892953637,56.159346705503985,61.12823872959739,74.99372268196102,50.554806052151434,51.90916852506723,69.15947876622876
2025-08-08,68.07361890985946,74.56901217717898,71.6307049425035,64.54243482890263,79.99270467815651,60.5367208795509,50.785690543471894,69.77863998224842,74.70147885940828,59.55321365795706,53.74712231420023,60.01114792348111,74.09203006986391,64.6007977164921,67.40608218427164,48.32159115521159,48.907773328467805,61.0708164766946,80.66349643706819,71.00957906561527,58.90036471124915,82.91704867454776,59.797542032972665,92.02071198768301,63.74142601365861,52.70315042396424,72.37431473865878,61.393744562183315,57.760675094732996,65.24076466817988,71.38160215741823,62.76679094700424,64.83040000956144,89.65099319353804,48.346600636478406,55.35572128618435,58.4305257750523,55.65506640288325,69.08123501976789,96.13088129800532,76.50482035458545,90.84404336547358,53.36820609409658,45.99640292715506,55.590461320962234,61.33517978508778,74.8014352922508,50.337572309032794,52.30743038240095,69.32875256960816
2025-08-11,68.4238990894074,73.96323693965819,71.50612228274741,64.04766437353948,79.83362032909447,60.46486879798321,51.7310237678355,69.5978767454708,73.13038223171581,60.38985790898169,53.98912951243411,59.93257853609186,73.7687954593784,63.99196334268815,68.72518561885727,48.346649925629286,48.065219881880864,61.2712983411537,81.64232803274058,71.12074959708069,58.37170960892403,82.09933788025624,59.25151609013859,93.43166018900617,63.695762686961565,51.82579456796039,72.65286369316493,61.48039341507244,57.50197113219409,64.57842850627922,70.62620238762204,63.45255524795831,64.99106233198458,90.08113058424748,48.46507813357766,55.53741326181875,58.15748027498776,55.54062975148237,69.89067596487136,97.50040301542091,75.57555090410385,90.6550494873436,53.81800253172337,46.87028973170547,56.58993957447457,60.84903712308244,75.76129440851102,50.36709705526903,52.85660070984369,69.877416003149
2025-08-12,67.56448837125164,74.37113612179232,72.22888522633417,64.03475670427613,79.63721899138957,59.52199310274805,52.0858776474869,69.74331292222013,72.45908566188035,60.19340383464774,54.0726089443176,59.59870713392903,73.77077037053067,62.88188819598588,69.65886364367698,48.35434214380984,47.53970711590005,59.782586835840256,82.48687607272636,71.51877814155473,58.49482010435144,82.81145784950952,59.76381345779546,93.61350363505014,63.534044644639955,51.61005789653541,72.95933470813112,62.34532139081293,57.442830214488524,65.5389881856,70.89023813031379,63.694573774126994,66.57311734085617,91.58225199240728,49.28548385464779,55.09620119111903,59.446475322988654,55.49498479274872,69.73186155446078,95.41769346547177,75.82254974043897,89.67823515256187,54.03816569398576,46.32901052949783,57.61645602367835,61.18559188948491,77.5083947722405,49.85445623878367,53.681819754566284,68.62901350988524
2025-08-13,67.70521986544587,73.90287122294137,71.9060548244056,63.70487213403276,78.91208597028371,58.776904266840155,51.85594477953332,69.8242819348586,73.30721318767945,60.37144808939329,54.70708115727347,58.724212044260916,73.45205597028446,63.33057471572358,69.89833711465592,47.939714480013556,47.98584108711356,59.46582017772034,81.84813902626983,71.86788652795192,58.498428974826346,82.37955673783998,59.431932519048466,92.61736718723994,63.28310664618121,52.180907345807626,73.13797544329545,62.945833590076916,57.74004083399853,65.13895406280818,69.73074507132638,63.10694527394675,66.12775113761487,90.89924257702397,49.77136366443821,55.63356212873055,60.776009450061274,55.07277216076325,70.85473679316475,96.9481887699315,75.64664579660446,90.10391840249756,54.71281180763026,46.30171937625435,57.537925482114225,60.80295324782499,75.70058323327011,49.8896018623767,53.302098339196455,67.89496621504622
2025-08-14,67.99166990902505,72.83805539794795,72.48801746370992,64.01369458923529,78.59691622361996,58.73970423709366,51.242402881718206,70.35017098368166,73.4446934455061,60.52973784918917,54.982340907903584,58.3481678306679,72.34470835738223,63.939761219138326,70.38140140007191,47.6837507717502,48.182558177606616,60.21860941765159,82.78547101797079,71.46329318236539,57.633977923730896,81.30155612474448,59.24695618484977,93.98167777817677,62.823798694039155,51.87066401442186,72.68816803830813,62.61201949059723,57.73355881350852,64.31045667138554,70.49099180433163,63.01561926112181,67.78763747310644,89.83871064776679,50.568985497447535,56.41302708574757,60.526318659124044,54.85563053212802,70.20495147552091,96.07013380016589,75.64618741731334,90.12256822507109,53.84310469315312,47.37592314827632,57.38879845480973,60.842860540676334,75.22799913746351,49.75656954990821,53.111682727535594,67.89297663257398
2025-08-15,67.98175070890554,73.42666999761275,72.65291195703279,64.46612349083148,78.58920559846871,58.87569848848862,51.11890111993347,71.05941310222242,73.68202513662847,60.434131139139154,54.87912052827399,58.284463477942616,72.36673627809047,63.90373421915911,69.98917778676764,48.04988253300056,48.58320290649759,61.30246164415735,82.28725851094137,71.94114276112015,56.54410285315324,81.9783827530737,58.3902302230284,93.06112496870537,63.03286235487554,51.54928804663286,72.13901963950293,62.309201037423826,58.15633834377368,63.71330033505528,70.45282783818561,62.777457849688346,68.3457067097233,90.60371133913655,49.649366721936836,57.00569657301205,60.15777718298699,54.98540336872971,69.5488758453395,96.42734576815465,77.60101685031061,90.23724599465982,53.596076816442206,47.26606219677188,56.551901993747386,61.73086917535342,75.46374344869116,49.23740146507985,52.574632673407336,67.9033530875428
2025-08-18,68.61829918744642,72.58638152996065,73.46635634539847,64.4070779489631,77.86152456191161,58.600985387260515,52.02060304535,70.0797723370029,73.14472023170066,61.01256742241799,54.9980389072151,57.825112694167416,73.06830455474552,64.55391431445895,70.2215001255882,47.756525861963354,48.3610532929261,61.47722371476681,81.21475865431304,72.90273619667391,57.513689976649204,81.78517880982238,58.598531120297125,94.17121441365306,64.27763984818907,52.35818166052173,70.897821774021,62.11289194856223,58.448250472394705,63.399195005144705,71.72010011404367,63.80871688602874,67.79032234382868,90.45669030729144,49.2786090905204,56.89457069859154,60.022314837918124,55.5126174225436,68.93369553596231,93.93681121719314,76.3658113060451,89.31408949001256,53.245801466680106,47.35461501363201,55.944543016434004,60.98775526595747,74.76559711140001,48.69113531172642,52.28391637087374,67.4989837438852
2025-08-19,69.09275099972348,71.87165997698716,73.20411229953811,64.05699963635861,78.49388883808301,58.51064591672528,52.570063342852315,69.2768292650212,73.10862007551766,60.662211330301474,54.327854378009974,57.786087533265196,74.34556048454145,64.00566963372587,70.13205633774699,47.13394342476563,47.66047928902874,60.99514292498942,80.85012704285548,72.60765386872758,57.38384145056229,80.44813673543786,58.2328814138652,94.64491388126206,63.41049428401949,52.172563634766476,71.10574591886798,61.62889886755154,58.648206762287295,62.442110872438796,72.36013602531548,64.04255707398482,67.82806860513139,91.47990734246898,49.11657742642075,56.54412784699541,60.85182738044157,56.54393767419238,68.45733683315707,93.83002518973395,77.16805109511706,89.24432225651661,53.56333796585101,47.72561790981964,55.63084708113005,61.24399827719841,74.76096724973044,48.10221861656629,51.76903915913127,67.06004237099962
2025-08-20,69.73727856074495,72.56593593875084,73.75514293702831,64.33954264289028,78.81860205033644,58.67327391967031,52.78477465430321,69.60692935504976,72.0890427534846,60.18471910584399,53.77172928816274,58.42941804588764,75.58553743571011,62.6323043079075,71.23812439054063,47.174836356796504,48.14559871281771,61.30484690224207,82.0231158295423,72.76010274786239,56.60674859772041,80.36316816357191,58.5339383296978,94.4407382320433,63.82893983613385,52.13829887962878,70.68356289278739,60.96324332760163,58.41886366079275,62.56998047664359,70.95611748175922,63.54491969285583,66.48718218955034,90.91714595306813,49.708192122264485,55.87741052193422,61.28122082691547,58.177940004237314,69.45965723505539,93.95538449528799,77.83333968234062,88.03029128871383,52.72716008064096,47.73931622519094,55.85304006228684,61.917936294892954,74.33696210485195,48.19533614877668,51.8514752484307,66.97198729038834
2025-08-21,69.68675486519324,71.94835462417488,73.96173032130892,64.46515937595412,78.47255281455206,59.065208731292984,53.3301110108097,70.08003072414715,71.34145868281864,60.244720520200715,53.28386343449747,58.48586166735896,74.90267424968444,63.43735107406323,71.79834636972386,47.72190493538189,48.65462870833414,61.139180410957685,81.67475930214302,74.03848340817986,56.51335685773804,79.28192393940317,59.12662885309007,94.57661869266272,64.79744225406209,52.26513315854443,70.66942654268645,61.90075162860855,57.52698730430057,62.20478928549168,70.32926451279027,62.165255769638506,67.07027460006715,90.41176688662073,50.160277638629005,56.095245486322774,61.654416912180665,57.913600325099466,68.93083641937618,94.03975753205017,78.55205702710423,87.98595103322229,52.35834493023168,47.170331120746525,55.967187797106966,61.57581777064877,74.28365145656281,48.08039319632362,51.62154255611553,67.16904270992916
2025-08-22,70.07424409597417,73.3763263419614,74.52446634288094,65.5007593982927,77.83279829472828,58.12713640646997,53.32241589464082,70.68392355805649,71.84343545822475,60.97895215757424,51.94929163421052,59.22328623289091,75.1543666589364,62.46539279972802,72.31971195796771,47.80285382733746,48.840468420724406,61.753089259825565,82.02694280973648,72.95601702772223,56.43258568726055,78.00974116870614,59.51164540841415,95.90805654623654,63.99798583688443,51.91536731955656,70.04860420435777,61.62041756046408,57.76473184193426,61.92978874282306,70.78968474072127,62.83109237499021,67.81331329461247,89.40643081523733,50.86030316823356,56.92370036850802,62.619183154011246,57.8222761616403,68.41452845734004,93.11871955493459,77.6913365916302,87.99623754996213,52.80415335667499,47.790682867733956,55.69609382459001,61.55199976149737,74.20629744115836,47.775916119665546,52.00274845338395,67.41320710890939
2025-08-25,70.17369612023174,73.63970928625254,74.9845424207732,65.89852814810217,77.18290654461585,58.65048849789206,53.4587572887346,70.37738639162822,72.01191134867551,61.18937313165149,52.51432127526948,58.606948040146314,76.15677647982308,62.479865431520345,71.95458820733882,47.546955529266114,48.35383627201718,60.68732448391971,82.58447946654015,74.41560147520944,55.52706716805955,77.27182703716619,59.96060998862882,95.86429706005985,64.53423150252301,51.86258558580346,69.64306123183768,61.481409737024876,56.40498377909903,61.22566474940723,71.4641616285351,63.58445682322913,68.77361699595585,89.80146651827108,49.72570646458042,56.56337640564594,63.45418999106266,58.76842051360684,69.35315806910971,92.89898395241737,76.68284305087502,87.96049054232252,52.81197265617711,48.54476440158736,55.82310929099907,61.56226821710818,74.26085551570756,47.96733478594481,52.32953701414844,66.92653836553531
2025-08-26,69.4354356764753,74.65593265752565,73.76405684115747,66.98666576989537,75.72218844447167,58.308652327870604,53.98083113260993,70.37762700463719,71.07010417838963,61.450858974404134,52.54951994159141,58.480465412971526,75.68309660918632,62.45824739036774,71.53708485705057,48.71870715908279,48.23791793899236,60.460924744515154,82.13838128029391,75.7497485969232,54.62435960178041,77.55006677890096,59.81730179130417,94.50943002018506,64.00780574638769,52.02722690294367,69.04366563216027,61.64120058925604,57.38879365446545,61.33020529618584,70.4329337897993,63.04829930447049,68.57761298270592,89.48571064382564,49.80135390571297,56.74038105830448,64.56183893242601,58.766234565841515,68.55866069984127,93.97706565045021,77.65750837933278,88.16518643661297,52.682007095233885,48.84792075136669,55.70540224752487,60.309646413955896,74.68047745946274,48.397239100738325,53.0891112079077,66.43924965601138
2025-08-27,69.59265226657688,74.84115912896931,73.82706537635205,67.06364820140132,75.75031387002413,58.43225136417316,54.38214129023207,71.24169775849651,70.53460556658821,61.3450694764035,52.327910003976655,58.15059146825059,74.4698635093745,62.47337814421451,71.88079976627093,48.643203133564846,48.23359702981345,60.71444562318287,83.30566869745326,75.43244445214977,53.98810846305145,77.47996209068246,60.95467525333731,93.41861341798842,64.42529900531719,52.633158356239704,67.42958023268149,61.89458604466458,57.73613062007258,61.16646703087844,69.97909661574593,62.67699439524104,68.35265831867827,89.21578578446972,49.557539076746465,56.54526075081366,65.3352316415248,58.05687654318442,67.3699555477392,95.11803757567175,77.50853524499335,87.82356428498363,52.623448251984584,48.950255111951904,55.41424098690084,60.61554485335291,73.96530162807233,48.25138378925926,51.926272848286736,67.22265794311585
2025-08-28,69.47021599746532,75.34435689002676,74.17974613215158,67.43338889204364,75.7444241117069,58.659542287497565,53.86187884994427,70.41219721905466,70.46332693472094,60.92947434271624,53.07916734489234,58.36914987126933,73.93820767798519,62.30396777218049,71.97646957061022,48.61013556220583,48.36484817039767,60.75614316123785,82.15519093328676,73.82728912218619,53.78678033090755,77.91545092761456,60.73419410407028,94.58096627475048,64.39509918950182,53.35236297871303,68.21079466628832,62.548708022750645,57.045434213640476,61.17695227049752,70.84003539441632,62.84792453707412,68.73263028341778,87.98612411687338,50.51762571274079,56.099542009560054,64.04507769798865,57.853381378086986,65.74110104892364,94.09146768985414,79.5171865106176,87.49043234800035,51.87743581870804,48.96264005846276,54.91895652413603,61.14184960142648,73.31026489079309,48.3821935439351,51.33405090415879,68.99269599987488
2025-08-29,69.82096697478163,75.2348062033044,73.96274845705423,67.06110908369138,75.17026178797643,58.19889064380463,54.773486793359005,70.02416274311102,68.978730267628,60.223181911831034,53.57388711875144,58.222056119019925,73.83913657891824,63.0370883055588,71.41926052287697,48.9185288131857,48.04290380188292,61.1070329715904,81.83448063559332,73.64917511754946,54.229717676085755,78.50046311991676,60.63380580837369,94.13595027575204,65.43314972132396,53.667713207736725,67.94451483569219,62.14154320329433,57.63309777724768,61.247591276960236,70.72426909021513,62.92022560482311,68.96519954507197,87.93625966845488,51.12937412036524,56.81049236678837,64.38663339906373,58.65419465283489,65.74668715516717,94.74325742925494,80.31992675341452,88.38655148882272,52.35481574882835,49.27266434225864,56.00437775919058,60.81275846039345,73.19656038960774,48.278519905112915,51.14545442246195,67.63414259279489
2025-09-01,70.78754018867278,74.46681334866228,74.08845493481451,66.11434002967556,75.63830653864872,57.74358916403912,54.15480150648776,70.16038245113577,68.49706203035623,59.878395792545156,53.666000591316745,58.689694462372444,73.23730278937933,62.41535580356711,71.43603435344326,49.18303578138702,48.75081878072882,60.45586952218949,81.57468715745514,74.52024273662772,55.31034713480684,77.7247402784469,60.18748678287537,94.4953869430244,65.05620412325541,53.261793771648136,68.11082240683992,63.111874514498034,56.88332236776673,62.17219435111002,70.31893374869082,63.138175270798335,70.07110625827528,88.2228029110093,50.97749483500802,57.21996006274106,64.27523399209542,58.96078743017002,65.61225380619132,95.56266484684166,79.20785134753203,87.49525902725291,51.622345972114594,49.244867902444234,55.154287200222406,60.39348858866872,72.39037471328996,48.99819700288353,50.64126801589923,66.76957191131152
2025-09-02,70.96355138942573,75.73358939566045,74.0025125141903,66.08874597097495,76.62094169939347,58.25294368160547,54.38567488376299,69.75299730500738,68.81009290244332,59.06909898547582,53.33234042725669,59.53585732243194,74.1970816813626,62.68901159989777,70.07099116545686,48.59237120863711,48.420693234532955,60.35215644248842,80.56101889121834,74.33691502526484,56.29653300581038,78.03691415715703,60.319337240600724,93.53871957735623,63.99863322219665,52.61163510992041,66.97652791508251,63.15924844639979,57.10210904422316,61.574939662939535,70.42302601864273,64.07251707076577,71.4564021501608,88.90510540614612,50.888443397809205,57.643865523886284,65.150012371663,57.78910838882594,66.59191439595264,95.04365767371276,78.78525007340463,87.18526433264788,51.78784564143024,48.70066157141294,54.997423540440174,60.71155645610483,72.54877230238968,49.18514498544578,50.47747161977371,67.2343693860815
2025-09-03,71.71719558748246,76.49200093310613,74.31963236551674,66.71217038530261,77.29127177382883,59.833141046187585,55.05217987858855,69.691123068711,68.18561647429385,58.915047023289944,53.155685018581934,59.84111705089224,73.67932690393424,63.440848393781366,69.10404432098859,47.805528710397255,48.35531330614594,59.84579010031624,79.55372323504517,73.8648421878883,55.86947095683593,78.04482307727399,59.94623207459563,93.03577718769421,63.995519304796424,53.1479593986245,67.96886162635263,63.252646317196124,57.23104426945187,61.46224561951209,70.76275266879637,64.32302889212227,72.41011361233402,87.24170834050263,50.7692509526475,57.83971964681376,65.13289062030805,57.248909339907016,65.73223851546793,95.8131139805511,78.19115541381282,85.6685966283586,52.23335158954154,48.92470304313783,54.93373268001862,60.15884919844511,72.4665185916616,49.78668220795407,49.66895734960386,66.19101904809924
2025-09-04,71.26839009954034,76.47162335874475,73.95170380655411,67.14238854959706,78.13744372081595,60.000169864217945,55.36157626948902,69.88101052668482,68.19209993292108,58.15785423198926,52.6120480434549,59.03814828220618,73.56999077537748,63.58837882149702,68.10976764201227,47.84024575638521,47.9339463345131,59.20932789358139,79.05778677500322,73.0418234668992,56.209438375557,77.91381440743724,60.436919544235046,92.62408051437856,63.7364243142299,54.15300886116556,66.87459026531837,64.07035511041495,58.18582239026618,61.93474116762282,70.52928864521232,65.24743502469926,72.17750027668096,86.628136735283,50.57251220690715,57.510859647221324,64.5192366931882,57.88791667316483,65.22579466505204,95.78471248756583,77.07036379790111,85.69499577369425,51.63304888657222,48.35054942838448,54.87372954569284,60.79808386487914,72.78637488701524,50.040802697354756,49.60447073955319,65.96922775491727
2025-09-05,71.83445954619833,76.04216308651293,74.57136381280722,67.97738225598206,77.4827636548023,59.584944811760444,55.060293426615715,68.8633647111885,67.87275444766149,58.91969621511994,52.06481518864645,59.8257264778536,73.25179582500536,64.94696976168372,67.64696586182546,47.77141400228742,47.49963916593084,58.803541783973266,80.12283181956195,73.38925741353658,56.790716088187295,76.89550169485936,60.83397629108354,91.7286464336618,62.8897393681333,54.282462393596475,67.02759911472684,64.10454306323864,58.60484120826995,62.47815227787004,71.57353328080308,64.47537097173766,73.26980078629536,88.27419144401236,50.38763922394269,56.5592565226537,63.632760091659044,57.62117697524975,66.5528540881133,95.80107391387936,76.59616260629247,85.10964862018334,50.954584016974124,48.775266272607546,54.82323124186394,62.08823808564755,73.24506499203896,50.457837660332785,49.4845211800575,65.25339554029485
2025-09-08,71.20966040692794,75.0080540024,75.25335727730005,67.71622991772784,78.22431342301519,59.665984393122784,54.899302601097034,68.06262868905438,68.077789963499,58.79101902267404,52.536660840787576,59.39925417684345,73.70449897093813,66.02144221116335,67.83159316038623,48.14803568678487,47.77206321007086,59.930346869069126,80.42109031346337,73.90475404447953,56.77011840806077,76.30233143079435,60.1034170867917,92.89817158491167,62.25877134652335,54.688849675443194,67.30702590194056,64.69559330230118,58.30397001909101,61.98606693478141,71.84486036320006,64.28715784018596,72.37335783062571,90.00210308633216,49.990441134675265,56.000048088063856,63.478868807307485,58.34763004106507,65.12634027258964,96.92841642024429,75.90118097917909,85.33508315672182,50.61128913768221,49.75656995273091,54.89159458852115,61.65014938300642,73.02486212988362,50.50308686707308,49.572521753723905,65.54033198355806
2025-09-09,71.20866019759184,73.98215165814037,74.99772958705368,68.12828471637069,77.70205341498836,60.068759344455394,54.916718396725564,67.9145902427085,68.89560999020841,57.7779832848165,52.1830650877219,60.135837246105,75.06574528514243,67.54807023832818,67.86575872026155,48.36900981179812,48.16416574268424,60.69939646370056,80.67327684284614,74.592401533094,57.03173349693984,76.70184273765935,59.55397262010167,92.5928409299759,61.93415091392741,54.04250621526449,66.20450921937277,64.42210467421505,58.15031896474932,62.051209492964354,72.24524094166729,64.4082101112892,72.1876612246115,89.18222732739201,50.43082023707086,55.94305661733099,63.204100342084516,58.238939746509885,64.65087479617075,96.41540500276462,75.47546683150502,85.09023547010202,50.94426573698387,49.959547847306354,55.7472235235811,62.401726521759656,74.4676034671142,50.78627014360831,49.842485137270856,65.2216553357957
2025-09-10,71.79929032733763,73.49833118557896,73.90298988506649,69.1761189901219,76.73745102628037,60.33295145171359,54.435391042104605,68.68408864694936,69.77124486310042,58.08454195478282,52.83752641066526,60.14024961995305,76.76172013520687,68.05397555188341,67.25733626250332,48.4026896079192,48.09077039293936,60.54758074251332,79.34742427833426,74.88153199849951,56.24686527831225,74.78906321165401,59.349450823598914,91.8955761320634,61.40285721253527,52.39126765075737,65.64360247049974,64.31033799503119,57.782723219216024,62.29202702361988,73.25841061499662,64.74165329226673,72.93240673503696,90.1768769789994,49.91960908240925,56.18925094060183,63.83622067348183,57.98559363210751,64.1417430682259,96.9281571717826,74.3654440390667,84.16946788819179,50.605721498257296,50.185130470523255,55.86939485167151,63.0492806032983,73.78426352313697,50.29327224511838,50.10430112621002,64.70282617658131
2025-09-11,71.36728369857526,72.14623151564598,74.11824665718898,70.25058295574276,75.95165195709465,60.95253516057827,54.40306679329221,67.48217032922861,69.1497672075029,57.53163070845929,52.67054536870636,60.39307651188831,78.19418690430948,67.08696014775391,66.93207692739189,47.97094782686733,47.48483896283485,60.60539959661989,79.34859862191064,73.53557243680416,56.25707530787214,73.89297042385421,59.356470925101235,93.06962372737128,61.68785352551046,52.48435370419807,65.29741763872435,64.35335518798915,58.109105164635665,62.5818377288607,73.1857605727918,64.88253938928327,71.97849968019813,89.5171004646554,50.27407268698306,56.66438051514396,63.89599844769034,58.849553782020855,64.46842467747868,96.70245415499971,73.46387909753747,85.38919528110145,50.997051511893375,51.09577901148573,57.09321063930541,62.24307283154678,72.84268676568988,48.873694964341475,50.56655941044694,65.1289863320507
2025-09-12,71.43710004229166,71.26702374043826,74.05228581591793,70.38045955041646,76.54847773858242,61.119154927207965,54.765396298706236,67.39845609251644,69.97160455649187,57.89622573939444,52.04907675155401,61.23792424236555,79.15840913896571,67.39996090368108,67.12023108510124,48.77323453501557,46.715562426501286,61.36233660518209,78.97163355886728,74.34534356285256,56.32483601444651,72.98021962420582,59.062484742213016,94.02541762852653,61.55831699128381,52.159182593059626,64.88852313175649,64.76799302797087,59.13534012041388,61.25627359230057,75.2644354778249,65.01486987996705,72.39735026858612,89.1274222247649,50.27230552161672,56.7735718909593,63.22917202923954,58.37731876014387,65.23663772860435,95.21288818630978,73.7885990758502,85.07339927389148,50.509465081024295,52.113352911198305,56.550847036464134,61.54362231697169,72.70661807022633,48.49951171259293,50.56978599209433,65.23027499928166
2025-09-15,71.60492979541065,71.17878509201194,73.53414026331946,70.83474945898672,76.46302635646931,60.81698723064308,55.581948267442506,67.31674327788681,70.73987215851349,58.61089384383159,52.723632287519095,61.66264097801013,79.1579076745053,67.35681064777172,66.95657693507674,47.72773774859613,47.0525668227981,61.512529899554416,79.62626189752527,74.25840922461641,56.700545217520805,71.9818043524387,58.37590918832725,91.72573928660654,61.47566941804492,51.75779197998178,64.30497179186113,64.98510373725256,58.88424957689766,60.384675756428486,77.20431787972394,64.9908119254887,71.61740060801696,88.53241017090085,50.18533787016045,56.674165626763994,64.05790373145442,58.33096809118117,66.45820947575083,94.80205472139725,74.10393212494184,85.94729045644499,51.116751889517055,52.801517560584,56.3972311143473,61.540244120079954,70.92607853903918,48.404540907526254,51.12465289233546,65.81791504781941
2025-09-16,71.54302752573334,72.39854527165281,73.25230675302356,70.32928568281507,76.1058923601208,60.13815477557972,55.92896634339636,67.5112202188394,71.17268954561852,58.36852969819436,52.69302299215899,60.33389582421397,79.45628087522448,67.4234200129077,66.2237412111476,47.67781320560193,46.93139839075122,62.60743315892603,78.78579326479442,74.50492932321339,56.08543443007994,71.58135502020862,58.53772863947299,91.5320697656055,61.47198660940075,51.93028840436814,63.988287214938374,65.56221477424431,58.70464459057791,60.325795932199114,77.4837703272809,65.13850877194514,72.08026926527027,88.81347159193423,50.42127536945217,56.490063141045496,63.37691694755079,57.50412868238543,65.35710913579483,96.48797126576072,72.48218894096856,86.97941153910797,50.69886780067525,53.43170742185066,55.16863930490076,61.395736689584666,71.9648950498524,48.7510007461796,50.95251753594998,64.55143148508515
2025-09-17,70.60310806092345,73.4112855010869,72.99765569733859,70.27879043998477,76.32198548687731,59.35973329321159,56.15722405107496,67.22852621631087,71.38203299066245,58.03210317007855,51.87058648590618,60.076595533099976,79.96705364958984,67.68963297690395,66.24422795688645,48.107951546155476,46.83594607419628,62.64267623042807,78.40871040543581,75.22107680715226,56.249178046280655,71.18378503491556,57.67254187699512,92.54907208405609,61.01629247356539,51.96772511809522,65.51152302248133,66.08981373495043,59.65812459984948,60.00203974338979,78.31806278212467,65.1558828729044,72.34457866079633,90.62650887927109,50.280974153670634,56.500941041291355,62.8070647164526,58.017311140685756,64.99172478053556,97.47982705902459,71.29610727324783,87.45792515913156,50.37357066353976,53.82346465521396,55.161159400854096,61.067939614522416,71.68724481484486,48.33818569288864,51.38118464185536,63.87805785917679
2025-09-18,70.41479382649689,73.66516831441403,74.18502216272566,70.27225579956993,76.13712084098503,59.52238465326748,55.00481281048011,66.42750467287864,71.11459101041744,57.61982363633158,51.04683589850582,60.59413624749562,80.1750434697022,67.78464462656886,65.78609043240282,48.146161040945245,47.0775141857464,62.476957840675496,78.7580697670054,74.62464865479433,56.30403947012383,72.00172211811966,58.387473965462675,93.785935266407,61.19078476198857,51.98415676846506,65.21817332118822,64.90598144979863,58.86115390413259,59.901288015177066,78.23329926938025,66.0825572085683,73.30204513859923,90.00650102419132,50.694124446941046,56.23203458788794,63.237262634942105,58.48683061704335,65.80401658830311,97.00078013404769,72.02294626398354,85.8352431972729,51.03077095068499,53.81000147234363,55.159103032273684,59.83630857513867,71.40916170589628,48.99786062070206,51.162407250590924,64.33543367736138
2025-09-19,70.43912995288088,74.45215947481823,74.32722331103253,69.6204921372456,76.18011289682939,60.48313848703314,55.27922378414968,66.35019731617639,72.73698371925529,58.291648103881414,51.46545991514905,60.78673260664358,80.76268391479911,68.30363659485685,64.3656606337126,48.33668363971219,47.001871619645414,62.16549179421656,78.60429745079894,73.47258744279847,55.29708422225664,72.90484233898673,58.657940752419556,91.54995500519071,60.8391050252991,52.443925441734066,65.03580850461759,65.71911540999663,59.482304491939175,59.09408859018897,78.12125241245705,65.78711068472947,72.29074599931315,88.70703141765723,50.28716119025246,55.87278169127544,63.41662327450657,59.10075775892029,66.14288514582348,97.73138476007304,71.83117601412692,86.35439354826964,50.95511019837588,53.57296877833324,56.21551582453442,58.45796120009382,70.08390263408792,49.18573458011989,51.02701536381512,63.41755425020612
2025-09-22,69.70017457555832,73.76709068295906,74.99344030981814,70.4697158821752,77.43942893693325,59.529650209350926,54.52863096336411,65.40446117994392,73.68052682907216,58.53536318056288,51.50675136625047,60.92647677170609,80.71684126986482,67.54213255257062,64.6968166646323,48.24679414453796,46.44107048439804,62.52352625150605,78.270321589206,73.63991569650038,55.228017558631926,73.55760560196364,58.78722608639744,90.74449207311581,61.03532465187028,52.63026840533147,65.36920970714742,66.40342096045332,59.11702990530996,59.490120230997114,76.7853575754778,65.70822347729002,72.0924647438084,90.00071459803587,50.20860596191178,56.21351669971185,62.309147047334854,58.89323134563907,65.5854406317034,100.18093035558155,71.3538013898625,86.41769643811685,51.019647873833364,52.728169803990795,55.920578721985095,58.69505897349442,70.14400590726991,48.06717559893849,50.73851521079854,64.06824995187375
2025-09-23,70.11137518527167,74.67109279728412,74.25790033206904,71.37818931693188,77.40504878072399,60.48508080038075,54.53043285580209,64.0789370632368,74.30892665158774,58.27632569635664,51.313331794760145,60.04755754926939,82.03690757084827,67.19108515745619,65.723881761445,48.0391811243273,46.01220813215136,63.35400960611906,78.21294328701534,73.59311620114292,54.5247174245501,73.22175786452273,59.0397854383606,89.57318296852611,60.70717602671135,52.40945085188373,65.4126559675363,67.39320333458892,58.939972199801694,59.0807555162765,78.92339288894267,65.42420069381473,71.95514552293393,89.67922586953793,50.06983617903433,56.257242439859866,62.88553709568866,59.13163400461195,66.29567659659625,101.23232688547867,71.50276652606973,86.74350922583892,51.58846895883763,52.14549252583257,57.33518929237212,58.39496660034394,69.89825655122371,47.48816463572364,50.14224081856204,64.69534563863569
2025-09-24,71.7212433305384,74.24872745308862,74.51625869429763,71.53551337038814,78.18317366055363,61.84207023078812,55.36616577079232,63.92618907890429,74.70288886057777,58.64348651460409,51.30302365804897,59.39306761539728,81.38422646378147,67.96698712878899,66.55145690782663,47.939570876923604,46.13248240634103,64.11708312895435,76.89127878897969,73.2653635481684,55.63613183805124,73.44124454217595,58.37684872322569,89.67829808059679,61.330438422785484,51.09167690947264,65.52807090284671,67.14268800387978,57.98008122320063,59.12917859072061,78.81575153071073,65.40844173713171,71.70498993637165,88.76795973245663,49.346691700825914,55.87001812473243,63.42821053025256,59.2696130092471,66.24983352723191,100.18519868062741,71.23590623079153,87.38530818898083,51.84953753499758,51.89724760691892,55.857317497859384,58.00221627578633,69.56167448405138,47.059344541295815,49.935492633216825,65.22577824320958
2025-09-25,71.69449883844327,74.98721252523436,73.40071070669178,71.31761676152631,76.68178777913171,61.578827721077026,54.79024167493664,64.75051475904219,75.0095834181388,59.2416479386733,51.08322742449102,58.79050320698709,80.53290399572987,68.14763786352167,67.76711524997495,48.13767336714274,45.95991631255381,63.99616292980428,76.86721532979828,74.76533881649193,56.32671471319299,73.63241003842768,58.44094194701945,89.94715532218643,61.63433027081254,50.88100269684992,64.97729003452805,67.8393377271974,57.992828229260006,59.6928231250813,80.12392165749347,65.74985567665777,71.9625485478825,91.65469503676267,49.44895510167582,55.26403967057488,63.250084982315244,60.196462829915234,65.39797394597083,99.43417465098547,72.02845579805525,87.14827371642687,51.79240710203258,52.45729889921752,55.4583520605953,57.15661873682025,68.60222043062599,47.33392455657713,50.06505932277704,64.77560701203544
2025-09-26,70.86850401556936,74.78459152344654,74.2248345110008,70.72401548511498,76.17530985141995,60.85006514150649,54.58930462540329,64.9697931039732,76.61306134493755,59.37080588579081,51.055814274003744,59.300023235603064,81.09554291485045,67.75511049359493,69.34525006529633,48.125937219550764,46.06868270979002,64.34997935467409,77.1335380902998,75.91455029095741,55.9954166395223,74.21149854486045,58.53719647721832,90.83544444366957,61.50196775959531,50.70301987173299,65.45471697350686,68.08263321279404,57.51906215815406,60.50148561625791,80.71299175822062,65.70108462582022,71.62638513180826,91.9890464688269,49.77663910452649,54.39007373260208,63.48815038823295,60.59056213709355,63.877474823518,99.62944570708493,72.53051368274261,87.65597226753282,52.20968640705318,52.28574743897985,54.88462536959098,56.13714718933487,69.35561672070587,47.66788565396898,50.65349520802893,64.30759123393955
2025-09-29,71.44046660503399,73.66921894524319,73.58225201105449,70.81316777522188,76.68218929206151,61.880370583911294,54.45841249679121,64.40974510598832,75.9136178843358,58.96382750175272,52.2024641546473,59.75055226192825,82.00279403008747,67.59337887953748,69.34410679178865,48.46364417304425,45.83625618658884,64.16279556276741,76.61486649693612,75.57559718118985,56.02284913513726,73.60419370635282,58.70484015269598,91.09431370967624,61.3918250611932,50.28520375102149,65.5234563092654,67.7397472430069,57.545868930805085,61.16953032603376,79.70801532842106,67.14472050646268,71.57445793665246,92.36867468233841,49.403352130401814,55.01488497670589,63.40844254393894,60.35223359440798,63.51090620122185,99.36230737306457,72.83457872557696,87.8075821198737,52.18887991237572,51.915095445284976,54.464086798902315,55.879020790953184,69.67557957025527,47.984618574178604,51.05883919157278,64.30664791695753
2025-09-30,71.71501123310598,73.54522708854606,72.31133365493811,70.66042813771642,76.39492005493811,61.24073437024127,54.150293587072404,64.49681594096262,75.0581854847274,58.546207133168274,53.01679339948222,58.80055951306129,81.85271704014677,66.80961043790096,68.82484489444002,48.36790818971907,45.385816145101636,64.53210426428814,77.65707378006189,76.2143849563224,56.59981739487815,72.59562418113512,58.56231898188473,91.52110440086632,61.929001582137964,51.174655705555125,66.22768553677932,68.34975661757821,59.08152714742414,61.22847051673664,79.47794526282405,67.26391264226423,70.92250130961412,92.43116824488851,48.55755312778531,54.72434061055438,63.33535328203913,60.92808964197849,64.22050471556474,98.40943362362344,74.36245365388106,87.93796198444977,52.314307172117104,51.082024760967236,54.12742303665837,56.468742158298866,69.79397417396605,48.03638095806003,51.174962514831925,63.385236523087215
2025-10-01,71.64576185397966,74.58831466560324,73.10143168169483,70.57201703254536,77.59887186628758,60.47448722435962,53.6266646140904,65.71006309402486,75.49325770902789,58.37731861770743,52.987473380070604,58.328163712469795,82.07942898956256,66.94161512807463,68.8385318759239,47.81019865495791,45.506137075128606,64.19130248311252,76.89515503669723,77.18596567622266,57.84129532353999,74.01966849161175,58.944286231242025,91.27836049185419,61.8854463958228,51.38264278242322,65.94994917596514,69.25713019967866,57.89094784653736,61.04766975189868,80.11717735947988,66.69782075516198,70.752386055828,92.98151171238001,49.300412488238436,54.02080290552217,62.47477854601875,60.354409393819495,63.24064359352663,96.9769076859041,73.64266514802948,89.02938857185458,52.1513008316957,51.098054314976224,53.61271768493885,56.82762821342152,71.11550004061887,47.611882460362764,52.06525745092602,63.616649186284654
2025-10-02,71.65784485530008,74.8873581618874,73.38747030831983,71.89485833295602,78.00360913620756,60.80260594781157,53.40110402198122,66.26374085307432,74.77434767680519,58.44098691819999,54.53749080527302,56.88565270611116,82.27101796804949,67.12369106641513,68.68169765653417,47.712517512377914,45.547753149485345,64.02974195270602,77.06603628402078,76.8105147575408,59.02298242772414,73.8333636098263,59.280997672745784,90.66971361278777,62.46562888194281,51.76090342973399,66.22703153106444,68.5492694918271,57.457009125934334,62.0857665256879,79.50783282747402,67.12666129211591,70.08715561706812,93.92386496968179,48.963174480127265,53.50297888763224,62.03132548864237,60.02108892799822,63.49708014287453,97.04421720677419,72.8405631742888,89.00451099277755,51.55834665363756,51.42796003453982,54.057880798417216,56.81402113823489,71.30895035475046,48.45345288198677,51.98326567490437,63.01877111673129
2025-10-03,72.07408794531973,74.04392926115796,73.23310165619287,71.46550247106744,77.45808088855901,60.65073615541792,53.88382464812687,67.0004637056112,75.47012928007351,58.63788652172657,54.39711961689541,55.560077351779526,82.57405313959556,65.61102431740797,67.37331915510076,47.63544412195734,45.66842170013146,63.74156390527853,78.25854148938383,77.16627878203516,58.87595786437897,74.86405062382663,60.21611118453664,91.13564217086505,61.98323163622085,51.476860701630876,65.27579695832367,68.52019919637462,56.85684322886508,61.88179372836438,79.715300694306,65.80818451571945,69.20700841289317,93.44901807971706,48.9374621665216,53.23938406841876,61.863746398058815,59.59872079314934,62.583391063058194,96.52665756129821,72.6854553994323,88.72867809934712,51.61601901266034,51.64384080757277,54.42766658070476,56.455213247990955,70.19407336198849,49.07351924341148,52.184019699796515,62.42001722114621
2025-10-06,72.27451950744526,74.83895237168147,74.51044317610923,71.64482697312789,78.2832457212323,59.92152277522541,53.86448234482998,66.7763792423669,75.72911053260471,59.59030867366112,54.53322223178735,55.041530633490076,81.5373435801179,66.69977209686795,67.72036962839618,47.849368581490836,45.51171448033324,63.9125320728983,77.48996009574893,77.46564454026968,58.18828933391277,74.59555536550444,59.83022766976479,88.21484800697957,61.76866547427172,51.016225831961435,65.13860765171016,68.52137967286514,57.870971657912264,62.07064069218548,79.98208501622882,66.13514855311247,69.81299870258209,93.87450348333827,49.07551974304983,53.61939736150273,60.3806073935713,60.85686469544959,63.586248147382285,96.73647916135421,71.6656273125295,89.80913148454194,51.25910728229031,51.92027401275779,53.73387088479601,57.72623253910136,69.1889878471705,49.10738481582425,51.088245421345334,62.394291462144935
2025-10-07,71.96779934892047,75.69486593993159,74.19416424612339,72.46525379179151,77.48562218553566,59.75280506040499,53.72358933754364,67.10813653149238,76.00859166160944,60.02224276361906,54.67892786482131,55.40673467963947,80.80852597507612,66.9596047071439,68.81825711026964,47.05221743959092,45.73481543070029,64.34654616875545,78.63054558298937,78.03012820527715,58.24669075265325,74.9170617149325,59.39206516274371,87.87326560541887,60.949105284637916,51.780520728816626,65.43249484258531,67.8965133848732,58.02822182701573,62.794442828282804,80.78009575814852,65.5244901090117,67.65909801359726,94.24640494619881,48.642208156347714,53.95412609399807,60.957121308110196,61.53837460786481,64.70539790168755,97.9399113428201,72.93048484245558,91.05623297802283,52.016214175225926,51.899059498134434,53.04551301077009,59.17708619630988,69.23255805879116,49.714493370918646,50.80789173051009,62.99863204835202
2025-10-08,70.22954942627274,75.3848180860818,74.12118488105672,72.80126101000182,78.32075559626948,59.10258761415468,54.07932050220124,67.93639950939188,77.81276543791188,60.44787878806165,54.42825129865777,54.70655317793195,82.30027938835019,67.45515064142569,68.80313552521991,46.2961966257865,45.3109168701472,64.75406398766002,78.90925921997146,76.52608748396615,58.61633460605956,73.75120199738974,60.20170806065269,88.05672173626911,60.66730751789727,52.29577449575197,65.66420755636992,68.80207883210868,58.074939189990985,62.88167420897152,80.54999851825238,65.69702474373817,68.81772488491823,93.77375693857545,48.95841116939393,53.48117553962022,59.71023023573693,61.66617386419782,64.94551463295674,97.83218651423954,71.8475760226099,91.33374008792097,52.154925066564026,51.439834484048305,52.332383424266716,59.0279186943484,69.68607664520817,49.922063284582116,50.36232227351929,63.084952062236724
2025-10-09,70.8553460028755,74.50596922518821,74.1680111732685,73.78309840095206,77.32855746512979,59.78949460496087,54.96209366340076,67.78560867091163,77.54631817554264,61.0755993402748,54.327038013947494,53.434266632335216,82.21901131174357,67.7732098418439,69.31422533578355,45.89028871107108,45.1888322760462,65.38975112394799,78.86192895244587,75.3651009410109,59.34630049295366,73.59346147496177,60.86223776083859,86.83646221492943,60.5939524995549,52.563025455759515,65.60700949984256,67.99294148128892,56.705215945853226,63.846861341637684,80.75004127487672,66.46806784197162,69.45979054907168,94.33511619161624,48.8013420019294,53.74375112817996,60.57175745928816,61.717384779940964,66.1924026265039,96.3762121749659,70.7022777293464,92.24065927962207,51.72965361714489,52.50173577740455,53.03694674595355,59.97250728292223,70.30513917847885,49.46410320855523,49.53353453564416,64.03534587328487
2025-10-10,69.80074872692464,75.69621073737326,74.66631762830332,73.72685827536984,77.67114320102934,60.068337916966485,54.85095718986885,68.7589412938771,78.63283971993535,61.17074322273142,54.002054751001914,54.136670149110586,80.57278623088824,68.07471880278047,69.82875641944504,45.51172574383236,45.631024072200645,65.3724997509629,78.43275138626639,76.09454261969863,58.70547193202701,74.2359189924303,59.66761737150986,87.08491259675374,60.620525110373094,52.28010916277853,65.86312935324486,67.93886092862755,57.30644839171796,64.20550369835954,81.11642071838675,66.66234571772193,69.13259777245345,94.05083865770017,48.922625122707316,53.65066194964705,61.24873916909726,61.77508675010027,66.44173236187949,95.03379547261237,71.37231805985165,91.70613568476753,51.19309461729961,53.37316500011763,53.40823749757422,60.56136826687681,70.62540058908144,49.418048456244165,49.39523023004485,64.53620034584179
2025-10-13,70.59574876408215,75.64461581552929,76.22995664053255,73.58152493984261,76.59591271946466,59.043098008901964,53.93296486097029,68.47499658987925,78.450608847254,61.589722844190206,53.986608033747494,54.595173870371625,80.60896575734992,68.08392409792403,69.42664720266238,46.163797453918946,44.93751614150888,65.56977086985182,78.29040725473764,76.69174649800777,58.69324520719883,74.24233600405906,59.50873178201245,88.30672041201568,60.62198358807477,53.32005297879823,66.04268410616231,67.95364592514264,57.223227158560654,64.5688052574139,80.6405384772713,66.75957185226741,69.13822333056042,94.35723484975291,49.0941692000387,53.866768942368836,61.30689472136466,62.751946100738344,66.72308844664249,97.54291480777438,71.40790703579646,92.58974777596835,50.82275361491413,54.12607156649799,53.03341332251401,60.83808449717475,70.43889451378168,49.64192748260249,49.279388137926276,64.02885128420786
2025-10-14,70.40427628345664,76.81977289932671,76.58699466473223,72.63925470239812,77.43954315283924,58.519059825868304,54.335374385841774,68.85482597919486,78.93560115443672,62.741738460069755,53.54110128046209,54.92965880863685,81.6307286058106,67.64731776329606,68.91082128108584,46.03141096993962,45.083680295101246,64.65141661832031,78.7232944966199,75.61920063389758,59.45727309430936,74.62475001584502,60.65817724802507,88.89928068246107,60.43751299689477,52.89589399229536,66.20064277245005,67.93309265625724,57.906015597752734,63.971982574988495,82.28678320139213,67.61605500693098,68.99765380316745,96.06894961497535,48.71120049302229,53.977627437297706,60.52930338004134,63.92146903869321,65.63290550642252,96.14793703182549,70.95610702407788,93.82221457282586,51.310356298743464,54.192173107347976,53.576547038378294,60.76790950139148,70.73707803910526,50.46868523372451,49.15800560381912,63.540027198045266
2025-10-15,70.73621815308566,77.39056002979147,76.67162999758831,73.37177223687414,77.28384572738814,58.59374617112354,54.53928270690158,69.05297248344147,80.21937434433312,62.97403344184508,53.378635723797544,55.2204443274972,82.45842900837287,68.17310004257463,69.40794201207875,45.346976735609715,43.97385263010754,65.48117275582183,79.06953673563434,75.602885724167,59.871529140042156,76.07694947799475,61.521688107707085,89.75881653385802,59.90396711731961,52.497093676847825,64.63952886809543,68.36482404580102,58.55154910402781,64.73791198788138,82.84445442956219,67.51196128287992,68.6094120041578,95.27929357913119,48.631659299830524,53.45239215423051,61.60155673022747,63.094371641036595,65.50370105801264,94.30420986320219,71.16684312848389,93.81997815019774,51.12761209775207,53.689027860589945,53.577866021115426,60.43795106290308,70.6403279184209,51.466306435135955,49.242717395531,63.879514872863396
2025-10-16,70.40843514369067,76.78585585373871,76.6540299648369,75.23214105367092,77.0620294844561,58.805909308114465,54.089346305100996,67.17634702803038,79.58827219359583,64.49125086588572,53.69739492940072,56.13404521156562,82.17220064436799,66.58516123727173,68.64266012372067,45.52737333425348,44.078464836475376,65.47434748730895,78.65138091127287,76.31668649714469,59.57211639508514,76.31148795209829,61.64197473076754,89.42866178955623,59.378355320644886,52.27323644621692,65.86204607242918,69.12959301121133,59.15206108094859,64.23076866865122,81.66192948058499,68.25629938779507,69.23298418621744,95.41015321577301,48.45179304803119,52.67557865002408,62.1382130218215,63.847212165034776,65.06037737624018,93.58778154707996,72.05557114725936,93.21970956758469,52.0453423815265,53.630510944588906,53.371154299309154,60.4652195642775,70.36773729392536,52.049202515958235,49.680852034869,64.5783872356695
2025-10-17,70.53847254108334,76.4362385005038,76.64708235273802,74.91256094671982,78.20054684285095,59.398269059423214,54.03986472350405,66.55684917342262,80.82409646357259,64.57946044515074,53.62754386576975,57.010703002035925,81.75423110337941,66.37314151946259,68.48444366261108,44.93190246653712,44.217856076423494,64.97710499929723,78.20377888362519,75.78097377131057,59.22341082501663,75.67397766384512,61.79455094898286,89.28962516285259,59.40686860733433,53.5182324566039,65.7596699450645,69.5490583339079,59.57874785080279,64.19040806164932,81.88582550712236,68.27042866871071,69.37336353536907,94.8521945086569,48.21292953850913,52.684493299120035,60.92490924062878,64.80959394903334,66.48153910262779,93.74734444552271,72.53667779648711,94.2329352972625,51.36045971182952,54.13066898648196,53.144043049171884,61.8662971448002,70.23538791355422,52.524057129293325,49.592293993914566,66.01267172677919
2025-10-20,70.17799277192042,77.33199660058872,77.1289208761986,75.21605300405227,78.37983709839943,59.00339356799871,52.66027871170429,67.27578589260133,80.42996079898167,65.3392162991139,53.81648279277732,57.69910083728417,82.41244773532553,64.75724120823193,68.90684884907589,44.7777475805465,44.73601147009105,65.36239231568902,78.67674795235061,75.57494610469017,58.685393036538954,75.34710289277722,60.69226534305291,88.76406229518004,58.54339427947972,52.754283950417424,65.83631067701174,69.92147790862734,59.55980870428264,63.871029582942604,81.11369589743029,68.05422272943359,68.8052983377159,94.79261688941887,47.48490708789056,53.05527757954377,60.58042363743223,65.0539038465122,67.07400228605006,94.05521913046292,73.11866011221095,92.30546597805701,51.10794903262501,54.73107715885905,53.415358436981755,63.02050763555202,71.44272574371621,52.68165102473035,49.467489323013844,65.38300303978146
2025-10-21,69.84487300584962,77.0169346680763,76.67270875139165,74.52847756155447,78.69522501169583,60.01300910485961,53.15403474905893,67.05922457069941,81.24969293968869,65.56610829312515,53.794581600430966,57.639630620751035,82.24783679011696,65.18022913916045,69.00315834367616,44.45276133286583,44.38982523999741,65.56264460975495,79.01472063341386,75.33866640501157,58.02481702049469,76.29558911345367,61.32590280662438,87.01740004640757,59.33290788029571,52.64415537601638,65.96151005492672,70.72188687240497,60.55223517563294,64.51479260831117,81.30944045063977,67.1244509744518,67.42517297441367,95.62871247920499,48.126464267760106,52.624821213258684,60.41721004967505,64.69238886670037,66.68349832335629,95.07172998762665,73.2785060877364,92.0941640913351,52.48436121931533,53.95160695661332,53.708830353469864,62.36289135134643,71.33033704487806,52.760014404324906,49.88705895990853,65.21245728759236
2025-10-22,69.58904823207514,76.80229153843766,75.84913488205498,75.00122145843945,78.9169334526081,60.274735982855574,53.11708268760271,66.93000676282472,82.21050117153875,66.2394883109673,54.56107706190093,57.85479322159672,83.36793223284288,64.90958895504771,68.86470335884958,44.98720382065283,44.7658018921124,65.37249392210296,78.19233226605625,75.18515909472158,57.628781071216025,77.62271952015894,61.79378037049441,86.35346001227198,58.71611269606478,52.23600931469744,65.59392851486169,70.60409141850913,61.230892940783264,63.894249896080645,83.19252507687492,66.49424291954344,66.48178212657137,97.25692254607998,48.76655719189155,52.52894792291683,60.64804023081125,64.95594354516598,66.77472529858326,93.84710015262152,71.48214240799729,91.31949708879958,53.44626666541199,54.96197663947298,53.568384731923736,61.76832955559311,71.52899797935555,52.99213004554634,50.187642187830164,63.58516742426272
2025-10-23,71.82156389838748,77.67700162120474,75.69920535149849,74.46428565150582,79.6999438226986,60.57407462070048,53.166051303226155,67.23747424083746,82.1178860275052,66.50621539829635,54.95883127738731,58.05375983674445,83.61082094079791,65.82001450051752,67.77359654380189,44.62968707181222,44.777693575366264,64.89709827057388,77.8832775703877,76.15961054626598,57.54299482893958,76.21574368436718,61.532734460056815,86.40365733307507,58.73942147193648,52.5272700934159,65.90583786368114,70.50614251804278,60.50472439660209,63.61300807038158,82.67603150363168,66.30493529426255,66.94287491485876,97.65073561303501,49.17005655537056,52.32758001462031,61.56976547187292,65.39446576839407,66.8497117716162,94.4150350108515,71.00072283951913,89.41395555090268,53.122991746340276,55.37433293076391,53.61137240788156,61.683866987697236,70.92511009145798,51.96576594481256,50.907857402496894,63.45311451770145
2025-10-24,71.51372461887583,77.15703506209644,76.65485075776294,75.12347786895823,78.93277069479558,61.28360914385313,53.08897900794432,66.82821172592769,81.87713135807635,65.98730898463779,54.237665997841,58.50608609495956,83.4264912833842,66.22751818721807,67.96853115315045,44.875171930407625,43.870856391365905,64.33702676475409,78.32798229786204,75.19486694402323,57.75806858392309,75.1631440865234,61.54285372473757,87.80600646790955,59.1961838555484,51.56406708665591,66.46734260092401,71.80270979400596,62.220940762322044,63.91593703886246,81.55564403373037,66.59377555403975,68.0198774894849,97.4682134212256,49.68563816665643,51.89007530500213,61.79944984980133,63.78651717375211,66.21742449154164,94.40925637642415,70.74320507172447,88.25855198051624,52.85822144692365,55.55717842894794,53.56516453986543,61.721467092373416,71.44616442204375,51.78774444533172,51.604509386170925,62.82848594424719
2025-10-27,72.90588840775685,78.02061976872736,76.38244635491614,74.90644570492633,79.09612161933751,61.65159671480349,53.67325527171067,65.93829695589079,82.2360813561057,64.60535440632209,54.14158755146602,59.362927162236346,82.2521730940473,65.17680677233162,68.118768136085,45.50212234258781,44.013842671677324,63.123247855839374,77.02065463692091,75.26840317787486,57.080961154233066,75.26595204874847,61.66359299348561,87.37702130742406,60.28025601536249,51.869436658692095,67.27755316869204,72.46676433508253,62.127633612435254,63.79177501006982,81.31327893836541,67.04889541576094,67.5789353140108,99.16415795618538,49.31642687175987,52.00148601291866,61.658041200127336,63.49961896367695,67.67163468548728,93.99565706488312,70.527963651409,87.6743394066349,52.87991923859677,55.500923969169456,52.96897740419734,61.460094771136575,71.88309266476023,52.32233817541643,51.61689627114613,62.865562413517964
2025-10-28,72.64317621790708,77.62959479775371,75.68327360759551,73.74944352396534,78.54246040767183,62.211486780394054,53.44593960695689,65.71053240990572,81.93606923383796,65.41452767897808,53.64127250157321,59.527622174872775,82.1958774852648,65.22109434773928,68.28542014786359,45.52814103972345,44.36426972234381,63.10478238157724,78.37597129973847,75.30188996456873,56.11684093295614,75.74791900288889,61.905848599497794,87.40546281465892,60.123988662116524,50.78411135203796,65.9804315564804,73.67055733765399,61.76493753402201,64.41074506178762,80.0201920186373,66.35064969058523,68.03911335268072,99.06256574266877,49.582299223124366,51.99439735924714,61.530127601312245,63.069258701734064,66.86843820591545,95.3234259035473,71.64206273019032,86.76837672859229,52.29929427867178,55.30824190424588,53.14960964353702,61.348450653638054,72.24306144579059,52.29657631874173,51.557761133886714,64.40100919660856
2025-10-29,72.2626520317409,78.91317517649809,76.7862671028249,74.12214828091736,77.04410554133057,62.23081110757573,53.17156286482357,65.72373543646134,81.06972864059364,65.91110558260537,54.17224169473205,60.22820029573723,81.88234185062906,64.53377295868177,68.52599005255988,46.334710284211326,44.3950646099975,63.39084992338465,78.19206387263073,74.92372016907214,56.48746311430622,75.6676182276226,62.15615756954544,87.85017906027821,60.33329312055452,51.06820489734143,65.42000831212134,73.00025486398961,61.73861793464154,64.3987906865933,79.6033179517109,66.51074779397547,68.65987108793846,100.2459580290175,50.28749904385814,51.315248670889716,60.818678187176644,62.88684580203577,66.92214611920456,95.09642840328152,71.2472325129991,86.50463959874399,52.552675817723284,54.57771846912674,54.409802576875954,61.36133121923788,73.0062286127412,51.99413156126046,51.854734942429474,64.46550112757456
2025-10-30,72.88446456695272,78.7565721812618,77.98694540425602,73.0244142009753,77.77902516442157,62.30473524698505,52.632850226857684,67.0193101399463,82.58240216973202,64.55827095395506,54.268094461723194,60.65471124677359,82.24482004421318,65.51925013217613,69.42794257265493,46.45774714446571,45.41758395980363,63.98751545272627,77.91776786634472,74.51102161726854,57.1941795322098,75.06998127600217,61.90200104280882,87.6399666301468,60.5482525534878,50.96950468684196,64.56409428237419,73.85352426755846,61.48945194944196,65.71283127843988,79.84567226354362,67.35893979390829,69.0943889522072,101.57295504179427,50.57512771069631,51.43606815204953,61.48721639673857,64.46978950036865,66.74183556328015,95.8553881684135,71.24349574885922,86.94351367488949,52.57483593868136,53.41268603539733,54.300990329141605,61.977747094035266,72.44971208219877,52.47518137205629,51.95003244865903,64.34217391489997
2025-10-31,73.54766239986695,79.29475981410641,78.31560782476919,73.77005042006192,77.93715358124633,61.28841090893806,52.43421022036083,65.82085705880002,83.1270580610175,65.13944241349402,54.78155215085758,60.952096880177095,83.04475345797647,64.49437180953369,69.35330122386213,45.80503758728654,45.25513054023462,65.03011762363619,78.77426713004513,75.0061349616388,57.090397605611145,74.32778318412062,62.01788325370383,88.61878826391417,60.79693186260327,50.16766013468118,64.63167070060372,72.45389640218791,61.98593381888021,65.25901058874084,78.8750110428765,67.91214856447148,69.48197066320941,101.80928404211085,51.695823128353084,51.76372631398907,61.09192642882599,64.80538961128678,66.5511751413325,97.07736818346258,71.4439552240973,87.27446060384936,51.82195581845372,53.445465637680314,54.27044600687616,61.34620237287992,72.28941249157991,52.704342181464526,51.947772879529886,63.43998318330324
2025-11-03,73.34699206316658,78.92450779324187,78.46730584730884,73.83317482620949,77.61701339827148,61.012827888299995,52.46946970330089,66.45775829586647,83.3590067315328,66.07304901619594,55.40586239082138,61.87121724476565,84.18914025095454,65.51030486139697,68.55815203099992,46.10255349609641,45.809855398823466,65.94630061834626,78.16947265960927,75.50083493448606,57.133347482190544,75.7134194841468,61.16345476454046,87.93966870584406,59.70602799029867,50.240263227354355,66.11151595416355,72.42177629364703,62.048591914763186,65.6190806804838,78.78334022253686,68.16118018059923,69.75502218015663,100.95205814114759,51.6472277614464,52.149206678088646,61.66185347483337,65.65237583287498,66.7747866127185,97.42337073714981,71.98193235178557,86.7569187262643,51.49352782352052,53.378808443577455,53.5828808181805,61.59632908239081,73.0517796686387,52.33144378660367,52.17431573460317,63.04211541753192
2025-11-04,72.60514163398135,80.56363817706541,77.68480828206911,72.894629056787,77.78384812259634,61.17688059560044,52.82073343856045,67.80112669762082,82.7137096820754,65.69196139885986,56.30444378298041,62.45500148761952,84.8654236515895,65.12501754248544,69.33440184151277,46.47433231863064,45.89676448381059,65.56168831496628,78.25292052148902,76.75577161332869,56.5117334128574,75.11027943010711,60.78067192339054,87.57913502366856,59.6966329790908,50.72416741248266,66.41726867066228,72.46585186979951,62.22070072078506,66.02981796123395,77.46951441258652,68.89551207770403,69.18093308914322,100.50531669797968,51.82335279323452,52.10989795939055,61.96283600302655,65.74555529256065,66.5818648225294,98.92418112746168,72.49342030200012,87.01942274388156,51.8513683486548,53.0036366188993,54.760949893764455,60.93001460334991,73.13449818443817,52.181767238431085,52.00532901089948,62.7563917996668
2025-11-05,72.04699689410111,81.52672091707728,76.75455188882879,73.6151318063044,78.28994507015544,60.944306491021436,53.102811028293175,67.6941538613324,81.80802148693202,64.97952552294136,56.674698559389846,62.83310124337754,85.07105639062162,64.87054081186533,69.2024929147113,46.32327967423359,45.10193646296215,65.60185928173749,78.66282656341711,76.80768281480192,57.52040643333714,74.35952719592152,60.380173954304915,87.6957094253657,59.84233106673903,49.76890470900437,66.81877293422635,72.64602038472225,60.915875607496105,65.95279999573978,76.84566665440752,68.58389953310872,68.26138841829487,100.92448009781153,52.74445443333282,52.24818463866813,60.63916339594023,65.9335903757627,66.45239672346075,97.84098748453479,72.75022811157153,87.7883664198319,51.505901329751765,52.139519794669866,53.67034553797117,60.525759604085074,73.02085988118698,51.91319992333019,51.6511971481307,63.11379894813223
2025-11-06,72.38122200501223,81.68960537275403,77.38380883619008,73.13357226737477,77.43768798436241,60.626803789333295,52.78973914837747,66.31969606958657,81.36291785400672,65.70143282630539,57.13040215041132,63.163958592155325,85.18309896835362,65.81729128581306,68.4727056230584,45.878489287720456,45.61187664812945,65.61997110707682,78.13662658123636,77.23277534758563,57.268750571983304,73.73934790238992,59.85992725299136,87.97814826545905,59.96562269073156,50.529526735138475,66.625219733476,72.42323085709113,61.79918392375804,66.60607586148376,76.95709543161308,67.52160895245727,67.70944857852416,99.8662276942315,52.763684228777784,51.983259566575626,61.618983325080215,64.90558379391707,65.68512260059988,98.08062769829712,73.13056477169411,85.54628963168311,50.61977389733897,52.00225908653512,54.40309581892041,61.679194007777014,72.71881666290912,51.824687160435445,51.220749612162244,63.514707512089394
2025-11-07,73.4960892282392,82.72211444664698,77.36137031134359,72.5228880455009,77.44403581514634,61.46973679626211,52.57873006272246,65.12657198426423,81.07053044761705,65.51836443106757,56.09930536211045,63.310692729609585,85.61522178022024,67.0528768908053,67.56644190293312,46.21486865004676,46.055007483468884,65.9618336372466,77.35389264977304,76.41466677643774,57.324440997871115,73.8058743121857,59.525985534939466,89.12187710388726,59.725790395685216,49.58165199317356,66.47610869723502,72.77189693776482,62.01087486917768,66.82906083692673,78.11545733745733,66.77306452548932,67.42316492444701,101.42119649869572,51.735782313935566,51.95535493500264,62.38090413597135,65.69835055086213,66.1201551301642,98.75522018780119,72.37320765349969,86.72909409105579,50.01593583394074,51.4125872912663,54.614521121113235,61.375855007519576,72.86927950382568,52.04841237299027,52.139656122107326,63.79078468852462
2025-11-10,73.04289373382609,83.28361669582395,76.72058244873648,73.18816770021294,77.49410246109734,61.716443780755114,51.65077120200833,63.67711155652982,79.86241005947112,66.6722073645322,55.45888204297653,63.776024895147174,85.06741109533674,66.89212281014589,67.53623277307634,46.9808166891078,46.324989811581794,66.21629812865342,78.36347080896154,75.93234015300739,57.94014570017679,74.47409539617475,60.0580709019177,88.98383033384772,59.465170896958554,49.152249290945996,65.94168505925992,72.1076194833693,62.238778149176625,66.67663990560996,78.45317550949898,67.09963429108933,66.71241660324793,100.32194076480634,51.6176182245742,51.55419495744762,61.83410565528765,66.82188786318221,65.11403200779144,100.77344810868124,72.58257902491329,87.58868144184456,50.452131693813854,51.730762463043355,55.529705954339015,60.71509504960019,72.75541675819954,51.606406590492526,51.26278333760328,63.370365315063296
2025-11-11,74.42354313468516,83.13927258712593,78.25753976133062,74.73077855270967,79.85026072373374,62.90372213784538,52.883238992377656,63.88450586113535,80.0449668247469,66.86907335142968,55.45891654096875,63.87154555526805,85.70968584134508,66.58125196638028,66.61221661004627,47.15195873359663,46.00515722973318,65.82725043603146,78.25168423145433,75.65028824173893,58.5868888586831,74.35001961464629,60.75907409606893,89.16734044868856,59.41255027035864,49.23007977444321,65.09543950728258,72.35181144278454,62.76955364611645,67.34058961888447,77.39949187398987,66.08810603648593,66.355251514288,101.72072277048632,51.731806577218286,51.15635009555373,60.942188727224654,66.36639284160607,64.62650108226445,101.72072688869642,73.32124309424013,86.67389680904992,50.83355459796356,52.06850170733114,54.878481404509714,60.6642257689003,73.00380479858765,51.690715316505845,50.39336941141522,63.45355066608301
2025-11-12,74.89858366607164,84.46296263142138,77.7359064849867,74.32426683556636,79.68365412010048,63.08717478381818,52.934570026380115,64.27173387962624,79.14935970467654,67.13497300333509,55.04881573098517,63.78006155617582,87.1861925280385,65.6567627627378,66.42631702004667,46.554752502785206,46.075630314195834,66.52090253572722,78.38455489840884,75.56204386987017,59.37035069633345,74.59615475699712,61.25908098813534,89.80740275560647,57.72804384918491,49.19235012555765,64.39743147718396,71.7542668411824,63.70200275033746,67.08866576194995,78.8782794331691,65.1643087690337,65.64006119567324,102.49915479362612,51.55551000725245,51.313809377579865,60.87378490741412,66.27183755811942,64.43018274303759,101.90347279894374,73.79321281278692,88.08453559228168,50.73071444498968,51.86394301945177,54.592510131887074,61.56244352497112,73.50951174113747,50.71835331594858,49.423617653517,62.92902939563112
2025-11-13,75.07115785368286,84.43469749069524,78.13710601725205,74.1939841031257,80.80498505746084,63.57616337788238,52.97565080227366,65.01209512167485,77.85496201562518,67.07788240622872,55.1245666985073,64.16519897709244,85.70355578193681,65.48601043958678,66.69286172548472,46.777424981643414,46.625401167457376,67.02939640240328,78.33687550042131,76.07379297332054,59.250920684391495,74.70572287099915,61.74790964100162,89.76672850339163,57.93739209102727,49.667520770425014,64.8576842895308,72.64481657719078,65.20267432943717,67.56191196725297,78.51525774520141,65.49868970966574,65.94851637353136,103.12993103036582,52.33206359563148,50.45686382155922,61.802325960932215,67.5095590057337,64.79723327561703,102.50866903167164,73.61511061993004,88.09010622548392,51.08602908251159,52.19357135295881,54.98738490549579,61.94944735964177,74.17288922126146,51.11890195748021,48.919931640501204,63.45495310912086
2025-11-14,76.4794671305675,84.4122182661066,79.31758465560421,73.51651810633632,80.78093895568432,63.16984359192017,53.711364131485375,66.08739924060546,77.77777120548394,67.86802316462953,56.04201849638029,64.14408000263366,85.81482970117182,65.9681923950445,66.13330956430158,46.828954162640976,47.63526523041835,66.69507687580241,79.00859989835239,76.47331633033345,59.15396728569353,74.87149556437481,62.83965493554086,90.26505263236653,58.35010551544171,50.469027778490386,64.67025073895657,71.88825435270174,66.36593908810572,67.65421168411534,79.22001492428357,65.00127246914056,66.20524210812246,102.00484699510524,52.36543060200225,50.13099891946736,61.26228846578577,67.30523206548813,63.328090573856485,101.32653752012537,74.19334480982639,88.39689891586005,50.54020645253555,52.48031090322225,54.506592782976085,62.39831838108512,74.08716595375496,50.95297245676337,48.875403655499824,65.10006442632971
2025-11-17,75.90133597980231,84.60367826469063,79.93977507828366,72.81237948515503,79.50329404335046,62.79126977515005,54.1208350994027,65.86176411393687,77.59822970838303,68.48896791844768,55.59194456722295,64.08717398213894,84.52551331272332,66.18010460184597,66.28526449535637,47.20298127918471,47.09283149119866,66.56722001624011,78.0049278618892,76.28534178955378,60.037030121228206,74.63172791514997,61.987151144952335,89.65344072318273,57.417644336741105,49.819282506985694,65.10563874515917,70.85602902410379,66.57354292444003,67.67162993041525,78.80005525689111,65.14922096584897,65.58736237296885,102.86616513759097,52.00101560694862,49.93768303348548,60.9534798160977,67.77088728820631,63.673816797218905,98.70457864566156,74.38221614246697,86.86810732319438,50.36799581785978,52.423571534454474,54.31503523236179,62.71160499878423,74.62257564064451,50.560388851521765,48.48121033874017,65.07665243457494
2025-11-18,74.73862040393435,84.20109822548035,81.02472199995886,71.72382523299044,79.23334886451667,62.420455824918264,55.21705718424208,65.50847020190555,77.2267967558549,67.78663358416355,55.59712698063818,64.26055051040804,83.78007602958782,66.83768786646783,66.46518344636776,47.606820842354544,46.93855643407379,66.72929805915608,77.83887907968958,77.40548335602321,60.10687224920833,74.63826142400407,61.70374981229406,89.19205289585894,57.554301119487064,50.22927291876279,64.66147483746411,70.94577486131142,66.69626405234816,67.91457541701587,77.46596929666116,64.54954180398278,64.69763098362236,102.89999764872388,51.5346045789196,49.690485571688676,60.22985394037011,67.49816054557786,62.962065037929946,99.45551107541208,74.73953202175136,86.99870673137033,50.216143088245666,51.36615337768588,54.06672945349072,62.23589683287346,74.80732635676941,50.87468806734229,48.63885192226267,65.90380813573108
2025-11-19,74.3150748603783,83.68922247021754,81.87003904234551,71.84314112313251,79.03788498676447,63.58377010874153,55.53698626511382,65.38376647407674,76.69887624043601,68.69182231660062,55.712330570052224,64.27630714931395,84.34858110086044,67.42851432357814,66.83166219520118,48.029519032805645,47.15090392278576,67.10060186268207,77.27145863707108,78.81955778389413,59.369903051254994,74.86953306357374,60.88440299137535,89.10457278779346,57.22643449119836,50.297508412248135,64.88283844270516,70.27053044675358,66.67664859483547,68.86770971395028,76.45605131236599,64.00060146871508,65.2569224599461,102.97983250361568,51.61256057663035,50.20107802525124,59.75348138688362,67.14852748784568,62.55874179806719,99.10980618188393,75.74741992936433,85.53130526956198,49.620019058732154,50.66942291252361,54.829915802497595,61.85469178432355,74.56334925763186,50.059844043653,48.5113976508956,66.47736033648243
2025-11-20,74.50329804170308,83.59900055161663,80.59883900593104,71.60791596596354,79.15408864817108,62.95624757817897,55.901886623502364,65.9650261044403,76.29447848520059,69.19222351707415,55.65122561703269,65.01789044136524,86.08192799589791,66.69508985299557,67.34790506937209,48.660394636226656,46.695433525185166,66.7158000309573,76.81968235097585,78.71496965093561,59.158705736404514,74.7212254025687,61.396750891797815,87.43122968721909,56.67181509480811,50.63559675263346,65.2424884119964,69.5306103244148,67.05088542587463,69.78758184188547,76.41857676229306,63.358740639843944,65.830395836917,104.76959674808606,51.157221327627035,50.220786857331056,60.40845093841683,67.22603386285626,61.475149549122975,99.55025241018942,75.00961438404846,84.45131601051746,48.77007377567929,51.27619981114799,54.37414910346469,62.06121987641522,74.9962891247162,50.140915954770485,48.65548183146745,66.7311542779927
2025-11-21,74.6062564479992,82.96592403920602,79.91718199488746,71.5327803162136,79.05428761548575,63.227112193410484,56.521134504568415,66.19227390001662,75.67832051908925,67.69937319043059,55.224943658402324,64.14958141666787,85.45549993546783,66.85687261047279,67.40476429699983,49.573044263211905,46.9215562891411,68.00175269197709,77.37101923341112,79.57423951929317,58.946764356371574,73.92263703560795,61.12172195281897,87.4208526264556,56.316941804505525,50.1311914324648,65.51501128960942,68.83505394964341,66.03050918633745,69.00888208805846,76.23969532470298,62.73400718596906,65.68041446190819,105.4005722579524,51.451936102349926,49.89000902257574,59.62587329045086,66.84017664501955,61.87953238538751,100.43939676115512,75.27478335512015,85.47206410613109,49.62074060288336,51.02901660332011,55.18849309641824,61.899730137158095,75.76505124440051,50.4974623839098,47.70298130303345,66.08948474264623
2025-11-24,73.70064059801601,81.50052805559412,80.62300440376194,73.02804380932925,78.8508486681917,63.769483840776175,57.36652146401061,66.33031713360187,75.65916644103403,67.53324816147959,55.52260959627199,64.71315516827745,85.85105025907924,67.1432727458394,67.37025993649803,48.789624537410745,47.344675151922615,67.13377217955767,77.85173141195503,80.17788933970094,58.2783352656265,73.4746973327852,62.43225589970478,87.35139618284802,55.633930353152984,50.53429376410764,65.0107437255069,67.52567392747328,66.3746091542476,68.37922456546589,76.48496201138276,62.226240239445,66.14655544931593,105.59415810124078,50.13683695306269,50.08095960897647,59.45336847659581,67.79385271731856,62.12456903741577,101.20175582443345,74.74182100626935,84.79943749346046,49.60801484695682,50.845329142469645,55.931882347041714,61.804898769416184,74.84272437840752,50.08127952360927,48.16556795007561,65.97903761684135
2025-11-25,73.53815399065473,82.36918307277217,79.88885780851265,71.41384557513771,78.18121567673403,63.9240498211747,57.223563806219815,65.30331289614828,76.43182731291685,67.64375327143911,55.739021370373464,64.98526871570995,84.74346028147065,67.34694384549803,67.98439619604255,49.349161784532285,47.68738938043564,67.47914081218342,76.5108014082165,80.16591594443851,57.723517511994,74.42283165115248,63.14198105369556,86.52502964345983,55.6083567620392,50.66003242783753,65.59900032571633,66.40362826564721,64.92406576254743,68.40531519763952,74.5731093888648,62.324992164088634,66.53944269881525,106.90748644595793,49.82567054069902,50.1617460130125,59.841977560850665,67.00145414857163,62.69583546059497,101.47977626402897,74.29066652076882,84.9194122139217,49.5389419072493,51.243511348695925,55.730633162912945,61.94541130388248,74.37944206056103,49.613791408461644,48.248258594029316,65.39000401937197
2025-11-26,74.1292488957784,82.8584475330336,79.2799490035161,71.56667770701507,77.58176488314602,62.906690735680506,56.88282877192006,65.27046260499445,76.83139030204764,67.74494271691147,56.247253375145924,64.35077306119264,84.42483354040834,68.4635297887254,66.68415780946081,49.12662937410633,47.17914963102723,67.34741638345882,76.17912315947747,80.65009566104631,57.87120162593244,73.45746976404341,62.77169388069951,86.52492836672839,56.02103808522283,51.90768474563392,66.06165117868167,65.73468382792655,64.86316618736745,68.52922462374804,74.18678759550332,62.618770521226416,65.04511618261371,107.50048337051096,49.58887180064407,50.10674612771835,60.72555473125679,66.16152833971583,62.86705245553447,102.28865278002377,74.41731844753792,83.55965367983947,50.212451397782274,51.135320485050784,55.437405435037654,61.753379672416756,74.09574611922524,49.02679821416156,48.327910054067246,65.0006372024192
2025-11-27,74.62824531546813,83.28843095098559,80.57931194084995,71.41537905289556,76.9610856891404,61.98888567657029,58.144247588286916,65.70405740617252,76.30123202880667,68.90173517201632,57.01525336014842,63.48706423605698,83.79110412550277,68.37299544186865,65.97438493510825,49.079206043595775,47.51624579734701,66.42888204650241,76.40265572367785,81.59801783609086,58.103277986054444,73.40194489867943,62.353712913214544,87.24680838955179,55.365579896476824,52.03386546977406,66.07850944391055,66.47878063860442,64.48627611771236,68.18897759927017,73.27118498251318,62.893192121631145,64.77002802048048,106.57773278892996,49.2100704764485,50.376596256481335,60.05945600493706,65.49393162872886,63.433101596183896,102.1188713410136,75.1317425901215,83.25991608987792,50.21188605927753,51.21530711164509,56.211840341686646,62.56508868548541,74.9551919055773,48.71947571924624,47.85334139058529,65.49704241107463
2025-11-28,75.66280226373081,84.26257722891715,80.58982762871727,71.93704233624304,77.5368874311202,62.081282445324184,58.25620944295896,65.76860741399764,75.70226797193811,68.43065092851874,56.61669640691955,62.47983124356704,83.91089358117242,68.34525983852319,66.47900616195797,49.701872863400595,48.14968581056359,67.37786739574746,75.82640978956393,80.43789352650468,58.64659503661702,74.42350109610051,63.3315195473009,87.67097987969241,54.27105673437216,52.22445439940277,66.44655768921658,67.31637757400058,65.41481191712967,68.81207698055903,72.84213985346707,62.249266450197794,65.11679979750427,105.73653203264293,49.94136703885049,49.52517458981215,60.40089188328221,65.70354235806379,63.30207858853474,101.17850947010636,73.598553898169,82.81862263036366,49.95451747514582,51.787863216685935,55.77350080177382,62.849007286368675,73.99282253307491,48.95401285094771,46.79441894326551,66.88387785462592
2025-12-01,75.55614186914966,81.94045586168721,80.01346545613444,71.30986680211406,77.03005024611804,61.85532061604182,57.87146988915386,65.23385044066069,74.83018081804896,68.9953238137319,57.3008402339643,62.320976235844064,83.89609581548598,67.57978506723339,66.52623678615564,49.81630068092755,48.044161870671104,67.64526346395012,76.06085426485029,79.5944195136145,59.35046719638262,74.26912381443493,64.40162465631457,88.04034262451559,55.351313572425475,52.84185325344816,66.59768898885643,66.83136392229179,64.95748896335965,69.17984824576455,72.94647060003453,61.88367969704771,65.66152757998415,105.77753544105416,50.36214271649122,49.044419957120176,61.00760861517674,66.03354014108221,64.06472256043875,102.17230801484847,73.53605597457516,82.68177490046239,50.85321017941392,51.637602426172144,56.1924944658487,62.60976585569885,72.62790866991038,48.35685319438635,46.984753304820686,67.35446973079945
2025-12-02,75.86596121197378,82.88485292898439,80.32713950591817,70.75918526078114,77.4892045457059,61.960321183555,57.53934272073307,65.54282237621928,74.88959723312988,68.57916188493533,57.199012236647086,63.20818091818953,85.06264259506739,67.70705215741282,66.56434538202583,49.107501025532045,48.8773587513125,68.3499448111208,76.63495081209003,77.80429821276252,59.37475995101652,74.1747664270218,64.84287363567377,87.64414770316147,55.22320739879948,53.17017832392445,66.08449122653657,66.44882239377536,65.08319056223321,70.1120353022971,73.5386111524888,62.55277057345283,65.70311552685045,107.37087327016026,49.492836009028274,50.046311632124066,62.33457062217818,66.33574952518842,64.60013423526226,102.1334900526053,73.3821090341852,82.17823598265687,50.828292102694526,51.92547258593755,56.428933711155324,63.86601036797094,72.70077250128763,47.64223546925284,47.76371532038913,66.53710244536217
2025-12-03,75.44275869121955,83.11039313827202,80.66294427613,69.74376122615563,76.91292271548443,61.04958327961987,57.89818666495997,66.323050377536,73.98013503487078,69.26538770478807,57.73389390533612,62.792964050463375,83.39281598684285,66.98560744505009,66.16929302203113,49.87044296824097,48.819569766977935,67.66523117354116,76.74833827966533,76.8029614456411,59.68093483621084,73.45311978262345,64.30528221196478,87.9738631489436,56.19825045094701,54.35168179929364,65.40086197018766,66.05356475378616,65.419581779346,70.9363049070787,71.96427052886655,62.60742603710695,65.38382574446993,105.32478164428389,48.835438799632435,49.76296659822941,62.371243495867425,67.00786422520561,64.82944964072858,103.10584459571923,73.40172253612764,81.60096096787484,50.734980895307594,52.28788210512029,57.014616096881156,63.771638499920314,72.02842679808892,47.80241920446186,47.992563276378,67.36239432085075
2025-12-04,74.93241522524593,82.55723326380539,81.27519724426466,69.46017982444418,76.56783395390518,61.820051721365886,57.10981593216592,67.70090421299444,73.52829201737217,69.86833969685495,57.671113782424435,62.9635918775297,83.17395861441895,67.56185499625522,65.93986992133121,49.58552900640687,49.71291062755032,67.6851159646014,76.2315012535853,75.6668637928076,60.80477975227524,73.0488300897441,65.64491619467016,88.3254514266888,56.27860682868454,54.44407320605964,66.86628959868135,64.62128297535018,65.55995348867305,70.74842850503043,71.81108270327508,62.700976167837695,65.20997014690431,105.52311636442464,48.82392599979754,49.113575483146306,62.60956037690421,67.48939898804002,64.4789822240529,105.04985414003363,74.3886309682841,82.29254838316888,51.15876510981925,52.3036215326434,57.669092923557116,64.78124289870367,72.6127915068114,47.53058581773688,47.9735229149938,67.7499427523297
2025-12-05,75.56279451370604,82.49329499106311,80.81582558836983,70.56933530893684,75.75116843360053,61.240850323447575,56.356902793448505,67.06511598586279,74.4511872786266,70.7689918893997,57.6284267038803,63.27686601723601,83.16522200025366,66.76131395182377,67.41882860319652,50.27190824548104,49.88941542864083,67.10827794866402,76.06022310496759,75.14473685025531,60.86414337841683,73.27557653135489,65.4213661600008,87.05013148580456,57.491382528899024,54.57354614754871,67.17229379152661,64.34889231753431,64.54385616408629,70.68951922776063,71.579348189311,63.14744319625504,65.80350795784152,106.33349517851613,49.30883150057358,50.00745733857506,62.85412123979306,68.23534540873061,64.7982061073012,103.07271240109411,74.27377420677384,81.58157552905121,51.27730065633407,51.891526577830014,58.019443531139636,65.4198926385136,73.49201775327577,48.30649537283833,47.17617564793619,66.94247137956481
2025-12-08,77.8078384852009,83.33030215568617,80.99741878407531,70.59194758902585,75.70810845094793,60.06798416598414,55.923318534667075,66.99014720008802,73.9201242037108,70.35610619714366,59.12201027414192,63.11782805516142,83.39684306551825,66.92343087921921,67.81740887279103,50.032540775588544,50.515422064688984,67.40660604462091,75.08747686240764,75.06399666017339,60.75945691155018,73.11588879124947,65.75540498832615,87.60441783419066,57.78918216214868,54.75881805702637,67.22984324260794,62.97939758515242,65.04789596616351,71.0355786997587,70.87792184219478,63.32487253235809,66.23125849145679,107.58624519787048,49.56109829243835,50.16854111024121,63.452032623551226,68.02649703260239,65.06572752270164,102.4344982526481,75.1030285493455,80.27886094083296,51.697816349115534,51.90071684220021,58.582268236409554,64.91124902636895,73.55817826332762,48.335792524876226,47.38131001867554,66.24486781481619
2025-12-09,78.30444175072608,81.80622272270853,80.4582862370351,69.49736103359271,76.33774146453457,60.30881615820374,56.178932886926624,67.98434416660744,73.68694827338011,70.78629680455663,59.16105690135437,63.06342213894287,84.49367791900707,68.33130019658489,67.52542971122485,50.45141556447046,50.6768828072403,67.63016760658641,75.27330595195335,74.8143909294269,58.61982405464433,74.246734232034,65.30016394667939,87.39305848319992,57.66201681640759,54.33129424479712,67.39155047854916,62.95149606264692,64.583470263779,71.14171546374605,70.85450290279395,63.91515934456152,65.34942924886963,106.72323702107336,49.92187050883751,49.84861584943147,62.881387018880964,67.62612562376759,65.00005814767077,102.33500184968362,74.94550882597726,79.45737256957516,52.099071803763785,52.59361895212701,57.47371852053226,63.910619128406395,74.29957293501526,49.10055291276,46.3831412380233,66.78726107805339
2025-12-10,79.59753520362693,81.10374928616906,81.73935154795694,69.3737697309457,76.57830656835046,59.87661120494001,56.74412417413187,68.55401447356542,74.96885678576858,71.81343012803973,59.15564388613893,65.05445619600067,85.64275566556041,68.70164180734744,66.85544287242267,49.68536772953264,49.94985327412798,67.00166668667403,76.31721961716634,75.17969248265976,58.261366239654976,74.14592442875936,65.13207184173532,88.09505163962965,57.15750437177982,54.52161595478808,67.59408667489443,62.41938261630526,65.61724615277242,70.931751486397,70.15457475421468,64.46261017326775,65.38505150290095,107.16001629519047,49.33394558304999,50.25524362435577,64.26238640518169,66.77748980689306,65.23070231736202,101.5345024720045,76.9886001644344,80.44848233363672,52.24625462012668,51.95178749432664,56.90978037018786,64.38935189385533,73.29411226671922,48.451299393381845,46.38723763709848,66.87642588459464
2025-12-11,79.9006063547777,80.74806003530536,82.49494431730226,68.77846527172231,77.05968689859097,60.00495676937611,57.08598289497646,69.36912942047098,74.62827530931196,71.34025343228835,58.16524810595738,63.75417587526798,85.49217907413238,68.62781152220927,66.13326600930853,49.25443827790191,50.716642248293596,67.59107128922875,75.36044438931386,74.84787102207491,58.49838979019361,73.68288838695196,64.60747587840775,87.79757722269164,57.78431086821458,55.169554879177426,67.09879166359386,62.70751876400175,65.61303907197919,70.22018555040506,69.9464726549376,63.65278166753018,66.1499552730574,108.83662636623576,49.13180892571091,49.930103584411775,64.94368008607067,67.59456187815076,64.50779947058085,101.38429726698331,76.94323769392041,79.83078809767875,52.44830528725163,51.589423037246604,56.603148218987506,64.3241310208116,72.21080287844762,47.46509622154728,46.81516056400735,66.3831524241933
2025-12-12,81.62471389654746,82.35608260475095,82.07818135888188,70.40619251296201,77.78557645576628,59.61898321064191,55.63097807245783,69.84814293621025,74.65163453602524,71.64865256024619,58.03229715409238,63.029074284432404,85.12788304765976,69.11447868769184,65.89932077190608,49.07723601294076,49.951884660701126,67.6527427899619,74.52712907235014,75.53853543825201,58.070524985298434,73.46532689963642,66.02080802353987,87.5288246563123,57.53028773871638,55.49358780001852,65.91153194643249,63.49679614132848,66.26844511689437,70.58942393101975,67.62375307924837,63.48787289428284,65.3132909389875,110.0669684906546,49.65168242132931,50.12421366394501,64.16701682875299,68.61220787966147,64.33884223236352,103.23128233687598,77.14770629218674,80.23640391185702,52.20743822450212,52.32039345870025,56.94859078146318,65.25898682274799,72.33912067813247,47.44277452699468,47.09460240189389,67.34769653274452
2025-12-15,82.45885367281242,82.4699970278397,80.56787840857162,70.97907260287067,76.67448347467942,59.63985693981534,55.56661347355581,68.86484489525357,74.93023275264692,73.20893860783124,57.85116824032206,63.513654427493535,87.15703840654903,69.7132481364363,65.47574059411617,49.19369428096477,50.19262166743164,68.62974415024449,75.43744057566232,73.47491776017084,57.57544498012652,73.4138995474974,65.35389855266828,84.34936224689558,57.11434822683606,55.49158418055388,65.56621650348255,62.86691411516281,66.29592877661725,70.83202382531171,67.30761141780957,64.36476447154097,65.35099700321531,109.11188768951985,49.09645842291931,50.01757781610253,64.88545786018443,68.04937803535951,64.72336871288246,103.3289408117636,78.70086744737891,80.5501394330708,51.844181843359394,52.707086892430354,57.388800133270124,65.00041507733003,71.50197802506845,47.697767309110674,47.12452412326743,66.33404070606717
2025-12-16,82.66899608577756,81.94633860790874,79.35599684701644,70.72958319212205,77.66449170950014,60.364712625942666,56.095189759989616,69.05050151962384,75.37799754436713,73.28119088954696,57.21540266371535,62.941133088328186,86.62944085082927,70.69705832342987,66.1845206616974,48.66532064265574,50.21942722325237,68.35399137091439,75.32052738842417,73.08211447725498,58.390493299102616,73.4000208335425,65.49531824053746,84.5387348760202,56.5303502095489,55.55185505438474,66.26645021586593,63.79960042898458,65.53932469729791,69.76449411037902,67.34944571493651,65.08266451099475,65.58641990379247,109.85670217936642,48.43314590649664,49.73230018501655,63.4760332546512,67.95248485107038,63.33766193868118,104.7151824725655,79.9340877732271,80.6635076658634,51.06590155840646,52.90548656033898,58.46571360768791,65.3103818531836,72.3543050131968,47.466914748772716,46.715753743913645,66.2870517226992
2025-12-17,81.09145420414313,83.82283894279202,79.46689495010169,71.34531272354177,77.30688927430796,59.44038291714134,56.90073242141366,68.27865095259494,75.64140438447315,73.60660912291993,57.25772984871386,62.44923906482697,86.4999122130277,70.02858080298135,66.72224367211189,48.94426216906926,50.20868019404266,67.96660236335535,76.9246125701158,72.1367068472287,57.49551585548045,73.33985310061838,65.32652719683925,85.47172801563731,56.8967846260394,55.56825948730233,66.59883713890132,64.10796306186059,66.9325841927078,69.94147590688422,66.89230255705027,65.21198262232086,63.8912146953253,109.82084252098632,48.96541520776307,50.032683721934454,63.66582796901559,68.39509423190323,64.04030770508538,106.21830428893091,80.2925589674663,80.40892369117701,49.89804212834484,53.42553330422953,58.76770770639029,65.41016048881441,71.85817889458211,47.92726057236434,46.5957382366639,66.26423824681137
2025-12-18,81.04606495058526,84.20076684423744,78.55933499686738,71.7477981418229,76.75159683457564,59.03413319776749,57.406676598376336,67.60262783163455,76.31261312936849,73.68125956071692,56.32169937874665,63.30718376459763,86.7686981583499,70.30512616386376,67.3976943428487,49.6835728023474,50.309714664673145,68.38744916390836,77.21067649523273,71.88979690388749,56.59228093176949,73.49764612831923,66.23357886035492,85.97176981588966,56.29268503744951,56.18149210986088,66.39305240136677,62.780739226691075,67.61737285302527,69.28337840998543,68.09414175555074,65.96478035458314,63.745836620281224,110.32647582285485,50.166798452529534,50.535524109616915,63.817660748085146,70.39995614635005,64.11565123246487,106.8380994051807,79.54435728693811,79.0735136698182,49.75464087449264,53.44605696925634,58.961527280791756,64.48804740535971,72.33449916115009,47.53092736269522,46.88024757982929,66.88666524245404
2025-12-19,80.72615345312639,83.39312228003395,79.78142375058535,72.37683482358302,76.86832977837035,59.907402774423616,57.45449429114441,67.18444741324514,75.55200398700923,73.60187459583322,56.758026915411286,64.19314327707583,86.78910006490943,71.16320946272346,67.25343629197994,49.29676060912566,49.6567861349295,68.04211940314562,76.2373248172476,73.34904349430803,56.84143566269917,73.42740505063587,67.38399895514459,84.8594459463208,56.21553656667946,57.316246564754515,66.2974883542495,64.33581431687175,68.15067026880305,70.19410174180824,69.00922101328156,65.96583742243556,63.43538046842529,110.19918807108186,49.67412120769984,50.50220041270285,63.81484897247016,71.59927800565315,64.49716441148541,109.39232963369984,77.8449772878654,78.11698693415735,49.57815383777678,54.24971879671514,58.89695427506022,63.548387699289776,72.15740676498201,46.96509278010253,46.231443818402205,68.23706564274775
2025-12-22,80.44281155937577,83.53764494509932,79.70729631176552,72.19503895092599,76.22483627302051,59.72159838671607,57.648578306039475,68.14434231408289,76.2712122346574,72.7100654263808,57.321880758813215,64.49906854725559,86.24860039589817,71.29291365865458,67.63942250981,49.319961646131304,49.89583308438365,67.4574754653456,77.7718460872958,71.94749500255385,57.17084542659337,73.69720440449015,67.81863566142829,84.26045084724753,56.87666436149398,57.25438949385524,65.51570363382989,63.635300782825546,68.23571062287031,69.08233620191717,70.26298938341685,66.66140874945697,64.60489620421053,112.11260452955214,49.49962198094704,50.06507269816565,62.12870863443498,71.30900729374578,65.64607346174655,108.49046271984545,77.68173573618205,77.68497238443291,49.764418535437926,54.951921905955345,57.99734728555558,62.69764373268727,73.2381264277757,47.31064332868023,46.11168382412297,69.41192823524656
2025-12-23,79.35220443012643,84.31919205340522,79.6529241135255,72.63426420988328,74.42678003698568,59.56610494951609,58.074899770475994,68.10120001576946,77.23467759105569,73.6038899234812,56.77503916007242,65.03273178571706,85.39667810017761,71.33143324280447,68.08468301114475,48.909716165260434,50.290025427611425,67.11743516714024,77.32153563627905,72.45771329173297,56.69490476648444,73.04652096622223,68.52842206311904,84.3519712598753,56.055593837660076,57.74638359218929,65.24985681003079,62.74872296979039,66.54609689232072,69.70926351545835,69.66137564377146,65.83737974719087,65.01930519865151,113.01964800745768,49.1115382848273,50.52407825762686,63.41859456906893,72.27579457795265,66.43263055093497,108.83179869515254,77.33781132424615,77.6415694488967,49.984235087408884,54.26522163466988,57.5528383669653,61.80883809484544,73.41057541253336,47.349952995525726,45.81168897923614,69.98379542948614
2025-12-24,78.52760539282872,83.7395306256395,80.2770689213191,73.31204551483201,73.83689668710626,59.70448417827796,57.62436492222734,67.96694194099705,77.34584987317362,74.01749902411166,56.955619987933545,65.21061956858271,84.4806250347364,71.6089349230369,68.46090978430321,49.24783546143514,49.92947721047988,67.73477457254224,76.30970811584213,72.14622376735791,56.53891447535141,72.13017127614395,68.32949169052173,84.53900181913126,55.04143270683518,57.51891451640321,64.11894296833515,64.04292838819671,66.6876518460882,69.79703339102612,69.82322891139414,66.23658571589758,65.65841533341,111.26626810150739,49.75922028454077,51.15745720961923,63.37653243586172,72.19003339500863,64.40303451296874,107.48632686414645,77.7401207859157,78.57936610291367,50.349869468598584,54.22415023699444,58.67197475022784,62.43325842984218,73.12203372204749,48.39453690307307,45.312258552211595,68.96128906927548
2025-12-25,78.19761670385313,83.10665257038899,79.98464641325987,73.89948315393903,73.81181148808874,59.69953084145337,57.658266555162186,66.41335621768876,76.18269343571718,73.73285000651802,56.47754242055284,65.05964455032613,85.67520858271777,71.55564227141527,67.56169903238748,48.85879575892242,50.79090550668931,68.7808005803528,76.76577790672991,71.02771226685556,56.712645025891476,72.40746429337436,68.34694541385528,84.05849094604336,54.84219684871691,57.152131878231685,63.38892127085584,64.9237492562571,67.27864959124177,69.5984441468122,70.06956469381015,66.49521389103889,67.21487740183566,112.24139083019871,50.17633368378256,51.17689102047345,63.101806764081125,73.19514526682202,64.82449057588889,106.59837076410537,78.09375910943955,79.24014154262086,49.30560257652178,53.7262934492341,58.885202561276806,61.24324196103159,71.84194003605839,48.263825038780084,45.535536663598016,69.33315065524877
2025-12-26,79.44485758230115,83.17504746217965,79.68713603082945,72.93963915432914,73.52845615767322,60.123420321730336,58.09391066771975,66.58933131033201,76.60064261825816,74.67999572908843,56.520070111362045,65.95532678762132,85.05490881122758,71.5032176074055,67.23761969774174,49.24764110251474,50.278244499953516,68.55984338293514,75.35137520210458,71.45114113608196,57.424159096336446,73.06989666170958,68.90461438240058,84.76704790650092,55.22726991066589,57.504352982207315,63.82074137176593,64.4994483869306,67.14409687366846,69.64734953774307,69.83473195779274,65.46180724953825,66.38987255351226,112.49981626476675,50.63288336328651,51.18167214246391,64.87080140088652,72.52501036870967,65.11356468219248,107.9836961422636,78.93043665570552,79.7609213166762,49.83613168778834,53.75606302358048,59.87258055711601,62.034153673189884,71.23228470955915,48.419275831580535,44.83638972672488,70.39632400636529
2025-12-29,79.62319780398391,84.30448959761584,79.60003979905801,71.59817345406417,75.49347021609718,60.20228692119527,57.515746606982646,67.35667432549242,78.17610504678538,74.52896782968867,56.464006055500725,66.11251797925915,84.1152033448063,71.01106966717609,68.4464827686318,49.182575570351844,49.85889415520825,68.25062359481473,76.16411443834834,70.05319671557699,57.570576004663025,74.89136965733965,70.31841928333493,85.2543302059804,55.959111794215524,58.260766723713054,63.740472210876234,65.09870194782395,68.35582890223802,68.772710947724,70.23859788147783,65.69886380311611,66.45839866483439,112.51627991131225,50.75032053106804,51.343442386847684,65.60052992415923,72.87142738606896,64.99784583954303,107.08051621846133,78.55841519917112,79.96950205904065,49.48549268147448,54.26694164045986,60.13062012617342,62.74760269833239,70.7786895523879,48.018546359660135,45.34866111067262,70.48786628328243
2025-12-30,79.46211035974086,84.89555412539198,80.1282988128737,70.70469130943384,76.54605735075648,59.95571886786802,58.501883179604164,66.46440298797201,78.42462932857671,74.39075458078713,55.35965212463757,66.54911111628184,82.51234820583299,70.80425565991335,69.20650916247747,48.92257986933502,49.41033225765483,68.79906368722011,75.97430812378339,69.77001336883052,58.30929582163257,74.02226095367494,69.99597228887824,85.99622321541918,55.27395405311434,59.30433364922737,63.602402354526454,65.6705045622419,68.95479821011041,68.66805812100318,69.90295102676967,65.67064263705853,66.93372899353258,111.41184752588788,50.143322144157224,52.111166353025595,65.120228026609,73.12991071889468,64.86655024690413,106.9116062674743,79.69018173487068,79.90142167955169,49.309230176267704,54.120772422756005,59.82864824597252,62.32854246268108,70.42606891715737,48.82387426181104,45.67246230641702,70.244964087709
2025-12-31,80.24599587674487,83.55873417834046,81.2382234655263,71.62638298603493,78.27716742322158,60.565279617456234,58.75823363966326,67.32811560905368,77.93537310427409,74.09718206844818,55.32409783874974,67.46635326353318,81.80915640492556,70.12634124219875,69.37040266810311,49.274876706979995,49.064156183432104,69.26185454463143,77.02108577130923,70.61262313753613,58.51566267208115,73.95522882096081,71.22144294395828,86.00947108923081,55.79617675796562,60.47712523270028,64.13587779270507,65.01896334677585,68.10570365155206,68.46398561839712,70.40067543883993,65.9633869341795,68.42743433916539,111.89760767271049,49.97940075955798,51.523902703403756,65.89348647568005,73.12547828171766,63.89688988770248,106.93540808473155,78.90061376287306,79.56205400798734,49.31228348671344,53.63309358191767,59.537619437237176,61.866464753998955,69.92271773338419,48.33419178829559,45.45250321210194,69.61928662555168
2026-01-01,80.71808940142628,83.72668873128224,82.21460979420681,72.99058917728397,78.80915787673653,60.8381862728202,59.194856992276556,67.64299509215431,77.97450597282837,74.0754556582041,54.7617457310932,68.03472244030453,81.78355839061581,71.15023873109578,70.00814980509529,48.96740313869263,49.67966339040722,67.51075345348954,78.52220751036702,69.67380859230475,58.806099244811584,74.27200191210758,72.02628390517596,85.72722482512994,54.61181031190504,60.279514467133,63.995470042835635,63.70015851121046,68.13661131621497,67.73136284291817,70.85912198012106,65.80126396357015,69.78260592282753,111.61131674903066,50.194971301025504,51.41423682258881,64.8324931525403,72.97593403808867,64.38011570294454,107.58108985936477,78.66956268249477,78.41143015925158,49.63110697164956,53.85854976347103,60.04188972764276,61.69711344168623,68.75482059598681,48.59287020592596,45.44834778647653,70.59494020005131
2026-01-02,80.74128548855415,83.688629463333,82.55837061004539,72.556183514286,78.30236834561933,60.77865771090946,58.65252345900759,67.48820543343815,79.50163125144827,74.851831688079,54.93069276220498,69.09863465346167,81.11170386921704,72.9444416830227,69.68650168001521,49.958511632293664,50.68295660903374,66.33745020642836,79.68269252484284,69.47627881643548,58.473045864520124,74.66268508706727,71.30396624202476,86.15865497469032,54.10043468245206,60.38635156215536,64.85577289929266,63.946847490209755,67.89190200657555,68.0990624519551,69.86947831523108,65.25159168059463,69.48299728745525,112.49299486380977,50.39907571554472,51.69012614599365,64.81474279375419,72.40307128995653,65.34533106301159,106.83300912072835,78.99991045121662,78.32357655063107,49.91131474781547,53.533428530885374,60.67727540029944,62.553358293137805,69.43979253589562,48.66952527401721,45.25102017379082,72.61558667022453
2026-01-05,79.94459171774088,84.42937744901523,82.83357004837289,72.51082291813033,78.4474896266818,60.46934544834044,58.903537915775914,67.70236366710847,81.6591659840367,75.65766857020657,55.214802950435335,69.49748472556301,82.61759243395669,72.23999305007837,69.5592778986183,49.014761377722216,50.96695242122616,66.90249996024122,78.89330767486884,70.48050751906736,58.054202132395524,74.40742654034963,71.38927247055922,87.5431999785989,53.63813250343122,60.56248143729085,65.3602518365517,64.31140144730533,68.30416695164936,68.61961645828319,69.48296945881137,66.36224114933496,69.40581025854365,112.21901689828655,51.08286361386283,51.36521081786394,65.02266306318488,71.88160376625449,67.01244514514738,109.32810496208948,78.91286816155366,78.73180747135996,49.91391010635515,53.347136168664576,60.749907971531854,62.52796588708042,68.39183243126074,48.79770597465382,45.2318862639433,72.84264712084976
2026-01-06,79.88264445996921,84.12569264427091,83.56146887284807,72.8984353911429,79.55033388976767,60.76924653693775,58.78725559418507,68.12122089969172,80.05772532022768,77.26612277440857,55.36650943721936,71.03232959833501,81.90247340549631,71.43710120280906,69.81421493325539,49.19277941043278,51.13963735872941,67.02693791915576,78.39931831064273,69.44135785719774,58.21881587127,73.4591769259835,70.41297495848528,87.2106160836552,53.86962806103924,61.7783621120857,66.00344229460931,65.23976057529347,68.752107535054,68.87181238541305,71.24606445707734,65.49014551743755,69.11959617817206,111.84351111727806,51.54136355689476,50.86491246888023,65.52096499670493,72.29947528732473,67.55971172120093,110.20097327455825,80.13618544934089,78.69307350291298,50.17923534864741,52.95565172612844,60.16661420978586,63.64127250943397,67.83865876502098,49.11165718383757,45.47272585369353,73.70358231457487
2026-01-07,78.56895186226399,84.87877748756307,83.51299054370519,72.46242018515291,79.35105773592312,61.40256167282029,59.218707378722655,68.03413359270468,79.15095613817608,76.44489519957945,55.78500969074172,70.13049322971592,81.80575910457975,73.3782874352222,70.13579208005478,49.559270881439666,50.59989625384153,66.20934264280616,79.02572660423048,69.24556534427532,58.90610962532029,73.56439670852693,72.96217655032117,86.79967430651769,54.07966015399809,61.28969486205818,66.75489959453053,65.59334428799242,68.16256355105239,68.72232680440412,72.30244381769359,66.3813917356045,68.21703582120816,111.43494588646999,52.541252803083694,50.83075401409229,65.70692957150742,73.11884937243258,66.73237435889179,109.27949269889314,79.95712189360361,79.72644809450055,50.74428273638245,53.39154857530557,60.14305760722215,64.4286168915352,67.80295434567813,49.445749750570414,45.93526414857156,75.03987248477215
2026-01-08,78.60327467314904,84.65616956597673,84.68622441970301,73.53684778390097,79.00001418034186,60.78853596702829,60.00499685386246,66.99327693461495,77.90022584566795,76.31635037310961,55.842184976188406,69.39106924063725,81.98745839920778,73.57407937040857,69.79967620188316,50.577357029728475,50.817822926982444,66.9607395574802,77.88328210999666,68.23862043037434,59.17773896450554,74.9416450897025,72.22901389191556,86.92421402781585,53.41583219805436,60.85083203615183,66.8839354127918,65.27101867667402,67.27846858345035,67.81578326672812,70.9515924954025,66.69850976331286,68.62590833893309,112.09721770724776,52.065725414257734,51.344667164361354,66.17297715518455,73.12418315317142,66.62780083694125,108.57243988453942,80.11091668551187,81.02630494855254,51.324977385502926,53.254928954109005,60.46787500609182,63.722874508675254,68.29977280823807,49.03662816851632,46.25343168523873,77.30126554363117
2026-01-09,78.15650077836062,87.16701772374802,85.10274605589721,72.98765772948826,78.37409644683943,62.243292223832704,60.301545072586535,66.61506422507343,77.74189069960701,76.64581183555862,55.837315372939,69.631507954731,83.45456885187055,72.74884827036668,70.25107946135279,50.54050078323484,50.56485069478745,67.68253786250304,76.75335251097576,66.64275596101773,59.310761810087065,74.83816243196023,71.25844561922922,85.44997448222145,54.457115420840886,61.13323369988633,66.8970765363146,66.71972048940182,67.96962257304656,69.02630936755405,70.11931628700044,65.89144956075225,69.05069109083642,112.56282409894773,52.720453441675275,50.51413456718471,66.64021030517769,73.85116774696131,67.25448052024046,108.1317785518085,80.52746325678012,80.40024982718488,51.17484288917334,52.70240021734778,60.01086175465772,63.56951123461296,67.96528585646409,48.665950543583556,45.65621257708726,78.83217968888066
2026-01-12,77.76625582340127,87.45511392145309,83.6189010852876,73.98533115981192,78.5052166564387,61.967622361757165,60.03971835465832,67.19674710034839,75.47966571102488,76.01669827730544,55.77086173060631,69.54062085654506,85.57177674164276,72.50366699961964,70.95018024219563,51.46446566478965,50.905085261374715,67.22801508840048,75.77377000247594,67.14138069702534,60.29450805487453,75.24786858471305,72.14282456676327,87.69374563728695,54.915039896510734,60.464070508018644,66.93124341788746,67.640216221009,67.8007380504864,70.07350643750324,70.0723962969321,66.11212462810742,68.80892621071546,112.74254603185571,52.83257574722662,49.7080936663799,66.3465804084324,72.94602181170933,66.98123831484388,107.27536328969694,81.34639324953658,81.22729068281762,51.46237730943242,52.03853527544919,59.95199911625433,62.71885054998273,67.86525117597449,48.982046340077176,46.11142418902702,79.20581619960329
2026-01-13,78.751106071555,87.68257946580836,83.42382844723022,74.63454360808458,79.22008283330901,61.643655436444966,60.267689948407074,66.99926883153813,73.97870959457342,76.35198998059191,55.0535484613975,69.76924500416824,84.26802178607291,71.9837550401327,70.64320710769726,52.086657928098035,50.63422215542091,66.50920388127074,76.05035155660403,66.99585956210574,60.77306179193832,74.4902898480345,72.29510099701236,89.88636391451952,54.78379684181931,60.577080794047745,65.82867095610818,67.06571286687551,68.11314963960083,69.84271641652046,70.50426962339523,66.39365837090313,67.90795488542068,113.89305891636991,52.18009581479897,49.329316092158194,66.49901063773832,74.09810589322808,66.31219331398694,107.43390936876365,81.47340933344024,81.76300524022682,52.07532918616656,51.82868468933817,60.561702401493044,63.5587875857269,69.0868031513776,49.22851667191211,46.18407776735749,78.83080826230238
2026-01-14,77.61047891514248,87.43920103482179,83.51759754676196,74.55286924960525,79.69501348132103,60.75373604068475,60.15811798602939,68.34916875222038,74.7189193549621,76.82391589354314,55.26905366838163,69.51475124011098,82.80278965256679,72.31356662206134,68.93456165823774,51.91736248471997,50.632369387177555,66.2124451158026,77.71975498732982,68.22931067064587,61.40398562434841,73.80419048395594,73.69762111779959,90.44445820103982,54.270167558382035,60.59690298626469,66.46272211473604,66.66527078148921,68.208938080064,70.06410224730976,69.73237691098754,66.21457580175141,67.21514255933481,114.88672105554059,51.70841641992971,49.473471086254776,65.58096667748737,73.26299231440704,65.53307515656456,107.12325746283472,81.62050501594416,82.06178470704867,51.1605617647035,51.74135477174158,60.10884479156804,63.8992133904975,68.90214897721367,49.18874084460142,45.841308284246594,80.20215343700457
2026-01-15,76.62065296867836,87.09037448099625,83.60750955322258,74.3657081359285,79.0885141797103,59.662980956007814,59.743554240155014,67.69657264748132,75.98421164173472,78.58359446473494,55.24098871654451,68.54506503673392,83.41617149092835,71.607583997306,68.55703059417525,51.59190477078271,50.379584641180685,65.97799223572896,76.70557967794336,67.75200891047335,62.03347681620133,73.77942821072459,73.79003232783357,88.4478806622883,54.78697658498986,60.18291975339015,67.21395612004456,66.76819787232465,67.82664276304361,68.89838055377699,71.26556044942515,66.74858440981924,67.79776988448126,116.99543133926731,51.82441818926361,50.14709511344814,65.26786221501875,73.80536216116755,65.12145158288334,106.5848650159779,81.6997157867392,81.02829757852817,51.32937495055797,51.58019487409469,58.92593947680672,63.60743922436289,68.66480858417499,49.61003428165489,45.97223336595274,81.37150001355936
2026-01-16,77.02020248398568,86.60926153001338,83.55873098015304,74.10732965007745,79.47538781269078,59.698683310349075,59.369208101163494,67.7023951219987,76.33544542332102,77.79667873129542,55.416385355264595,67.47145244938226,84.34351354684988,71.98608224766943,69.68316773247332,51.01903566893616,50.9538613406973,66.59829896014277,76.56592481637794,67.49730543530784,61.36396216458026,72.79314911701032,73.23777325770997,87.34411861317261,55.66823722576887,59.28569629975924,67.31410920456736,67.05974501528284,68.0695564385251,69.20586127538307,71.94321956576118,66.45160032985757,67.8571532612504,116.65248141171547,52.50385984341468,51.21125069310636,64.49324060962233,72.3214220036222,65.49313500261599,107.73184805675417,83.31430776014622,81.62840892707037,52.05084394270059,52.44360416633778,59.795426016593936,64.17039950964087,67.79000225261333,49.60588613554031,46.1103749555206,81.29032393538354
2026-01-19,76.9908587892951,87.97731846681083,82.92871910158468,74.70185815241891,79.7272793559169,59.18893651070126,58.73346665875798,66.56030687615075,76.70701420825469,77.74749192269178,54.96065360717483,66.21741736312018,84.70926788371969,71.86113134355006,69.18761398421529,50.529554981452996,50.83244297735351,66.91204534576488,76.31368669294528,66.69983067627638,61.32830475309521,73.55822870941911,73.26727028335404,87.40390300408,55.48723794754308,58.76059220897272,66.69572693603284,65.9545189738333,68.87837923327422,69.52664784465861,72.002587735735,66.64831038597369,68.08793981640305,115.79875428610629,52.33336199886535,50.968977393037065,66.13344943355791,73.06302310990826,65.60317872016981,109.21354499486387,84.35357396016265,80.50925179256029,51.93497608476208,52.43504376302906,60.16221211560582,64.02682333025709,67.72324090322795,49.377557063319784,46.596588466245876,80.12545455182779
2026-01-20,76.66253673026546,86.37016266292022,82.07923312624385,74.93917176714382,79.99573698886877,59.00385166541179,59.397346063551836,67.46769130078056,76.65393036273136,77.94244119411513,54.71249416326954,66.6338300784134,83.70380286959683,73.1632959212816,69.98085541440568,49.92735998093051,50.43294374465865,67.1945060231474,76.05599088060903,67.06406857186549,61.10828866783342,74.68844819122376,73.27335684295045,89.54537587067614,55.82265554796749,57.973000080663994,68.10195038612724,66.6831426819506,69.14071707573757,69.97768712441135,71.15151316045528,65.45650882189942,68.05951923385388,117.40641063980965,52.54086001351166,51.847611923357874,67.01301602552014,73.07808200577811,66.38437550209125,110.88914935793377,84.2859647107192,80.33732652083184,52.0079702601078,51.18548847367784,60.3311629363494,64.48976247728852,67.82117924663955,49.54804251300292,46.576334361622074,78.54120325843726
2026-01-21,77.94777862609172,86.0530518591427,81.57373515845492,75.96377402951744,80.7824993851336,59.16519121938536,59.85609373043225,66.69293014909236,76.59194671962322,78.9581892187089,54.34326450005867,65.97191193260218,83.76962323264155,73.2380023093886,70.43550240402827,49.24400450835216,49.16346859974714,67.81638333423047,75.23676226585805,66.65622937226514,59.788609102031266,75.4563666716219,73.53051161273946,89.82357199260449,55.99230951596495,56.79088086970675,67.43432713178072,66.3825961844357,68.62496419541625,69.78794732099469,71.32690379132049,66.11861446077414,67.05951877123698,117.396037787551,52.91604439923382,51.37070377522053,66.8839174800895,73.41982593019083,66.39181685049498,111.6392873850938,84.3658197621825,80.0871747616046,51.40162997428769,51.31215938747757,60.391507834839864,63.852655395713995,68.21708745657799,50.180273423196766,46.269899696850025,77.97178635952756
2026-01-22,77.35441178996113,84.62056926851427,83.22536373626673,75.62354793729594,80.09198675238154,58.502274412569086,59.6243214513406,66.23088261162991,77.70135288571534,77.97833906345024,53.51357367817244,66.33694060031371,83.67986487659344,73.07490384240687,70.83079006057316,49.31137283286199,49.14045683732818,66.86979342339339,73.99215099358341,66.19098149003545,59.14378482889696,75.6597732543709,72.21973127747093,89.42281350838063,55.895484719453,56.7683647518592,67.70390339673821,66.16618385532746,68.16842342832842,70.66187109786732,71.09899926247435,67.06361332045427,66.84184405402497,117.37693940117457,52.84267570155807,51.48961982677503,66.60369522554123,73.49044199850378,67.41597104349975,112.8163802377122,85.261220297069,79.0196392916858,50.798594359007,51.424013825869295,60.8587664460693,63.52203249342042,67.74287133297763,50.884604887363004,46.58834496512116,78.80109673496963
2026-01-23,77.01368332026557,84.1816670671875,84.0188400508922,75.42512608731148,79.60423048475124,57.97046565249736,59.320243224754456,66.81300146979487,76.5371328893155,78.4704097990256,53.13591939864474,66.19758034129063,83.5575762150221,72.91377264957364,70.62770698515436,49.09274093327461,48.86045665403289,67.75817267025045,74.01068784293278,66.10766755583238,58.763739113572086,75.35175258710665,71.75816046460857,90.10983147238986,55.475840062386716,55.50742265034984,67.74339172541193,65.98157961043009,67.7702681482101,71.30893841862866,69.18181683593157,68.12907462062687,67.55054078204277,116.64205983618584,52.60500532356803,51.74998281703091,66.95844611690663,73.02607275071907,66.3347691574365,115.22635182763932,86.08033295608142,79.14368124521076,50.887964236904324,51.74451461245096,61.311443661208095,62.210459660037586,67.50559708729969,50.65369198982944,46.51319590416055,79.41083772018213
2026-01-26,75.64734241036116,83.05356348893372,83.44799384788122,75.5416309802421,80.2694013663418,58.923907148131896,59.15062019414208,67.3701811251042,77.08260546733867,78.8966130653466,53.12301906424768,65.9336275044091,82.67207976982286,72.09333635388421,70.87326882218919,49.06603070014147,48.65785904727179,68.2101355265941,73.86245307829589,65.50673409217977,58.60734337192205,75.9726557330295,71.02745201061443,90.29860792376022,55.445100684624784,55.08671909481628,67.54495620398558,64.95266515164062,67.84461234990488,70.34237234078758,69.92774102234247,68.06644346601767,67.16537981573673,118.00364586628176,52.06499203587982,51.36449993235367,65.74474560766801,73.98864247768918,67.58883714198393,113.31397786635118,85.38096980740585,79.19895357517697,50.62621348561455,51.728313351366815,61.23938504345961,62.464516901459874,66.85999855055424,50.75137528358403,45.996935789134405,79.08445048604203
2026-01-27,74.34487919877175,82.71825050851093,82.97142188105535,76.25779971245568,80.22184775258617,58.996135071197195,59.137341170800674,65.95095864787915,75.55857494118004,78.64558739977925,53.27120483718497,65.77895407123232,81.96082151539264,71.92029461271729,70.64183131800173,49.44974932318071,49.010939975633086,67.83369333093071,73.82558700304403,65.68791331683424,58.85674533181614,77.23861014871817,71.00746227872114,91.36015954318432,54.80560794955741,54.736563119370906,66.11761158382753,65.05101716967977,68.28534786100208,68.56762620599596,70.05952945674537,68.47895291787115,67.53394156025485,116.60089036607127,52.46907690599144,51.36927936325446,66.13447236804099,73.89558050800088,67.84686715063512,114.57789402116103,85.20695137734262,79.42428154311403,51.26289428498604,51.659441523447846,60.55406288021149,62.88823461647033,67.82627355345147,51.40968361352094,46.32698675890454,77.2521462955943
2026-01-28,73.87366976539144,82.23608994234928,83.00865817676915,77.55616239023165,79.35968369781727,60.33388917364629,58.9116742475334,65.44711434346694,76.19990603957278,79.37588179158257,53.61856699950776,65.27475658830247,82.37332246215342,71.18078505059678,70.08088128620953,49.40285851106082,48.61071121535239,68.55158350689263,73.39998296650978,65.54325973476234,58.34096255633374,78.04421785024344,70.53603431629494,92.40948299956132,55.39436974388414,54.49301381592995,66.13723014011292,64.74359338391564,68.65901468749291,68.43441141842204,69.76765415353458,68.51058322806838,66.47381773025081,116.51248416881428,52.811031797620345,51.44024587844414,66.76684967401701,73.61729920087595,67.53596730479676,113.30481883660946,84.8619289434694,81.00112639096703,51.404340572427806,51.35784063736162,59.9478578140164,61.890939137056556,67.2653805721628,51.80146791297305,46.129577605751706,76.51547298882066
2026-01-29,73.24973507477058,82.7719357814575,82.94123018904054,77.07124900495451,79.11532464428984,61.679571780595154,59.63457398525486,66.41537993574168,74.87643265124979,79.25603359562237,53.27395253657284,65.63071399476824,83.25096303255177,71.41351743466315,69.47210614340858,49.07737595364117,48.91331308537782,69.04698656120834,73.50351493210952,65.6283841641099,58.37021185579169,78.2545149782635,71.04285695661642,92.9936545629283,55.407436287175116,54.46629186418568,66.07951865077733,64.24034533757444,68.11668263911072,68.80767897923742,69.27207078285419,69.07048961081324,66.439697030095,117.47133896127961,53.14848990753783,51.87568374410264,66.44955161514604,73.91893620852153,68.03615022150917,111.56065475114218,86.31837581238929,82.85752703454425,51.89360157095013,51.77339578540536,60.30184702931231,61.69108657353658,67.19131496688419,52.30346053534857,45.68281414027408,75.70814970244005
2026-01-30,72.95926993017544,83.316915505439,82.22611278535955,76.89771368844727,79.03097289319697,61.05860216578996,58.19723395921347,65.73710497731578,75.0720302015638,79.64226969627389,53.53797130577978,66.03200253933025,82.73111310197602,70.81572495979445,69.73315607696169,48.97356452476489,49.35901366330077,69.31081628355817,74.45325158386751,65.3235702700564,58.996671746739494,79.86304947197183,71.08104746914479,93.45913922020745,54.894245812768425,54.95543464925361,66.8298225677831,63.92349089857693,68.51712757049455,69.00093665186124,69.5433054732033,69.63363896908588,66.78534830758177,117.30818151164254,53.59322474302564,52.455685107951375,66.08231045362909,73.91760632491084,66.84337905066508,112.21362405887731,87.38063412965403,82.64461259866907,51.962892618423005,51.659518398636926,60.070794300753526,61.834481960148594,66.66643295656066,52.18054720580435,45.271453110823465,76.15544484793347
2026-02-02,73.13402527346578,82.95839496803893,82.2566068496133,76.72816819691715,79.94019473348347,60.78991910881961,58.5679885466747,65.27515289819476,75.68579084589315,80.47270303936364,54.121753830821774,67.01052391253542,82.97341022597942,71.69783464976362,70.87499568210661,48.42712687764109,49.06215754136884,68.28184823646545,75.24751457324145,64.34553864289964,57.9559134067915,78.99142950638284,69.85611450715152,93.7138422123082,54.3021110879279,54.03433882093886,66.80184456032268,63.93443044048591,67.247908697577,68.51022933214634,69.49141858418936,69.38561270995032,66.56566389716158,118.69977090995711,54.75606309148924,52.29159941391088,65.21452875455192,73.74441133608164,66.97337737424662,112.1538541966155,87.91589262587055,84.4930034329745,51.080287101987274,51.39822652361723,61.00374181169927,61.512518920448244,67.19484325298909,52.510795315398404,45.83488389304219,77.62658632867787
2026-02-03,73.37802086705142,81.52265188115865,81.68248860203273,78.42395437676466,78.81763854206919,61.092678862813266,57.1136524081318,64.39906955701169,76.36006210303971,80.50164696793045,53.918399907520666,66.46703564240192,81.33323863911919,72.1967193043908,70.67459883916848,47.69571099717622,49.076971220504376,68.67989081085473,75.09666401833009,64.42021806272184,57.97801436388802,78.43509058670377,69.89402844979853,94.40538128837663,54.86686098133047,54.463297908523266,66.35238547462045,64.3424859856285,67.56165476047944,68.02572752047065,69.1695089881623,69.85882831888637,67.48855102375764,116.56868296580716,55.66150062764594,52.903914374699546,65.34451231380841,73.56710976199308,67.2353749718957,111.43773152157033,87.75980918025775,83.25585542402793,50.19841347988484,52.611079517697824,61.04223219275408,61.63794086002782,67.17419557379776,52.07791868624918,45.69435819255771,77.6974052834558
2026-02-04,73.23387336174997,80.91173681044,82.07508746249032,78.57181663319963,79.12792834660559,61.524931622926445,57.01634296510368,64.29039908636638,77.50049611111517,79.74527492777067,52.9175728337748,66.83731331509225,80.82297518057483,71.42308213445354,71.30301464051729,47.62671264319461,48.460753602480274,70.02174995240205,73.89678147804966,64.36440384629292,56.8929315877268,78.64766916855181,69.44736508123438,95.18199776926515,54.85732244615321,55.203873323778815,66.06787177499353,63.31832082334661,67.72231525793332,67.85414022646037,67.92251330019002,69.12542890739563,66.9929000635247,118.39594653836801,56.05667173840176,52.72026834788366,65.65292538448318,72.08193433041771,66.85662901655768,111.88548881849397,87.90506318592952,82.80801865419397,50.17918708819219,52.78926310916072,61.036520945723694,62.17093723704239,67.38862266272331,52.34484381599741,46.484103086935974,78.34302381569992
2026-02-05,74.52000771320154,80.36990159967667,80.77846359229383,78.46167274097452,78.94961982357842,62.42941923864795,56.375659776001385,64.2397074830247,77.81514915406831,79.82514191253914,52.82688131142629,67.07740101775515,81.69985668572016,72.52842478394797,71.32641100609011,47.239732856058076,49.210135443406884,69.27122338077506,75.23187892809318,65.23538905756621,57.74663597316142,79.18856460798365,67.99568370834426,94.19806279319137,55.025931695560104,54.832147202875724,65.85990108637938,63.70753201430737,67.6073025105069,67.03200545317422,68.52674673080499,69.48227557747299,66.82629796259462,119.24105880548639,56.10997728722569,53.42685873930362,65.75227287645583,73.04259217728898,65.61563023648083,112.40046980769421,87.55601734262835,82.09970230676387,50.76389363616693,53.26069844351428,59.82404211157206,62.61736275244587,67.79020265626332,51.96771825201898,46.09743670715181,77.10677687086654
2026-02-06,74.26890293510519,80.22738155486124,81.4248377153314,78.6733180184223,78.11724539058245,62.578725348405925,56.23262176237203,63.641976085759296,76.58804997248409,80.32545341528251,53.063226129553975,67.45190881585972,81.10704321273128,72.6526125128609,70.35212844633926,46.77596525874846,49.226737904621345,69.45319713691181,74.01641434524396,64.54913078867756,57.536018926369046,79.95125124184094,67.44505057256606,94.33057510430652,55.16112709431806,54.69540659953955,66.03665558132599,62.856454680060445,67.16539305189644,68.000414261435,69.56571054101312,70.07043145411117,67.56571008177443,117.08358012732631,55.580181291438315,53.260905218986544,67.35995205678455,72.81426514080623,66.1062288639363,112.8265673536837,87.86838073119587,82.08038600760085,50.15835086952559,51.84129617008371,60.59582807019325,62.23251560324666,66.53622584976029,52.19581572588575,46.29089269378206,77.70115304590807
2026-02-09,75.10217256282779,79.49348024548372,80.71549312391521,78.42298270784087,78.76173212465137,61.27665753120436,56.304761780577415,64.23797021481519,77.27338770850716,80.8966298999025,53.630297143517105,65.62410317439378,82.42629419102248,72.89305734558333,71.29737788376806,46.229733040481676,48.37091294139096,70.70504159716442,73.33380325869464,64.34879205936139,57.84029708733435,80.57157792054682,68.17632499212776,94.54153209735517,54.58261326495114,55.083270965208044,66.51553543990973,61.725879302478646,68.12504945641544,66.33005024992958,70.28904381499747,69.627513640728,68.04407805399417,117.68246019513333,55.55955234068958,53.50170073633881,67.30174544698468,73.33598337836627,67.56672944942692,111.32339653111688,85.11119329862255,81.73990709661327,49.91615807112637,51.645928988275955,60.03703713961773,62.77782862345029,65.62346002831397,52.43163257191205,46.587389636153134,77.94744020657578
2026-02-10,75.46892031470345,80.25167879569423,80.75874018730381,78.15171995789508,79.14573899761768,61.64564843463703,56.80792953524897,63.14732854872675,77.13169674852047,80.03935752180179,53.93198965018144,66.10273658079214,82.20041604803151,72.36340525622286,71.72427015895431,46.168176491831765,49.065852646409255,71.96978733625707,74.07134691579064,64.49867858322857,58.90591223143886,80.76576368554129,67.8504097147612,93.90520600406981,54.19997125219892,55.07976241176785,66.82427442826685,60.85851301055578,67.81990389748053,66.47138479708639,70.74290157243678,69.60946661223186,68.21065492343322,116.2339252875266,55.055270193444784,53.46914852523415,67.64623390544675,73.5058082518207,66.99563380118705,111.06035893115909,86.40771289832806,82.18599610722673,49.835093716313885,51.118834250928856,59.61027426843071,62.78196604609334,65.8047961430687,52.72900684685015,46.7684930925529,77.65938401290379
2026-02-11,75.08417901880665,81.91135043338825,80.31059224342141,77.14872312263579,77.8593330068738,61.42830689398201,57.344432451734306,62.78467830937934,78.27978951711707,80.03352963203803,54.53372853967392,65.60375500833194,81.5925693700132,72.42931902876765,72.07121539848558,46.08562908055483,49.20956336314261,72.39456808708336,73.02659715831426,64.27915286903551,58.60116856540177,80.3869570593082,68.12704031311281,93.43237684454456,53.124042400571135,54.94964243993831,66.11676488783975,61.16132412647053,68.368534003344,65.04135267771383,70.19730216938888,69.85588281675989,67.25638995212856,117.14721205386635,55.63601584834175,53.38259028318988,67.12473243768498,71.82687794740804,67.54322093183146,113.30680153835158,87.97330827971228,82.02591129194262,49.29352189904021,51.54881629370058,59.53469539613808,63.08286531668337,66.00432316757251,52.77806946127439,47.25199568289996,78.49140066485779
2026-02-12,74.69274713619816,81.15869581109625,78.32840920162815,76.88212574813814,77.01271391406725,61.686352946546286,57.152154543863695,62.642050212961344,78.91798231612378,80.35209892085352,54.470130212834725,66.7194951984812,82.19707235799112,72.12873927424623,71.80414471856871,46.45039480197797,49.309484153867466,71.58744239586932,73.68290716630848,65.09239252038385,59.297581821969345,81.63674176918073,69.55140944581898,95.06278068747828,53.30532431373805,54.83523134145049,64.91809035748607,61.167971405847155,68.72438258627648,65.06968624613249,68.88425757349248,69.65594760862169,67.69182046658703,115.95152504592707,55.72827626841333,53.6135019366493,67.87937569928035,73.06758279676603,67.28850653132876,113.51520256774495,88.1627153510033,82.56030015364085,49.55913988712067,52.28864859848949,58.16281838437827,63.34711691935565,66.32682081116947,52.65406591700808,46.19422509347134,78.44353856165516
2026-02-13,74.163890929965,82.53199196543707,78.62292125497721,76.27296620092152,75.44802993031414,62.051761476048775,57.55140689053248,62.50702889427659,79.39583170501496,80.07274298087917,55.054556760644914,67.38510776139961,80.86090300249225,71.12939259909191,73.27760357345949,46.885428219388125,48.69092310532097,70.47202853133379,73.83615881645777,64.35306287930877,59.110079073733104,81.59815370203732,69.48853670651506,96.13975417318544,54.292374369292375,54.57324348297868,64.18822195732301,61.40628374464726,69.85480344387254,64.80784365826379,69.47251860314474,69.0752668128358,67.70622097443037,114.61203238572509,55.73431311595436,53.55110268494996,68.29342341018497,74.378388366052,67.02733278616306,111.26775232830362,87.98471500786903,82.80778788443043,49.65930091286734,52.20639909513123,59.03458393776519,63.43346369826973,66.25734918837783,52.24616023003929,45.39435170051498,78.70222534867024
2026-02-16,74.34612592072212,81.66231985729247,78.58804214858135,76.1633253245409,74.97832476988229,61.56144564005549,57.78500991338854,62.36603995341466,78.92799124305292,79.38574264989437,54.98304054910117,68.01096050594056,81.02816678995536,70.96092895627557,73.50400700073398,47.529509861243156,48.930296707202075,70.65563621220828,74.30913290786668,64.2514564972482,59.21898190492556,81.20014892963604,68.41939015673779,96.46992136124607,54.48092185805311,54.4164548484954,64.856552462446,60.964768870770904,68.62830144815399,64.3576289929085,68.41019515983348,69.30916142901013,67.19892748224265,115.74617942959675,56.27407669759891,53.058052666287914,67.74376347949845,74.77696008046459,67.68732139233016,109.05073947521078,88.23289167673295,81.00786166983923,49.38765733277417,52.780491511204595,60.83839838106309,63.282150226369936,65.43617440965805,51.97856790662209,45.42435351703335,78.17649437891974
2026-02-17,73.66172497507961,81.31448712983455,78.89953426710696,76.03440707351152,74.32021896132137,61.150324401403076,57.54635589510004,61.7458416620958,78.37182467187739,79.89834574835538,54.85654880601426,66.82879205762744,81.86293459439946,71.2572542057422,72.49434741360055,47.356163888247956,48.544251348749626,71.13553063147523,74.03347392492685,64.20471557980963,59.107048814642695,80.00712842186176,69.38774229755332,97.11099130247486,54.07525820250627,54.52095952438696,65.49141891261961,60.99876072318607,69.70503470391611,66.26315360252174,68.32396942028701,68.90658864056013,66.53733341006902,113.21220059882906,56.9808604688852,52.87082684517783,68.33936542143394,75.58624626527823,66.95958200801735,108.040389249206,89.78578655599121,80.9511232694594,49.06263102151666,52.231716728362244,60.752399789179336,64.24360891251804,65.88623949931012,52.073131285501496,46.15169054201469,79.27531315292522
2026-02-18,73.90825678844327,83.60350045902062,78.70455985506267,76.87388696059533,74.02871619710633,61.704918956017416,57.40359549511452,62.031375586960124,80.26758314957264,80.6624905854093,55.1187520332917,66.31306778407688,82.01716924706129,70.54258728227579,73.14021524206582,47.766080026091714,48.457126942959704,72.32879054995888,75.1695555034972,64.30086767894589,59.442252663568496,79.53770323759699,69.19913916162808,96.06974974084812,53.81721389294558,54.4640754094644,64.41299848835004,61.351626811704726,70.42116321080582,66.25790726937505,66.50573786489403,68.73248029072343,65.61664067922686,112.52413689138858,57.81422156240785,51.5992417962851,67.78373949908556,76.21589487082755,66.49122090981562,107.20263515143951,91.6292684842685,81.25801236339473,49.523172440727414,52.490731319346864,60.85071429955039,65.06081811535036,67.15363653745774,51.203809429471335,46.1353938630271,79.24107460569861
2026-02-19,73.5916654804173,84.42773801101995,78.90700208816318,78.36841498592578,74.84772668093763,62.5527797186459,56.7193429722427,61.533359316058444,79.68879037231127,81.73684297056032,54.58822622986983,65.69400249467661,81.10260263106109,72.51162360188425,73.0362604631517,48.01985853728779,47.90755676583259,73.02594897836296,73.84805235934891,63.674431834606196,59.00909347976913,79.71197928312623,68.65250352788912,97.54506423079681,54.08871716200838,54.08978133513974,65.05880956578675,61.110814179087015,70.00659594571859,66.85412247784946,64.89431229339185,69.23939846597428,65.15039618872606,111.72289745824095,58.95745974391554,51.32586677808961,68.43480102209593,76.42902117353134,66.74636459537922,106.93438343116044,91.35231189064984,82.50915970895026,49.986116199024586,52.229099336883664,60.217607723619814,64.68166383070036,67.81599147771708,51.810915445040926,46.392130993797565,77.97022895997242
2026-02-20,74.14847999906591,85.5355243448395,79.04406926540854,79.93541584246331,73.86551184246493,62.9826159540371,56.143621929043455,62.18817534877618,80.17867138608307,83.22255565732173,54.861690980226676,65.42913018140854,80.70530820373165,72.33044275366602,72.66419763803947,48.671115078465235,48.52259841050383,71.94120361847112,73.8763860119651,63.71423538850046,58.54985455866808,80.06208363180585,69.66277551762269,98.41887042677679,54.82225873390312,53.70255635662713,65.08256542425129,60.64470729381269,70.17441361060888,67.07473720119214,65.52019147412702,70.1548513625008,65.60081740860927,110.76601208414371,58.16561865456605,51.59346674995863,69.46942260228052,76.4100753331693,65.7346311643639,109.18710463994914,91.8004900693687,82.65048803698195,49.40568899174337,52.23756961080911,60.63265675509043,65.00784569557013,67.35648311996944,51.78135783390866,46.10723076083424,79.27863636703756
2026-02-23,74.8149932310143,85.08820551479312,78.12583837092953,80.1577972452259,73.50238526549512,62.719705743360365,55.509875592754135,61.56236878349636,80.30920429340333,83.00074870165926,56.24856065770164,65.81910259809871,79.7811609525847,71.22819517736164,72.95410245884392,48.478338225055964,49.17298491136881,72.14426590155779,72.42619432570528,63.06801644425429,58.15580985100485,80.41677096205429,68.93324576448998,98.56938675498785,54.09462319764716,53.70587818747345,65.32383393046341,61.537544509316014,70.34695649884664,66.52914544914374,66.50575017941077,70.0264607111078,66.11025139730768,110.08920805046478,58.218444364538804,51.18171665824644,69.69365584545673,77.02675619272381,65.4101800384553,108.58712951963257,92.12863603671202,81.97141340028226,48.6614016768752,52.42239704553422,60.56739224598056,64.92413092997079,67.70837382880318,52.1246361958481,46.03305697377347,78.39357681398123
2026-02-24,74.3387567674336,85.58739945491897,78.23247680760613,79.71833135677645,72.92809775001187,63.10840188227953,55.38697287690958,62.02750745499173,81.01850587631193,82.7414951022827,56.7852680800266,65.91026573117448,79.99506783192102,69.68612627132575,72.24920308663233,48.035970707674636,49.016542261125984,72.22681078303776,72.53872355620669,63.248489100399354,57.758835854879656,80.97466906135453,70.19179810254572,98.2217311187924,53.736803085645356,53.339073064736056,65.37968865704053,61.21485184455933,69.14019371144975,65.56700588493072,67.18770800338912,70.92983302866705,67.176448673283,110.33862693145227,57.64440339154776,50.95802273925809,68.6619656524229,75.85729854921696,65.57736112170976,109.17400693654665,93.95064148723807,81.90332871235621,48.005125879281785,52.358522403899066,60.39655546060909,64.60598508929128,67.9415215635688,51.495425338593805,46.093271393424665,78.90602822280829
2026-02-25,75.40169982286838,85.85345474474443,79.05280684901483,79.36524907938158,72.7065219292926,63.964764876927795,54.63247986595774,61.77795293936084,81.93793408388692,82.56700236527183,56.62331957477977,65.73561643088041,80.0888383898882,70.44710096015862,72.92004829942942,48.04147462013724,49.554928646778066,72.47409930657763,73.16460303857724,62.60139391310538,58.77178347465627,81.15318233580568,68.28897781654591,99.86534784884448,53.73951951273233,53.1285368552541,64.98489177064684,61.484484348159896,68.52868022291322,65.18983459944883,66.81726686497501,70.7228452936267,66.83124010295761,111.28363418483758,57.80086760191375,51.15870060028131,69.082499723132,75.78671261159468,64.91167101255944,111.16268156499028,94.82612015269355,83.23499761490018,48.50433515401099,52.118032736841556,58.99497643631215,63.816775246192236,68.3753636125392,51.44305646139773,45.90015454260134,76.96125344927576
2026-02-26,75.39180229213967,84.92971589933107,78.48223115703868,80.04281222887532,71.9621057287667,63.3703121971851,54.73396113647713,62.319237931603396,81.6086287038804,83.78736895424119,55.90390391499132,64.78669962643085,78.86548174820621,69.29274767303356,73.1658733962566,47.57401930085198,48.86101309867058,72.7498769061806,73.76993261415451,63.26271460382077,59.28846166834608,80.41152197036256,68.47777802424024,100.36278516689421,53.484924531485504,53.21613938118405,64.17659794684909,61.099815968449825,68.78393536575439,66.18004432577884,67.59107375438236,71.19177097336895,66.88452585879674,111.19994641929742,56.97016936911234,50.73304697218505,68.5300880197765,76.2235580044749,65.52795961811991,111.98449925960443,95.95425473548957,83.29516292056043,48.02990687304136,52.09201518977379,58.5689049929778,64.23798424221076,68.13027659663854,51.39239374940503,46.21963493057692,76.39300621942469
2026-02-27,76.122075791587,83.79288330757461,78.72318833589608,79.97008717331113,72.5599479963655,62.50532482302354,53.90247888336207,62.78841720388041,81.29022526512006,83.71132279152151,55.53629236845835,65.38078666439083,79.10181344907069,69.4597112624238,72.31509550043049,47.813204912782886,48.378605029755576,72.27235448417743,72.76956137507378,63.1637596904657,59.92294243708171,80.59401763749092,68.17589626406478,100.47238725408837,53.54037110652441,53.2513102012793,64.29050612053263,60.46767414935369,68.8572556926591,65.02855548483427,67.98126587367157,70.41101708483801,67.67681240284561,108.51381991294804,57.93212321727701,49.90819938231502,67.7126857166319,76.45185111241439,65.93464774609654,111.66760074292945,96.81458217588224,82.63430728905846,47.83831834024916,51.93489413559361,58.25441978165655,63.007445683235616,68.11347292856922,51.33332279455698,46.72066321453719,75.41692401009664
2026-03-02,75.63689844648643,84.80741596625344,78.95441359174633,80.41063562103756,72.88970625006645,62.79217518562268,54.89306210534011,62.84592044953349,80.4722453018609,84.24778023128958,55.22254019756615,65.30894849996183,79.39517598568659,68.89153748075665,71.9470153118818,48.041265546441764,48.1139050416858,72.97927793315367,72.05546565840699,62.5418210831291,61.076061835352945,79.37013464173941,68.1576844638583,102.34994497922251,53.52506532739061,53.9733343191753,64.71135699319859,60.46331949427247,68.76735568875776,63.66489516989952,67.76467549410773,70.57471449092611,67.83377621891792,111.22288098576941,58.09511705529595,50.223686535226506,68.5061262364102,76.86619312364583,65.87793600051813,111.57697756873017,96.47569201803367,83.00219448870534,47.75690911961327,52.26047045126647,57.66953777199782,63.10003911527849,69.1788864637094,51.21814549565895,47.58970946738712,75.5404610510084
2026-03-03,75.59416947640028,84.90637479553297,78.70891366585914,78.8337252388511,73.53409483175318,64.1842336265987,55.15741895828761,63.18704103591999,80.32544293401506,85.22886030663783,55.20085767009436,65.48370051854559,78.16214459525959,68.52782920717162,72.2118009891433,48.47908451462435,48.565850478072235,71.83585522275727,70.99847380160053,62.90822015837602,60.621639626102805,80.08335946935122,67.05560682518025,102.249272000193,53.506743185233354,54.233282414195436,64.04750792214445,59.285766458919376,68.88523635781016,64.00093017000046,68.45082459841574,70.32212079529427,68.36199637233061,111.76448699820898,58.86847200566767,50.19587638433656,67.3312307896605,76.81420329831124,65.93623130549852,112.15666369523014,95.00830005310833,82.74359412897024,48.17329326124963,52.20610320310962,57.49349142125409,64.31447055387088,68.44261557151019,51.85365482248787,48.07820940612126,75.37056061894913
2026-03-04,75.56931022435835,84.87542464944529,78.85225313024247,78.36641668653462,73.21993292813059,63.95663995738333,54.979384237235784,62.99098815005099,78.54550759225465,85.31212615893618,54.91045748850964,64.2725833446685,77.88901553924451,68.26726395382848,73.1385747855527,48.21837431282552,48.89125375463778,72.83610993386725,70.55395201614381,62.87834760390364,61.678711355898045,80.26694136595258,67.3066959801614,101.83370460936464,53.87562746882851,54.21178718447591,62.88477539961248,59.07553774989456,68.07500355506865,64.07280576054886,67.82610887134982,70.65915596095749,68.39260439061245,110.37832384961858,58.57923522837183,50.50834179006844,68.10864240784514,76.12413396824348,65.21657651662707,114.36630814023275,94.99902014642888,82.81931343811084,47.81841781532936,52.31858229319607,58.488064365908386,64.4782724690813,69.17539928704055,51.86868618964018,47.58754254083637,74.85735650670559
2026-03-05,74.72929841243754,85.06047336959477,79.82324684102137,78.49269682751256,72.99492173636051,63.45360161325016,55.17515390540223,62.21588483839776,77.65975430617755,86.0835413707158,54.75816347999771,64.08168590751866,77.7574429371454,68.76459909320172,73.2597213045455,47.86140046761556,48.546766859882545,72.69413735614833,70.7675025217397,62.856023502069625,61.6019751877116,80.30410036175502,67.28231894543849,101.042104562606,54.47537170609159,53.950947061365525,62.96608797764625,57.870836680034024,67.92868113139609,63.372127482799335,67.16531642887259,72.3915482901612,68.56347474692302,111.7399162367124,59.08241431325625,51.007410975969314,67.97319226786935,77.35686841423585,65.77110121894701,114.41359117011616,95.24947227236092,82.70614997275027,47.84340429280995,52.2957759789509,58.711642242905306,65.60999480133783,68.34669149211356,52.46460788653534,47.41263103912791,75.81385206258645
2026-03-06,74.48053201257487,85.41228916755324,79.69655285390772,77.14599496763951,74.27538778243502,62.858201479117405,55.22145582011594,61.564544746225366,76.62835240297858,85.90730255249179,54.434130151178216,63.33704972373059,77.72989632249889,67.75308523311374,73.35170075256033,47.800498849147125,47.35742120312171,72.31486000827596,71.09976214871223,62.19106319760203,61.918057440558094,80.6523122857861,66.60104498479222,101.02969502696088,54.92664759870279,53.480174956857496,62.836630385285005,58.540332702546394,67.34859404288693,63.6637749062897,66.4443714900318,72.27511920465473,68.87045126760638,109.08514526430046,58.76756524141026,51.22687284936143,68.1268791995573,76.95382647311261,65.04860310806477,115.13490463786506,94.94287606529409,83.15841774112792,48.02566225865194,52.06231777144904,59.34475002288462,65.22124556124152,69.16518965281541,53.162418741033605,47.913141402181594,75.67708520795354
2026-03-09,76.40197658834124,85.54208151233917,79.88889829541318,77.12897740057346,73.4409717023357,63.677555388671124,54.90626924305858,62.13331029489447,77.52207039870493,86.4271663239809,54.058762905716065,63.12138881474619,75.67661437011344,67.67422073735642,73.94287184835092,47.68710494799453,47.078797254646695,72.09986496632278,71.9691569253736,62.15726178668197,63.079196137231584,80.19331359270983,66.74588088157452,100.5927778708536,56.07799441751593,53.576368077939186,64.18817162954139,58.294904550776494,68.3852951967651,63.73894465028946,67.00261406887056,71.39892601621291,69.11082402966106,107.92510584028683,58.91884892555102,50.45492453182207,68.06281351665676,77.80157740955774,65.40575616799899,113.72292689102727,93.15749378042327,83.57269750915054,48.79107888365285,51.56287616368408,60.60259415589948,65.21701069531231,67.82363689911655,52.33905953233619,48.2834720762837,75.77520207494324
2026-03-10,77.54285700060404,84.52329599580493,79.98361859243292,77.1341923143735,73.3360155161106,63.43438594730158,54.70748525943445,62.241918338912924,77.75699271205752,86.64573378607069,54.71465185383515,62.36766138109792,74.31793822591762,68.36595530078213,73.2484833525901,47.5064868338973,46.79150825064719,71.64454720740441,70.92727177286943,61.80426519367101,63.49012167297925,80.19016090298815,67.08346947181215,100.09499094563401,56.586584780952045,53.304697368662765,62.84889656161069,58.4797726023235,68.91209223130033,63.38348646253742,67.81095074093952,70.79411710893262,69.57592689819704,109.82468059471191,58.940494373791495,50.340781967283924,67.99092838903752,79.07878705914995,65.66973042036449,116.1877074460194,93.41800094041984,83.02808427576555,48.50720856154473,51.59465242893704,59.37804076053405,64.90797105716672,67.51722717208308,52.46471382803304,49.23021156605618,75.81675076653215
2026-03-11,76.06621311593673,83.75435020699427,80.19368127952423,77.20595643441003,74.53705523673429,64.04633799193023,55.21870181177297,62.10691715617046,78.61635021456138,85.87292168968663,55.247024019209015,62.19177180551415,73.249572976951,68.77273262155589,74.27934948091986,47.313716738423,47.52849169268979,70.46792481023219,70.08347828441605,61.713648736945395,63.25515907806904,79.65696610508455,67.17320508840588,99.56729428052604,56.383817437914196,53.45331781208916,62.43075417687537,58.41780627625086,68.46867053822548,62.62391021254151,68.33080699650283,72.01351789779963,70.32056932604563,110.18959162176816,58.56358462239375,50.19655184847285,68.71341866828942,77.29504034157817,65.4316111683929,117.04379840844268,92.36067126674725,83.3803606794983,48.69042066136368,50.84972465926971,59.42970912505362,64.50843459014531,67.79875076211755,52.81729600498496,49.427002323649724,75.87180788928394
2026-03-12,76.28626423285813,82.77511404778876,80.16902408344333,76.59346635433006,75.30991315856939,64.4854253085416,55.59569167208688,63.180283697662475,78.3573615123817,85.40276481486913,55.052014025135755,61.20325294679877,72.14201356588453,69.20121140307283,73.2502438920281,46.8078592856,47.480170349721966,70.17803448756445,70.70693099890643,61.75097289653577,62.75209751212133,80.43471178046372,67.66454586991168,98.17228109553866,56.5262345622198,53.07244891860774,61.96958074082248,59.52020840606779,68.5538103970431,62.48782717497382,68.38887951746736,72.64584908546375,69.82892378446549,109.60620004532493,58.94942041775653,49.441118840194015,69.39759559080356,76.06422087794479,65.27099943183745,115.18734403134646,91.39024423958591,84.46941082562161,49.20163666432414,51.438552024744844,58.57478841135379,63.833965449690176,68.02957214505874,53.1964618642434,49.03340221594788,75.43383874182256
2026-03-13,75.42806513954264,84.15917230339151,79.78915946312722,76.61743796480816,75.37293218819917,65.20234526410492,55.068675110012535,63.92272257416926,77.36176869030402,86.40414746539648,54.115759795123886,61.1392949284038,73.32421867928936,69.68540715713493,73.55945570405692,46.31968213455439,47.132564138672834,71.12787555616598,71.04169775246064,62.303164762764766,62.798421767402026,80.20842078946377,68.18529763182276,98.42722434417617,56.430244169086244,52.327281521397595,62.563542132915806,59.7826900544342,68.13945197943495,63.22907860925726,68.55582358625637,72.83744963464139,70.44887437441358,110.34160005517299,59.12279427389873,49.34796814151049,70.78795526060617,75.508103891668,65.7597233115365,115.09078937549847,91.80675438083892,85.51772803982325,49.04857355840085,51.74906136649107,58.730544746133106,63.42590711600875,68.89085806539333,53.57613711046729,48.82078988813266,76.2709324532431
2026-03-16,74.8035411892825,84.13482498976302,79.44741931307287,77.19524179871921,75.01224654401838,65.69877433017523,55.397011381825344,63.683302594366054,78.79029976911137,85.76262720435285,53.358607832276036,61.66495477868249,71.76499912384529,70.7327787953083,73.63434339589077,45.663400838304725,46.687641799309894,69.97502792596083,71.31422570105748,61.48191592390848,63.11451863434482,79.96429841240769,67.86193835392488,98.92983837719702,56.78319232724179,52.930297103563994,62.16828181667749,59.76487181165788,67.70791583769376,63.33221811770211,68.02433163899153,72.5292024872039,70.15431077410021,110.66577448284143,59.124541358910456,49.59845126157853,70.71225507343478,75.07161016031614,65.88563079686782,114.04002123944308,92.33076952079247,85.273952808986,49.14899006212686,51.86304707580829,59.678713544144216,63.66839238804241,68.94131770118382,53.206472771451466,49.214096465349904,76.06512236361624
2026-03-17,73.67108765780485,83.97084785743128,79.5996987662202,76.56597315927235,74.92364920479758,65.651827764008,55.36604873535836,64.47443710152137,77.76366655952968,87.52472770870521,53.3410902386811,62.02378174425861,71.85679948398091,69.52239020585358,72.86043504814276,45.42462511058649,47.15389895654828,69.01302280745801,70.7065668711126,61.58335296586429,63.413666417590285,80.31910187046415,67.19744808106897,97.36151233810776,57.090114103698276,53.69431545220847,61.9539839352648,59.08465202102228,67.4174775465555,63.582279060902415,67.86592229685641,73.55704371002605,70.80622798079426,110.86996177110244,57.98027466055211,49.256284936002785,70.3257960362777,74.51320070228145,66.01147462574204,114.28140493699044,90.79794938888195,85.96283302277638,49.15691533985392,52.04886288955017,60.12487582337812,63.181942942193416,69.81470992935213,53.13108288274184,49.96414100592569,75.38818176659373
2026-03-18,74.73831586632406,83.21518548719924,81.65459718353279,75.84064978795745,75.7194794474087,65.41433991347859,55.76334707010137,64.44831408614935,76.9196989990657,85.1107248647214,54.69557393709056,62.0690906718078,69.77249946777829,69.73308957846965,73.36460724030012,45.100960954715454,46.82106239664553,68.99933070746258,71.56201343079525,61.644942536656025,64.34837298565255,81.23284542721382,67.04388628115619,95.8443713682317,56.96085401599663,53.97775204025335,61.99110144437291,59.46069130718469,68.00209372966856,63.920708523854366,67.67932502995693,73.94045039541126,72.4069149345528,109.23037711872539,58.263494759846644,50.166978188575264,69.50458862297883,75.26289877577382,66.7647840950517,112.60604608934128,91.44706851084807,85.7299182979176,49.12721102924506,51.88000215921977,60.91933146780374,63.11114240161974,69.49199709247577,52.89444727340344,49.79405845056613,74.57871665948926
2026-03-19,74.38628251167864,83.31316211671943,81.98546172960947,76.7593203107241,75.90216744707838,65.10470381742839,55.20239781832633,64.63838564657654,76.82947070897632,85.03899209295291,54.839354614027314,62.39230940638413,69.96095452617841,69.61428335862998,72.77902613138977,44.82543419057116,47.219915924165626,68.70767717619445,70.60521203133618,62.363922179466094,63.7448161202817,81.26148269917495,67.37399111437696,95.8474560496722,55.566632226676084,54.188940747733206,62.81886849913789,59.93021285594642,66.5729643889388,65.29502386500974,66.78792006019192,73.1473463702786,72.97526739342834,109.72613920419867,58.310319605554604,49.88213600743202,70.43577776964854,75.23330681998436,65.72751183496129,114.00227553755855,91.6478182351666,86.69116164219241,49.40929496298817,53.135732402220356,60.730792009574245,63.121299847376214,69.99402649564489,52.73400185676164,50.19533257490403,72.41265206284741
2026-03-20,74.33216145130305,83.22740000616973,81.87140490468052,76.08913993631944,76.5930597606035,64.7771134599576,55.31306487128022,64.6143681329852,77.21486125559869,86.26461491098243,54.94645275137795,62.91949117815129,70.06238053149633,69.26291909637735,72.6760748197278,44.698515106712364,47.48896519945963,68.78099440731108,70.04664104098104,62.225651317143594,62.77950696343579,81.1116097886154,67.37487093544738,97.5965759369554,56.32099631249782,53.63147395550417,62.94574572201329,60.06179022264563,66.41973203224413,65.18627521384944,66.5519422563657,74.53008990053551,72.67218694565457,110.1008748124346,56.854125460267,50.29464582719232,71.27487557531268,74.4459785667408,65.39192106584078,114.51816357457048,91.6656552725584,87.0964070940275,49.267574814810125,54.13507338748337,60.32541253272201,64.84332766519626,70.86871931858832,53.17464031530995,49.67576902453329,73.07438246136311
2026-03-23,74.78244027546744,81.48186796856776,80.7294774324514,76.36174311169847,76.49102944329977,64.44341626259605,55.91309593334598,64.04583571646101,76.86414649735332,85.70825899122835,55.22748893215977,61.84686493477559,69.71456599026993,68.0799011849781,72.44904455146572,45.02287851764145,47.84211590339577,68.28236126176792,70.42121310461903,62.11053877769839,63.63983098780949,81.00626329003636,65.40126756411411,98.47367172110346,56.06301970680785,53.48461791119492,63.15755080899621,59.21215194800556,66.46933524961482,65.53562670083551,66.79467563005353,74.08504000255542,73.39663266084548,109.00808238722264,56.49960057750919,50.226290879265264,71.48578170775576,74.20476075738479,66.20027312695179,114.85681967999784,91.73503388266215,87.32327129214785,49.62998623782975,54.26557409600916,59.243631064765104,65.55366403009822,70.95358237578533,53.54005819128537,49.47452220674745,71.75163879660032
2026-03-24,73.09748823877297,80.71600144354254,81.14816836502985,77.35929483210644,76.72235944136567,63.768880024347716,55.47638227490296,64.92331739501245,75.86320040510421,87.5287158559705,56.27335711447448,63.181316348649055,69.98047622092892,67.8477880142887,72.70767455208319,45.43381363673003,47.53178182522419,67.53455865876032,70.22154518027139,61.632701817139605,64.43444900308502,80.50845267725562,65.46384821734259,99.44648153950885,56.78514915556539,53.59628144807335,63.40072986459215,58.613021625807974,67.15284458430664,66.36893803093325,65.55698998850774,75.40269980617077,72.88416961267423,109.65820912723584,56.543439641200436,50.19597548368614,71.33830305400052,73.47187470746415,66.5479585424859,114.52874731105626,90.54166504258387,86.42413243140781,48.992672674171345,53.98164739967075,59.53171970240011,65.08915365838078,71.64907967448539,53.47626872033058,49.33154749214477,71.76366927604168
2026-03-25,74.12445870760077,79.61666671448215,82.5034732488704,78.10564526733098,76.70574586642462,64.52776228922278,55.29777413890547,65.10905445233881,75.45357591603926,88.37876027337967,55.87676475603301,63.14886983761968,70.4573583129636,68.5627017806271,72.1130764440374,45.77728484186623,47.067311068060896,66.09784463823925,69.69820323419098,62.14927814032084,64.42657760525962,80.07888420425098,65.50017653906642,99.46875972122714,57.13939555902663,52.739388722257786,63.335870541300956,58.68590957204681,66.24219072545004,65.4599380097464,65.31833359130982,75.4091276198542,72.89294978682766,109.0498212935775,56.206692869931786,49.998004299494276,71.55158159583708,74.39203547291388,65.08661361011028,115.24449107068551,90.4410823878182,86.87967975953273,49.576958679210584,53.57555309566647,60.09654314632804,64.27800448090699,71.74056170320597,53.346736932708005,49.35438315358769,71.05740036088626
2026-03-26,74.44900463209727,80.88968593658763,81.70554123441102,78.2539096697097,77.36506717986461,64.33656595653015,56.05518132002927,64.82988863715424,75.36587840753727,87.50536715612644,55.94754414254371,63.15077882239173,70.90682509941449,68.12788635803827,71.62294166658147,45.98949151736599,47.72954663531165,66.51491719389898,70.99778372106029,62.4953577387506,64.76201040553197,80.62470612944962,66.48222013009513,100.70740405343533,56.52285310853894,53.163305351704985,63.50415957849148,58.57214876167943,65.0781132391031,64.45947378862891,65.08070298253216,74.31274033579115,72.64280549190676,109.83159810588306,55.881103216087794,50.03975135437217,70.79009508185662,74.61462688711885,65.4181834273349,113.61624960370933,89.76361835406982,85.7857121437284,49.83005574557379,53.66349261116895,60.066675500942736,64.19560053389813,71.97253991041168,53.529950912684185,49.11039900308521,70.60719405934164
2026-03-27,74.40509624980294,80.73635548017435,83.40670034311175,77.95407297634857,77.58949182643372,64.63702647799991,56.845771028420224,64.30612578351884,76.382308854598,87.37648312565743,57.36463464643937,63.38018060448819,70.04076301552952,67.99369864641801,72.58644021990968,46.027007172927746,47.701096181278565,66.99488095732556,70.7532650412255,62.36379795541197,64.15310083615805,82.03068117980455,65.67434962922573,100.8782142194816,56.794749419142946,53.156048460473535,62.71287572181602,57.990062880510415,65.41904733439617,63.95872285460153,63.746094020128595,74.60087167530462,72.01175730644864,110.52706898553413,55.768548515574636,49.914901895929106,70.82708420166435,73.76996168877218,64.88040960124326,113.3213171139786,88.74226974928378,86.40025645979884,49.67712378900162,52.89128416266154,59.73182221380377,64.26060101373409,71.65219233193817,53.74440057665571,49.39312123258689,72.32349493694664
2026-03-30,75.26617867234026,79.42596040054556,83.10678283828,77.74649209980213,78.03697186336841,64.03639228338861,56.54457739679884,63.51085122558672,75.92366689754199,86.88422794502544,57.18536072074251,62.632610466685215,70.73196969532664,68.31553359385953,71.54236794149672,46.03896329211193,46.960265515059234,67.90018574380505,71.90456604344068,62.32904774737793,63.608427885788444,81.48758234204341,65.37703250425544,100.77050635249249,57.57846222804852,53.66644340954455,63.32478660277656,58.089065741612615,64.6687018925866,63.46809589523562,63.784813207828215,73.71020016916519,72.23099382304675,111.42054036316411,56.07351051737722,50.16770475477818,69.51750881715742,74.76016454260392,63.871411678398445,113.1483518281551,89.29288045740891,86.7106418264217,49.04637003805398,52.313544177378134,59.90354168593489,64.58971300020158,70.86323226167522,53.95581185820184,48.650322295901674,72.77648781757634
2026-03-31,74.60387587360438,79.48993473826862,83.03418115865588,78.65411949041878,78.22615174396232,63.65389598483863,56.74827359133269,64.886196292186,76.48767997934843,86.83283634688101,56.710637562063724,62.24767351750096,71.21458108460871,67.71306511997587,71.5442915707018,46.705608563165725,47.030943315834044,67.1713926445773,73.48771480288168,63.4373025098791,63.9280186034344,82.53382413642711,65.2027219018236,101.50319358617305,57.335110231370756,52.94394783738892,64.98757203266487,57.277740097096974,64.8614154485535,63.6497959792692,64.11479704116529,73.64412335171832,72.17377355016293,111.57486624235797,56.343236267572564,50.166793536214115,69.47000209150217,73.77899600353174,65.17061612350372,113.75611301868422,89.47961430395117,86.17084939524041,48.55659554145769,52.76537361909621,59.80785495936536,64.9921050968994,69.91150387066989,54.79691852583394,49.09082764874145,72.71751714169
2026-04-01,74.95355952792275,80.08114636681977,81.9314185935497,79.98493260894742,78.60510315031031,63.20728160325576,56.12937634752054,65.52985802916942,76.64936139288213,87.25290521190432,56.72576121719371,61.62660795150643,71.57771380901725,67.57944004425828,71.52877449089412,47.829101978220564,47.44145596499446,67.79680712561607,75.51440841519931,63.68173551202096,64.0045910819753,81.97514777037637,64.90831245242553,99.44644163571124,57.790096112426035,52.27742094527308,65.57689423886383,57.25310106790471,64.94452934949332,63.622834590066226,65.00966327733936,74.54021450517732,72.15292454440075,110.57629895231904,56.86619735945141,49.68025521373723,68.39819407722193,74.14759121712183,65.96957122145454,113.29623595313672,89.84230825719534,85.81340316082313,48.90843954838658,53.346345224849124,59.65084736273488,64.327663928762,68.90025684391323,55.306522294555016,48.536036508520155,72.98854777028411
2026-04-02,75.53852463168958,79.68070263031241,81.79535279552536,80.78802176235082,77.97238184126584,62.63488515325438,55.99796808172428,66.3726459598706,77.8939732568433,87.16675671376333,56.32323972523893,62.28588721646614,70.39278767010711,67.74698141268581,71.49737053190933,48.45194881115626,48.10791084769879,67.16080481709278,75.64113570895663,63.31939949959039,63.81712317051137,82.48281784481306,64.69130190987073,99.63948071711715,58.345960941633045,53.07553954265701,65.76647522178412,57.32056513228846,64.22937170903099,64.63980677012091,65.33271690102309,74.64182619979475,72.21431614835818,110.97581621882256,57.30678327573433,50.127165168022245,69.5088749025783,74.32775743326796,67.13702000724471,114.50095668965541,89.78830107562517,84.39443564104967,48.95030462449595,54.18424848359169,59.190184318964555,64.3807321011912,69.01418718811011,55.83004198491134,48.34817266838937,72.35674756133665
2026-04-03,75.97032531457508,79.09056285921741,80.30768955327814,82.28858747537255,78.69857052418297,63.82572176486303,56.48954254667511,66.82576183343019,78.18235174678755,87.00475262758393,56.61241455270157,61.94225288004892,69.6441369772712,67.52228191179917,72.42674202357561,47.858488189598184,47.526215486151756,67.55910925449751,75.32781617401716,63.62755949224206,64.45195850588415,82.86438268863323,64.2835842603182,100.92602440768748,58.780570224538984,53.089780481199554,65.75228249747917,57.53534114225617,64.0292987982378,63.59395241036201,65.82465819863206,75.15919418873051,70.57158969018599,111.54399277263573,58.32225972088353,49.56508708822302,69.4579496150585,74.19261706332922,68.26107726546314,115.7916723838305,89.00304012012948,84.68365909947269,50.09054729068938,53.84681030211601,59.18358274202771,64.71218214432622,68.59444463028653,56.823168698796735,48.12018541861395,71.35863503432111
2026-04-06,75.57253981657685,79.60873014783122,79.66924569063751,82.53763921070394,79.14253727668732,63.05875628137025,56.17200556497243,67.05937164690394,78.7334473077097,86.53724548181573,56.69840175803359,61.76662582264524,70.1528911853961,67.87391423547211,72.15674495410401,48.08801281902061,47.33052707609039,67.86880659598273,75.6836699638421,65.15422599748807,64.2355948835887,82.74740407539018,63.86886413671533,99.88900104038433,58.5128715776435,53.4440578248289,66.2389726575194,57.705713303531404,63.84020239736144,63.280968483691325,65.22391575196556,74.74180522768056,69.66349044773025,113.06893197640721,59.40363077992261,48.614802805198494,69.65915707660523,74.3952104639399,68.40376131123361,115.1073539542553,89.91777731693719,85.0319806996978,50.611232154429175,53.45114446052895,58.370601075229835,64.99423188317643,67.93708879235182,57.425596629815765,47.107655793966416,71.02507340560194
2026-04-07,75.10850255343718,79.34456857283864,79.8775331517605,82.86533162138798,79.65046481650108,63.53664301263676,56.075738779710804,68.48847031951153,79.83316072194634,86.26768019836827,56.62084964848715,61.56125561901443,70.40821918737106,67.21741752422457,71.58928353018143,47.05698291812298,47.14221474838764,68.59530682253762,75.5686418313982,65.09160254360309,64.41452079839756,81.92222067287773,63.88501619555031,100.78231308876977,58.69252572564949,53.96939388676555,67.08163560924648,58.08933496719869,63.38640797959236,63.06357057878487,66.4959535020482,74.97698969032135,69.78966525074098,112.10075406961705,59.34932437115402,48.96431682980346,69.669499241064,74.00981961744493,68.20746057197603,116.48744031477727,90.52024030835679,85.48730039536106,50.83486064409889,52.82252710537353,58.52978954996979,65.69209512183194,67.76005735023416,57.989642607511726,47.36520078386503,71.6153681343631
2026-04-08,75.14676993094496,80.05115367383098,78.71610796424959,82.8928024847842,80.22041396398521,63.72518096546974,56.693495805544416,68.38096020791721,79.39730402278657,84.86521335990693,56.46650444790294,61.88027407926495,70.9460757009405,66.28347017487123,72.43565442914688,46.600676660864856,47.085137412501574,68.20623308690152,75.88461063297092,65.15286609707867,64.85271472458591,83.44671754081683,64.1396905906251,100.20279459844528,58.96376359966635,55.029450110235715,67.52336743956339,58.64128787361912,62.38430297114188,63.308022598464,66.31797116235391,74.46878272258176,69.77409180060762,112.22259975275246,58.97990650371045,49.056683834286794,69.54873643301421,74.53152354182504,68.362860350131,116.92616793618262,91.41114021314898,85.96303601872404,50.831767745688,51.73158378632907,58.83124713660677,65.09575680534847,67.70164773996822,58.20521111106518,48.000819737807944,72.94698304945246
2026-04-09,74.45768301492308,79.00469037110204,78.97291785270934,83.09400142660581,79.2620349589261,63.71460155071862,57.03327681086997,67.5449234514631,78.61154403950708,84.32030258903593,56.346775618266854,62.31119906795571,70.71482816977043,66.3201462298304,74.08109866094202,46.15715370608828,46.778676248629246,68.67030359208938,76.63809963000587,65.42368203999908,66.03655465887579,83.71204502420045,62.88466494647501,100.30003413936439,58.628049513673254,55.7962473852306,68.17786573982708,57.716443290118136,63.23240261782327,63.905519711821235,66.1031431673553,74.41039090352169,70.75226383183161,110.03178487572667,59.24318772004864,49.59601753201006,69.48706500044564,75.01598834948541,68.43341612638841,116.0130053175613,90.6745801630133,86.57721569961542,50.5096517208226,50.94887559141746,58.90329990025,64.76261793898618,66.89467966010878,58.24698684066386,48.37053542012102,72.96168339437735
2026-04-10,73.66800220918279,79.38625624463977,79.79465685607721,84.95339872823925,80.41314856752082,63.077250656910245,57.524775229926526,67.7184147655288,77.71105830492179,84.55993944850819,57.438326249860225,63.06082974572599,70.00178813503078,66.32924413210239,74.44623338220357,45.36554620609125,45.992258357068216,68.77656913896558,76.76671039577948,64.23165221056213,66.29325665413528,84.6269269368702,62.74753640484858,100.36004332582766,58.96401601970748,56.041747761259195,67.04967334346557,57.19639660730535,62.98258975189667,63.35776470531932,67.08000304889575,74.88400783327992,69.97144845127815,109.79619997732648,59.91666736490502,49.27654193059127,70.08133237803969,76.06080344243284,69.27074415797425,116.2224864869521,91.81606708296056,86.12625513421685,51.78099834150143,51.07173361675069,59.582687648598345,64.52859537150303,67.22959702920005,58.56439967290288,47.923333693951285,72.26572747659748
2026-04-13,73.51750320100967,80.26860583536389,78.34657620196914,84.64570455439639,81.47338711371538,62.30482572040672,58.25061994375634,66.95898170576318,77.00205822050097,84.43554039599843,58.52455301808146,62.65852466121352,68.79913406706899,65.40583845113342,75.14327670323992,44.75510515775111,46.54188833462136,68.82458562489342,76.74194083363855,64.42289979255537,65.7644210830268,84.7436841763702,62.00336059946385,101.72296232736855,58.361382209795856,56.28824465756724,66.3594538286569,56.89223442127916,62.74758019964436,65.27511963846364,67.07031331338396,74.27133349268098,69.66107684889161,108.15649373445903,59.8192108101263,50.1971881180494,70.31722949045832,76.75105061843234,68.64327854845925,115.98639727759125,92.0034734616732,85.5038354777128,51.98854063806565,51.387012741112216,59.90701060110835,64.43117706471139,67.96702734251234,58.413721736235615,47.75645836096239,73.31501087132118
2026-04-14,72.70817696491743,78.91322999541968,77.66961347550114,84.97412368945189,82.525912801273,61.894646959637114,59.31742516056937,66.97719525392685,76.91314945913918,83.72093170159984,59.67779019113183,62.56442659469255,67.88881397546498,67.03321307627658,75.43967634674817,45.11405435489536,47.331135450154214,69.24878890159299,77.49374853950441,64.45790708747168,66.24873046854034,84.71474252907927,61.990830933233156,101.84481468280764,58.13025428433559,56.57286727081489,66.69331257231185,57.360047257104206,63.15020404219332,66.59379319526538,67.78004424386705,74.117564149957,69.97740739802065,109.69526196556083,59.25363500814548,51.21853250164048,69.7746288148058,77.44514111620853,68.64780945655627,115.92733766339964,90.81252372817823,86.28331440229078,51.32303825202171,50.65093891306489,60.60579810949201,65.59462048814648,67.51502987409518,59.002623894712805,48.13837013199766,73.24794462380923
2026-04-15,73.68594109692596,78.78421602449382,78.07262220013304,83.91539460000985,81.53252678493992,62.62246920900739,59.64528866968516,66.88184956334786,78.39462044039938,85.32454677383767,59.9404522903987,61.66030075856342,67.8130930058796,66.47742363566086,75.50723534267433,44.69362405217055,46.768321114410035,67.699549374957,77.62347095631591,62.9930735250679,66.03691443921909,85.3050462908651,61.544810103232315,100.74594430045028,58.090828051644614,56.10603812204702,66.81724900451177,56.770664458242535,63.08425037938413,66.36349762228045,67.7722353376404,75.33946139274444,70.11736965132252,110.2500112907615,58.8845765212027,51.33300890352189,69.58314895155591,77.46811168469682,69.09474499121599,115.34887792225015,90.45176708614794,85.8646387792049,51.064142760442245,50.73876023064666,60.38560493345515,66.58459546507896,69.34831608072591,58.66847283502011,48.280106568571476,74.01222361289396
2026-04-16,73.49038136378667,78.00467502796957,79.4415221448321,84.49316614463518,81.79277764092036,63.53744205284286,60.10647027650621,66.84979740742851,77.63272090895482,84.90465029174253,60.66699676847398,62.082314435979036,67.68662666960942,67.66222364268279,75.38861516846666,45.13716805081479,46.871342985226796,69.02087907164803,78.21021746254203,63.02215751299979,65.9189449566884,85.29193377960424,61.099981069627304,99.37841265415808,58.27045213512725,55.80749911013889,66.45995020402766,56.7202516623876,63.11720374796151,66.36839278208478,68.96061581163178,75.84015091792102,71.6110006858963,109.76708513363135,59.34788023503075,51.13656853904713,69.19378916758004,79.14818190498548,68.56602816763791,112.80311082822756,89.81367577250869,84.15739974650674,50.58066044827753,50.30494899844255,60.406913799442904,65.23377036307852,70.18266809159785,57.578244702677495,48.218467715705785,73.77269785620314
2026-04-17,74.09944448573931,78.27937778376642,80.3900095955959,84.1883140948974,81.41353033406928,63.80026095895125,60.72828155619465,67.40363606058911,77.88295646998034,85.10242155622504,60.64498524104742,62.33733090726695,69.07811507127414,67.4982920063966,75.1143312559501,44.93852630595068,47.05420299868627,67.57185845805134,78.10465671293188,63.57961115498036,65.57297028037064,85.4513265193391,62.402473311024174,99.70849832564787,56.980145023090145,55.026198563977424,66.29334275065689,56.26614713435386,63.18249007834365,66.1731750840067,69.76945256410775,75.01698341423388,71.46256235946721,110.00582268721158,59.550682012686984,51.21169484190784,67.54529247229819,79.21413353282752,68.46273975732777,113.7820770904652,90.46535486602798,84.36033250249837,50.73930921857358,50.9898856714744,61.10578400962324,65.41362729739768,71.70464792656117,57.21767401737492,47.65023987651007,73.76470279938803
2026-04-20,73.82297051988594,76.37311839613791,79.86726758810879,84.47807013768936,81.36630160188614,63.30679481834763,60.75399055723112,67.48664245512536,78.44187349573374,84.55823631470527,61.17725782560862,61.661147264750035,68.73126549653556,68.65488075952938,74.34917612897722,44.643458954596035,46.468240623824435,67.01516503209814,78.21279958021789,64.03041869501487,65.56074984148385,85.17432467789122,61.631750757468865,98.98611697810934,56.10598639742324,55.43299563808183,66.82987513582265,56.24339343057534,63.462026356297585,66.75555376861001,69.8401011963069,76.06974678280646,70.73466629671388,109.62293303339625,59.272788780120955,51.544231430384905,66.58351065677004,80.36947843601627,68.84842822463892,115.79112937244795,90.42865941826359,83.89735640390086,51.0738181449731,51.51808667918232,60.67078725782431,64.11989179130816,70.40701592498614,57.367428024113806,48.389824697649736,72.81135721106257
2026-04-21,73.62217516822885,76.10745971909213,81.41596811632992,86.40788499946454,81.71239704248758,63.87785027062134,61.28497814566225,66.62810416835188,78.99172622400414,83.70045549082765,61.07240686344579,62.36794235424013,68.78691451183286,69.4159862476384,75.32147044856791,43.86595311256595,45.46724180259585,67.79848584925065,79.15891271472736,64.19492827328114,65.81839453477694,85.93837862890933,62.17302731475175,98.68547455014252,56.64484684713993,55.241267528022654,66.99283840125952,56.356005434281684,62.91894595448444,66.26140649019707,71.41796506644954,75.39430809714787,70.99684041911568,110.26037204369273,59.24066198207119,51.891510423547416,66.80291997687937,79.67309633866938,69.21901228381589,115.16212232991391,92.01650268295091,84.25815475193204,50.71747194727628,51.69472985137673,60.11225756325944,64.28539268014882,70.24828803632074,56.895029058708644,47.985320640959706,74.6060267338127
2026-04-22,73.68949090996418,75.77958230518355,80.92495439598541,86.81597028864486,81.19232870232945,63.18244480482237,61.265116208840865,66.6014788433014,78.66298904669769,82.95775452803821,60.83409726167924,62.07572590948639,68.36970991475687,69.60818709226336,77.01710238692465,44.454051953452996,46.3588077520212,67.41469015555228,80.49574031866217,64.34099374345249,66.47081548075118,86.33262353839143,61.959973575679605,99.39807468580855,56.92020211787256,54.27308376573128,66.90973564169333,56.84980843219572,63.09373905416978,66.57321591330904,70.8833246833412,75.5877239813183,70.92847314788816,110.03627179718644,58.839629538805916,52.368424545195516,67.03410217883436,79.8681735542666,70.65320096745064,115.70905416520591,93.12781503698685,84.48843703116314,50.538672166670025,51.15010094941545,60.25753789437764,62.59575946048484,70.43995248528306,57.0747583487102,47.88103362866113,74.53714767732366
2026-04-23,72.77325425104877,76.83689510706117,80.65249390959444,85.97612717922742,81.63575820243173,63.25246198849121,61.04597485102769,66.29314170640782,78.65855360749579,84.08175979333092,61.120413248900675,62.05437039383196,68.95500757638811,69.62735418095987,77.32698807446332,44.52128514514881,46.633030784157064,67.11593567808266,79.58382264500234,64.92712248720834,67.47871869393877,85.39510157961998,62.071162295878025,98.95290622151984,57.425250515473294,54.407111230566706,69.17359431081002,56.67870208871264,64.07116799051987,67.67038500296094,71.26256721716834,75.61575961636377,70.99577198597652,110.04750140895882,59.51025179349537,51.91342678950382,66.92627483348905,79.64311447570776,69.44405547940038,116.70717685945388,94.12296810054805,83.95429140471981,51.06197817670671,50.34643885112562,60.27197401720399,62.51677688346329,70.50178976052354,57.12189025504008,47.84415949003471,74.24867248252207
2026-04-24,72.69418836269276,77.89152411152551,80.18709063117122,87.9372126238899,81.11888013621372,63.404487756346995,61.39567122269357,66.10000942505062,79.75345080854672,84.54143541955868,60.99530429963852,62.91116112427637,68.25831853915619,69.23473411510062,77.76323278660915,44.87954203437967,46.78372209805115,67.03062362764686,79.38396521404495,65.66587982544009,67.64112905795375,84.65349140147401,61.49663649534348,100.46191046878599,57.01397965828316,54.55569885580146,70.1144052777219,56.98679580979499,63.58757192844586,66.9865396656304,72.60763418160799,74.83255937814766,70.60405883559734,110.45819680867193,59.380139123570316,52.21216500250074,65.95112363243908,79.4757220116345,69.9162682883738,117.50475096822876,93.58569736507415,83.10088904917592,51.17122100852397,49.68997797294741,61.051021085674314,62.61526126058434,70.0122327538296,56.522703885043725,47.542235532387046,73.09796938821623
2026-04-27,73.05475526116543,77.26867825942216,80.50821708741425,88.41118812058329,81.90628329618987,63.56437168255308,62.09041785118225,67.02260789837041,79.95965242488033,84.81115168911955,60.65621749778659,62.292893067122414,69.13907495413548,69.65539193171499,78.29917164954611,44.615215737137355,47.54965526602055,66.8775573204636,78.7499774443769,65.2902501391275,68.71229379651535,83.71815642511699,61.03645185448752,103.41641982369953,57.55303510141019,54.1572373732662,69.36024019311772,56.041507223743125,63.64935445095614,67.47599481388022,73.7188145636581,73.42858052370474,69.67445967540576,110.32622230027924,61.05874984112538,52.67676880859109,66.1974481354406,78.50814329220212,68.44965460462478,117.55041006316698,93.4927479250204,82.87863635620508,50.97691828649097,49.31950896385116,60.457068679767644,63.49137795741788,69.39429763142357,56.366832851970905,47.52366055693653,73.61607345114626
2026-04-28,72.43509566135334,78.02812639763769,80.0428880156933,88.26816871313483,83.26320150256987,62.95126418007572,62.539647914240334,67.69931776042125,80.20782998020104,84.71153099921015,61.95939089458891,62.28426896741613,69.28031632175399,69.42137687093486,78.41755689918563,45.047439277718354,47.418928556862596,65.48218626148568,79.15545416004286,64.58998526940934,69.22394969750772,83.71704739148369,61.614815200052654,102.44031239384353,57.24582192250762,53.9733959961089,68.33970796636815,56.66783799638216,62.62314596528768,68.22049537645852,74.03234092112075,73.28270016670479,69.91533289433076,110.67732292068149,60.81474242723627,52.834058860486586,66.68324671487375,77.76998257248134,68.6870345153092,114.50334223943996,91.70600587963027,83.34783146653963,50.76436618203937,48.90038845896322,60.42501953065903,63.240479841108346,68.7116401562431,55.45048306070149,46.59746447773702,74.16195738768398
2026-04-29,72.12970330131078,78.78832686595658,79.69733039577592,88.58205095392609,83.15885119360789,62.97925017674852,62.597859883107745,67.39824876766176,79.22761605878726,85.36302539639387,62.95465169269584,63.326320187076014,68.89806758594985,68.91426092048656,77.98410453021498,44.96829863058021,47.39405865382915,64.83197062913963,77.99278595436667,64.62225105429363,66.82269749124744,83.63282287032756,61.03545177730447,103.24263072006869,57.848701593481344,54.55469170624725,68.10335683140474,56.02821362376824,62.115094712264394,68.41698723962728,72.82384133498772,74.31107970727687,69.68455353012634,111.23228849014906,59.74096539346747,52.347083105550276,65.42450982526373,78.56823033805361,68.57708272784008,115.1593777026956,91.76417847762022,83.73921130760081,50.593354654880876,48.80095510545219,60.369615614239045,63.497524220312144,69.00919824953078,57.03155973906489,47.38767389982268,72.85445815760542
2026-04-30,72.02655556730598,78.4691764718504,80.72411830516721,88.30279603567287,83.54584618247183,61.52445226296626,61.65751267213812,68.82327359246301,79.26743349986991,84.51495060240877,63.10773602711643,62.662955642532346,68.70310505810744,67.92043572074343,77.37144660880956,44.7814682962407,47.92819096233244,65.13351992314976,78.49238196185118,64.60559704072999,67.37481589045986,82.90545551910137,60.589875767964266,103.66429721855681,57.6874436312295,54.547138669261884,67.99166688377807,56.734919349889715,62.93135692647758,67.98992195479431,71.55344829102901,73.78423514204685,69.06230568607641,112.16131944798904,60.29341822887647,51.81011885307512,64.93273634548468,77.41474858845918,68.66929754366224,115.10766383927482,92.49117429932238,84.15654161311357,50.90302064281016,48.05421554829364,59.992686627840605,64.10291825757147,68.63853024886045,56.11084646701401,47.772112387041496,72.43510642325954
2026-05-01,72.79601744467394,78.45472792242828,80.50064525260748,89.51477372424557,82.46458933906877,62.413207108472434,61.26455919256231,68.93511261752337,79.40374803343137,84.15474030691469,62.62861201390733,62.43164211631444,68.00959299767317,69.26616612123924,77.00008270646232,45.30348097649684,48.423033472829694,65.37033831922997,78.38595647105507,64.73091233992885,67.76141917657745,82.98879121004502,59.647982321128445,101.79639120900742,58.564541369837556,53.12874498058036,68.12484674568329,56.60176127025173,63.032632673975705,67.21926044532547,71.80481060395522,73.93639948022268,70.99569174736374,112.30720157146922,61.11181985258823,51.03943749386781,65.59850209820212,77.59011582686458,68.85477524328122,115.43453619959595,94.08292824311653,84.37150278015713,50.50543963152967,47.75914102624765,60.48491167888843,64.39039294514093,67.59603353920235,56.40036069230271,47.257842679768395,72.75325573449523
2026-05-04,72.21196178659987,78.23420270804293,80.06326345705338,90.8848036859097,82.79663815464652,63.205292224890755,63.064224770491265,68.96738548481756,80.60538618958172,83.56816900252431,63.419476571510124,61.92953110647272,67.99707009475298,69.63904073549945,77.53650116559386,44.730623469826625,48.005009952865585,65.77126980317422,78.0982476266044,63.832686191878054,67.71334139802701,82.89011690402135,59.7536019388183,102.33656793288752,58.83788387029165,52.72218778688615,67.84554460018717,57.12934967979801,62.691177158887434,66.95420643387784,70.7327565442923,73.915197213876,71.24124256550766,110.11035118013297,60.46125789811405,50.318929621479136,66.11769319529694,76.12041794173221,68.80061845010962,116.26617849999104,94.25980240246746,84.0011184107039,50.68072849836178,48.25696726885978,60.419857900275765,62.964751624000215,68.376324645205,56.62656380503166,47.24221408805572,71.32664347763854
2026-05-05,71.99686827280918,77.5522695177378,79.09536867014074,90.76087645691426,82.35406268027855,62.90886220582594,63.53239362065953,69.14387233743517,80.2069624922458,83.04967160097506,63.13166271620791,61.77647949180878,68.39536910886189,68.91678338773175,78.6756103227487,44.99296192065318,46.70849713257026,65.82742904075573,78.915288957059,64.08129047118628,67.43470641412351,82.83949332145313,59.860249589583844,103.1271764529543,58.01113544039049,52.4041718719465,68.96640486186145,57.148175315287745,63.6563919860611,68.98332646932427,70.38558157354802,73.03550122268224,71.05232611435149,111.32712982864832,61.21496913459712,51.475250306568235,66.09336271271135,76.49283666884574,68.3126551756422,113.38763597911021,94.2224332574435,83.03752139370641,51.00783772793937,47.35755121665865,59.97480127059678,63.13352094914193,68.63140682969299,56.59970696013723,48.13267742705246,72.4549199946741
2026-05-06,71.50585589162247,78.810501132765,80.50154181585565,90.64849121465176,82.39146248622846,62.87696194469874,63.12392878446457,68.7676040943938,81.2721623130929,83.41370657225515,62.78276132105122,61.20707213170616,67.87881719435251,68.80395210451191,79.39734261052457,44.60764532064733,47.13157342909203,65.95720836711523,79.02809363577677,64.74201694007807,68.00582780550751,81.68413044763761,59.21486068738289,102.89075398644545,58.21800730224257,53.12416771533005,69.01129419778769,58.130147825570525,63.20813358252493,68.61348182482513,70.17075367789657,72.44106725055012,71.88090397068939,108.28586988702536,60.907484417202454,52.06969909934942,65.88726293757267,77.31793624040706,69.83056996049804,113.47881887368823,95.3302940361376,85.07080807352052,51.213348396155965,47.33479513716151,60.51850271964927,63.885603033114435,68.60477251687021,56.326514312860176,48.96644482403939,72.25911156828879
2026-05-07,72.36455694980465,79.01794067397374,81.98579403741228,89.88210199818556,81.69330210473781,63.41653905784514,62.414431622368525,68.84785348145675,82.54038124911652,81.93811947745829,63.035743794537645,61.953257811137185,67.86123365559203,68.16902333477046,79.1891123649337,44.2351652304503,47.16418006248275,65.77495337524628,78.62351279453578,65.04451466035525,69.08824225161032,81.95234747745684,60.01587984076886,104.52811031087523,57.877476829302545,53.27038486104738,68.71865455191319,57.274917408110504,63.4334038618145,67.8953498740318,70.511417192898,71.32269537425411,72.00392042923306,106.59827647986621,61.31930449159144,51.86526963472892,65.56534068503163,78.19385089067613,69.60637634230305,113.60468284606702,95.14114052897304,85.50354782069975,51.750270446509916,47.73199874451704,60.23673984941955,64.66269823670643,67.97898334151836,55.90984887855257,48.90390531873938,73.01949317049005
2026-05-08,71.52271706591026,79.72552238929353,81.94092148134453,89.49309742158881,82.59507719163007,62.9095504451347,63.857451965667536,68.72634674912085,82.66415387140388,83.21215010007225,63.14673998497771,62.69419647998157,66.54865630898739,67.86797596000238,79.50390635666864,44.71612877261583,47.52860180483339,66.22111959326456,79.46219532784194,65.35422389595864,67.6233082676789,83.14283085883153,59.515247559543006,104.8564512149959,57.982332686425885,53.295602432838905,67.96278608677659,56.17522670059031,62.80073695888896,68.45865125347909,69.49872618151787,70.69761054741815,72.30556046794028,105.50866653000266,60.987213641375824,51.90772395067186,65.75091849742626,77.37925735627277,69.70455076794389,114.05870536637323,93.93748178369088,85.6874436603837,51.38076218541845,47.791182598323026,60.67387758834967,64.5488247836873,68.60275834658044,56.353744663638295,49.34989102218953,73.31443607818237
2026-05-11,72.31436455769013,80.03313354964357,80.58607873603181,88.78704875057207,82.420773433727,62.85470274028102,64.08630392402883,68.17398982988017,84.34142527750448,83.12693599971709,63.1418855789913,62.27508288854402,65.88426132387953,67.782310664944,79.52581327624775,44.67728550555808,48.321820678195074,66.13752892915741,79.39394336835093,65.8892319129372,67.50772678323966,83.59246406233308,58.75886844242999,103.53200979627024,58.05314829880881,53.17230329163654,67.41516847308611,56.24371890941483,62.9321907461129,67.97438635051213,69.13910335278453,70.85091925799678,71.57102046765054,104.87328040853401,61.313716687824346,51.89535268449056,65.43790070334701,76.68361481865814,69.00186221841098,113.90852572663786,95.85988545643642,86.17362585083146,50.70047013454951,48.130367539914985,60.21517437688539,64.54568948031977,68.19997082152595,57.50524954465121,48.79337173327705,73.54472004587149
2026-05-12,71.82047132049448,80.6266305746981,80.8229089862742,89.90794543816261,83.01478196200361,62.420292221856776,65.98270746168465,68.55369951298988,83.87826553399655,83.29797114347099,63.54146484086712,62.64534249665772,66.21187763469732,68.44059055578491,80.21923903757238,44.300216162992164,49.35128349548565,67.45260639667899,80.03241453523958,65.91473381678846,67.54546461632924,83.32225907676747,58.64476141037663,101.29256311880161,58.9483463860479,53.802082918636195,66.29425064774698,56.74651530538131,62.927335961631535,67.83922052456357,69.48069060322653,69.62683607854183,71.56296976599201,104.9566680603034,61.363062784587285,51.19051948172088,65.73100761126332,77.50064110417159,69.28350172778983,113.64776009167076,98.4725673034819,85.38055813597875,51.09413401685779,48.24759860695107,61.43916609712798,64.79580316090832,68.61119332761466,57.79679994546707,48.27970341582611,72.90847246713247
2026-05-13,71.62275799349082,81.40224294766767,81.0115242939,89.72226634689693,84.1617620670166,61.19503879344032,65.13320614745524,66.86337609439464,84.8979233380326,83.21743918148611,64.15843686601247,62.57693461718292,66.89282448103135,68.35389547766914,80.5487417367401,44.417107153164245,49.518228110909725,68.59863221780019,78.74285072719645,65.86967451807617,67.67932847295931,83.36250262311974,58.411886167408724,100.75238079740845,59.85719979028911,53.76404695124343,67.93033138636784,57.04708617271981,62.74532715719543,68.21519154105155,69.55641915305358,70.56752561380051,70.73217313488833,103.08312689895718,61.58497207291636,51.62010908440546,65.91920504928154,78.02356999195756,69.64850086590837,111.97771063732407,98.7499010636203,86.5122675288723,51.18197227189726,47.61969683938043,61.23438908932764,65.15756428579965,69.85432430898169,56.67708299613512,48.454420588856266,72.23197226939567
2026-05-14,71.98733087744412,81.88215994634888,80.82286818854652,90.29074482839967,85.1266070537364,61.09441189887295,64.26806782756074,67.82338879308408,85.60439125284779,83.68790774948754,63.71665151707981,63.1966385575429,68.27310833563743,68.27102541646252,80.62489038924721,43.946491207448155,49.1632024722799,67.8654387081462,78.84593152838491,65.64558657023274,67.93210807195008,82.62229761831476,58.314095176777606,99.7962361861565,59.96958024825139,52.89356720252141,68.0333771108204,56.888300065671935,62.85897646803195,67.09735491665218,70.01330996730289,70.35702473131808,70.88590850574528,101.17330903920046,60.82437104168541,51.41910345173822,66.83218845538251,78.43605241673336,69.73901565056983,110.94746019325865,97.6634859151888,86.75193958754166,51.54185824302163,47.719313723463664,62.290225349637254,64.71440277363644,69.97973440951087,55.72551950183594,48.55678945753417,73.30116550388105
2026-05-15,71.24146729197413,82.57462709223098,81.9959901191817,89.67014068006931,85.52502643751453,62.06714116719313,64.41636058452359,68.35906994365092,84.0992028149695,84.1891338277898,64.04707187846952,62.3640502581544,67.61789546921673,68.68463147696252,80.38119827680192,44.43787599893639,49.31620336664804,67.9037633432323,78.71165387035369,65.83800091637634,68.4797526244727,83.06455677818259,58.067942494569515,101.04084485190141,60.3652965983631,53.097724138254506,68.0957904085722,57.17348219405819,61.718082489474824,67.25946256866699,71.17112551612563,70.51197118718807,70.94510686667148,100.57222582816215,61.124808872568615,51.318895712025906,67.71297564326998,77.76157985394013,69.42429492689975,110.28280014826426,99.47173597753894,86.58747029789545,51.260141651823396,46.73205212948104,61.72510875477707,65.05692362468794,70.34730322338989,55.36381212084669,48.268417780544105,74.67722951566151
2026-05-18,73.18854007050803,83.52952658765751,83.28455717706827,91.27273265827411,87.44016715174868,61.88002579471728,63.853089462328285,69.62398713541204,83.29213673189881,83.32760610161017,63.40622002444104,62.282159992220265,66.2893277514395,67.7073252113841,79.88250827718568,43.909597396058516,49.84293762649814,67.90827787232327,79.16715026069936,66.14653412102213,68.33830121622844,83.88941246796001,58.33108992799518,100.71964215242355,59.35731002709913,53.374902846098514,67.24228983479549,57.39131723158069,61.76679020507265,66.35068097383153,71.35526740466801,70.64700342370091,71.08354747928298,100.72017261174331,60.72733578416732,51.62340284443358,67.24894075274982,76.93043468546679,69.89423803439037,111.32037252693327,100.07656312419361,86.40825123922325,50.275547579833066,47.42963157336166,60.530043148372094,65.4393165720189,71.847571877494,55.446624317076676,48.40919626044945,74.96103381609747
2026-05-19,73.33371965505157,85.51624141888078,82.58528322207468,90.3928182397907,87.15426808827237,62.96668383401902,63.485796357698156,69.92422342738465,84.18899678143868,83.97924930570436,64.05503929001667,63.17160372360499,66.49396770029941,67.39857573293224,80.00019702840422,43.76097248764644,51.115732866155575,67.54752156153398,79.55056469604253,65.16117648895802,68.42912735334625,83.6489081442624,58.72655913727186,101.42893111606706,60.2043895819502,54.09362516791719,67.1977196601479,56.851872813071694,61.25802009669519,66.5518540424803,71.46794497920831,70.8294560268615,70.70418799169398,102.17821328830632,59.839567191432685,51.31948277914823,66.5284846387866,76.76983856213648,70.77096929340652,111.00050424743162,100.17816969928958,86.98412234942393,50.1072477707959,47.61145810228457,60.68201617407275,64.70349091873865,71.5147458199127,55.64357905005459,49.033891452166145,75.92765904605051
2026-05-20,74.88663195317203,85.93239543980239,82.24465065339834,90.33502840561871,87.05517357157984,62.71037825493878,63.729384726832336,70.22518576002089,83.20659888338017,84.89807647741488,62.889213759256535,63.031214534161116,67.26260157913894,67.8091946734454,79.71512638080343,44.631086198948736,50.891280310650686,66.208699295944,79.91153819328454,64.01252090737192,67.86253311475366,84.17145734092477,58.45653597670479,102.01955006945556,59.51118469664445,54.56000716822522,66.07099517829276,57.60650404617515,60.96751728615439,67.57870976000352,70.86976552647374,72.20596155984643,70.03031334519453,100.36153246150042,59.86536556488041,51.956682976185256,67.05666991469252,77.66786148080482,71.34691321164314,110.09372684074748,100.94890185508389,87.0649106418004,49.75287995686767,47.69692782228712,60.64784616528532,65.62620487031572,71.14747885982553,55.33195080139045,48.6925156198691,77.38163797797353
2026-05-21,74.40688900865466,87.05405694560162,81.40074903580098,90.79384844374522,87.2840018005964,63.488617694836115,64.42679017750703,70.28271674821924,82.76091417304411,86.2889072820867,62.48991552477282,61.617926002221836,66.02402760785534,66.72283091376008,80.1914030084297,45.63045161548215,49.863635617848274,65.6926018930187,79.98271175200098,65.0095234032199,67.32991984039099,84.67021403758153,58.310525120060774,104.71434076928617,59.597264529211316,54.7544165295226,66.1266880490508,57.36811224279651,61.54938882974452,66.79997548371432,69.46508695008296,72.09759348887845,70.60379053153831,99.7803452035799,59.97711297777576,51.32630498653713,67.77305618852661,78.17583973178101,71.36099014688824,110.27964455770396,99.55185995476097,85.89838316795422,49.69222271607834,47.942594040288085,60.99109738063901,65.38845749147339,71.67977812555837,56.12371380209598,48.649360359314834,77.62163237737376
2026-05-22,74.25239183659701,86.94417159014317,81.53889275291657,92.35355287817623,88.08655885504295,64.01468340633622,64.13512042887494,69.65428130273882,83.08392597929668,87.36882330434531,63.576203155372745,60.125044156795035,67.65915087317077,67.00163729930519,80.92360960289777,44.843374468317755,49.74564557248297,66.23538216479294,79.04861402672857,63.158703336748054,67.55619469502808,84.62807344035407,59.15706241747528,104.54701701795113,59.54560490324088,55.13776147777409,66.8136647909045,56.96295411836289,62.133476049955824,66.45236500447716,69.47656464460069,72.5828279147965,71.203017400832,100.09846696190125,59.33251597404021,50.37529324208121,67.64579230852512,78.93884932611388,71.6826213353246,110.54688096765905,99.54486513285823,86.16430743050888,49.20068393414272,48.31810600189421,61.50945934833635,65.15656701290989,71.99370967841114,55.168543928733946,48.73703142005026,77.51836712804136
2026-05-25,75.19331415727008,86.77163471322389,82.2502774789106,91.9929968240587,86.09565514296395,63.87046973284043,64.26143515734014,69.75942536026861,83.22191864235234,86.92745882504063,63.370722232804276,59.451629027202344,66.32166106375414,66.930345978736,80.32280575442313,45.330233086122156,48.671960120728215,66.42842033101437,80.74353550898095,63.043325415854724,67.55433821504552,84.9896527410841,59.45627546702934,104.12080592777492,58.948225563467496,55.498834230778826,65.5509044832784,57.43899407659022,61.890514278957085,66.4544151939577,69.11234836536893,73.62886894942847,71.38054147341384,99.77692970079038,59.12527256937049,50.300713911974604,69.28681002115485,77.90597181845264,72.46307775379186,111.17669094113634,101.08953061525814,86.70804692708035,49.202338581146634,48.81348624524211,61.65095140000738,65.65033195379809,73.02931561191053,55.21960947040531,48.530637041341805,77.02089778513894
2026-05-26,75.53285473075009,86.0129696831114,81.96306456054779,91.10719361207165,86.53442731776325,63.39186648638332,63.439859200855444,68.98884245396732,82.74800247930384,86.51094658501351,63.530270099965136,59.355618957402946,66.56771262985082,67.23262303809749,80.91980339292263,44.473609181903804,48.12639903371044,66.79804737299102,80.9144178779467,63.662234678756256,66.51929848475037,84.58677841538417,59.280319872933916,104.29437800019272,58.96937843345519,55.75977846868428,65.47579084331367,58.232683815754285,62.94611343419048,65.71566039542552,69.14353281547068,74.21877368121376,71.79957692565453,99.37082455433891,59.27615431808171,49.51049597220341,69.27354849349328,76.77657441217919,72.83211145871388,109.94290290422319,101.25447450647466,86.98525737581143,49.2396795510843,48.505980689888,61.521393694219896,66.43030638638272,72.719884403812,55.2314443598392,48.2611747516352,77.81086355611987
